point_id,phi1_inf,phi2_inf,state,z,phi1,phi2
A,0.12985964912280704,0.14731505515757057,state0,0.0,0.17077739112380816,0.36978558133404493
A,0.12985964912280704,0.14731505515757057,state0,0.01001001001001001,0.1732215807018247,0.3660832160385781
A,0.12985964912280704,0.14731505515757057,state0,0.02002002002002002,0.1755534476347092,0.3624802636311504
A,0.12985964912280704,0.14731505515757057,state0,0.03003003003003003,0.17777712436199797,0.35897347093114107
A,0.12985964912280704,0.14731505515757057,state0,0.04004004004004004,0.17989658093899535,0.35555969200474613
A,0.12985964912280704,0.14731505515757057,state0,0.050050050050050046,0.18191563284172657,0.3522358846870999
A,0.12985964912280704,0.14731505515757057,state0,0.06006006006006006,0.18383794825344735,0.34899910722237054
A,0.12985964912280704,0.14731505515757057,state0,0.07007007007007007,0.18566705488202528,0.3458465150169261
A,0.12985964912280704,0.14731505515757057,state0,0.08008008008008008,0.1874063463512973,0.3427753575009687
A,0.12985964912280704,0.14731505515757057,state0,0.09009009009009009,0.18905908820424566,0.33978297509431526
A,0.12985964912280704,0.14731505515757057,state0,0.10010010010010009,0.19062842355135245,0.3368667962722504
A,0.12985964912280704,0.14731505515757057,state0,0.11011011011011011,0.19211737839365614,0.3340243347276115
A,0.12985964912280704,0.14731505515757057,state0,0.12012012012012012,0.1935288666467392,0.3312531866254721
A,0.12985964912280704,0.14731505515757057,state0,0.13013013013013014,0.19486569488903135,0.3285510279469846
A,0.12985964912280704,0.14731505515757057,state0,0.14014014014014015,0.19613056685534824,0.32591561191912066
A,0.12985964912280704,0.14731505515757057,state0,0.15015015015015015,0.19732608769444462,0.323344766527211
A,0.12985964912280704,0.14731505515757057,state0,0.16016016016016016,0.19845476800748846,0.3208363921073364
A,0.12985964912280704,0.14731505515757057,state0,0.17017017017017017,0.19951902768272628,0.3183884590157645
A,0.12985964912280704,0.14731505515757057,state0,0.18018018018018017,0.20052119954016964,0.3159990053727544
A,0.12985964912280704,0.14731505515757057,state0,0.19019019019019018,0.20146353279886328,0.3136661348781732
A,0.12985964912280704,0.14731505515757057,state0,0.20020020020020018,0.20234819637817336,0.31138801469648214
A,0.12985964912280704,0.14731505515757057,state0,0.21021021021021022,0.2031772820435382,0.30916287340875404
A,0.12985964912280704,0.14731505515757057,state0,0.22022022022022023,0.20395280740623828,0.3069889990294837
A,0.12985964912280704,0.14731505515757057,state0,0.23023023023023023,0.2046767187859516,0.3048647370860443
A,0.12985964912280704,0.14731505515757057,state0,0.24024024024024024,0.20535089394415335,0.30278848875873055
A,0.12985964912280704,0.14731505515757057,state0,0.2502502502502503,0.20597714469578587,0.3007587090794108
A,0.12985964912280704,0.14731505515757057,state0,0.2602602602602603,0.20655721940605312,0.2987739051868869
A,0.12985964912280704,0.14731505515757057,state0,0.2702702702702703,0.2070928053786811,0.2968326346371339
A,0.12985964912280704,0.14731505515757057,state0,0.2802802802802803,0.20758553114152103,0.29493350376665994
A,0.12985964912280704,0.14731505515757057,state0,0.2902902902902903,0.20803696863495147,0.2930751661072928
A,0.12985964912280704,0.14731505515757057,state0,0.3003003003003003,0.20844863530815383,0.29125632085075814
A,0.12985964912280704,0.14731505515757057,state0,0.3103103103103103,0.2088219961279894,0.28947571136147815
A,0.12985964912280704,0.14731505515757057,state0,0.3203203203203203,0.20915846550488873,0.28773212373606943
A,0.12985964912280704,0.14731505515757057,state0,0.3303303303303303,0.2094594091398751,0.28602438540807557
A,0.12985964912280704,0.14731505515757057,state0,0.34034034034034033,0.2097261457965813,0.28435136379651943
A,0.12985964912280704,0.14731505515757057,state0,0.35035035035035034,0.20995994900187337,0.2827119649969078
A,0.12985964912280704,0.14731505515757057,state0,0.36036036036036034,0.21016204867847582,0.2811051325133668
A,0.12985964912280704,0.14731505515757057,state0,0.37037037037037035,0.21033363271278438,0.27952984603063197
A,0.12985964912280704,0.14731505515757057,state0,0.38038038038038036,0.21047584846086717,0.2779851202246575
A,0.12985964912280704,0.14731505515757057,state0,0.39039039039039036,0.2105898041954772,0.27647000361065
A,0.12985964912280704,0.14731505515757057,state0,0.40040040040040037,0.21067657049674063,0.2749835774273709
A,0.12985964912280704,0.14731505515757057,state0,0.41041041041041043,0.2107371815890339,0.27352495455658926
A,0.12985964912280704,0.14731505515757057,state0,0.42042042042042044,0.21077263662642615,0.27209327847660053
A,0.12985964912280704,0.14731505515757057,state0,0.43043043043043044,0.21078390092893187,0.2706877222487642
A,0.12985964912280704,0.14731505515757057,state0,0.44044044044044045,0.21077190717170238,0.26930748753604355
A,0.12985964912280704,0.14731505515757057,state0,0.45045045045045046,0.2107375565291696,0.26795180365256366
A,0.12985964912280704,0.14731505515757057,state0,0.46046046046046046,0.2106817197760541,0.26661992664323486
A,0.12985964912280704,0.14731505515757057,state0,0.47047047047047047,0.21060523834705086,0.26531113839251746
A,0.12985964912280704,0.14731505515757057,state0,0.4804804804804805,0.2105089253569149,0.26402474576143314
A,0.12985964912280704,0.14731505515757057,state0,0.4904904904904905,0.21039356658258512,0.2627600797519547
A,0.12985964912280704,0.14731505515757057,state0,0.5005005005005005,0.21025992140890296,0.26151649469793387
A,0.12985964912280704,0.14731505515757057,state0,0.5105105105105106,0.2101087237394088,0.2602933674817513
A,0.12985964912280704,0.14731505515757057,state0,0.5205205205205206,0.20994068287362813,0.25909009677589845
A,0.12985964912280704,0.14731505515757057,state0,0.5305305305305306,0.2097564843521931,0.2579061023087255
A,0.12985964912280704,0.14731505515757057,state0,0.5405405405405406,0.20955679077108233,0.2567408241536113
A,0.12985964912280704,0.14731505515757057,state0,0.5505505505505506,0.20934224256620423,0.25559372204083525
A,0.12985964912280704,0.14731505515757057,state0,0.5605605605605606,0.20911345876949147,0.2544642746914523
A,0.12985964912280704,0.14731505515757057,state0,0.5705705705705706,0.2088710377376241,0.25335197917249347
A,0.12985964912280704,0.14731505515757057,state0,0.5805805805805806,0.20861555785444727,0.2522563502728347
A,0.12985964912280704,0.14731505515757057,state0,0.5905905905905906,0.20834757820810396,0.25117691989909574
A,0.12985964912280704,0.14731505515757057,state0,0.6006006006006006,0.2080676392438581,0.25011323649095285
A,0.12985964912280704,0.14731505515757057,state0,0.6106106106106106,0.2077762633935411,0.24906486445526402
A,0.12985964912280704,0.14731505515757057,state0,0.6206206206206206,0.20747395568251628,0.24803138361842594
A,0.12985964912280704,0.14731505515757057,state0,0.6306306306306306,0.2071612043150152,0.24701238869639927
A,0.12985964912280704,0.14731505515757057,state0,0.6406406406406406,0.20683848123866758,0.2460074887818545
A,0.12985964912280704,0.14731505515757057,state0,0.6506506506506506,0.20650624268900838,0.24501630684790843
A,0.12985964912280704,0.14731505515757057,state0,0.6606606606606606,0.20616492971471675,0.2440384792679371
A,0.12985964912280704,0.14731505515757057,state0,0.6706706706706707,0.2058149686843072,0.2430736553509652
A,0.12985964912280704,0.14731505515757057,state0,0.6806806806806807,0.20545677177496738,0.24212149689215
A,0.12985964912280704,0.14731505515757057,state0,0.6906906906906907,0.20509073744420558,0.24118167773788848
A,0.12985964912280704,0.14731505515757057,state0,0.7007007007007007,0.20471725088494652,0.2402538833650942
A,0.12985964912280704,0.14731505515757057,state0,0.7107107107107107,0.20433668446468797,0.23933781047420175
A,0.12985964912280704,0.14731505515757057,state0,0.7207207207207207,0.20394939814930532,0.23843316659547165
A,0.12985964912280704,0.14731505515757057,state0,0.7307307307307307,0.20355573991206985,0.23753966970817972
A,0.12985964912280704,0.14731505515757057,state0,0.7407407407407407,0.20315604612842258,0.23665704787228958
A,0.12985964912280704,0.14731505515757057,state0,0.7507507507507507,0.2027506419570255,0.2357850388722175
A,0.12985964912280704,0.14731505515757057,state0,0.7607607607607607,0.2023398417075908,0.23492338987231146
A,0.12985964912280704,0.14731505515757057,state0,0.7707707707707707,0.20192394919597062,0.23407185708367775
A,0.12985964912280704,0.14731505515757057,state0,0.7807807807807807,0.20150325808696926,0.23323020544199924
A,0.12985964912280704,0.14731505515757057,state0,0.7907907907907907,0.20107805222532454,0.23239820829600077
A,0.12985964912280704,0.14731505515757057,state0,0.8008008008008007,0.20064860595528564,0.23157564710622713
A,0.12985964912280704,0.14731505515757057,state0,0.8108108108108109,0.2002151844292002,0.23076231115380952
A,0.12985964912280704,0.14731505515757057,state0,0.8208208208208209,0.19977804390550685,0.22995799725890687
A,0.12985964912280704,0.14731505515757057,state0,0.8308308308308309,0.19933743203651444,0.22916250950851644
A,0.12985964912280704,0.14731505515757057,state0,0.8408408408408409,0.19889358814633593,0.22837565899335915
A,0.12985964912280704,0.14731505515757057,state0,0.8508508508508509,0.19844674349932934,0.22759726355355347
A,0.12985964912280704,0.14731505515757057,state0,0.8608608608608609,0.19799712155938667,0.2268271475327999
A,0.12985964912280704,0.14731505515757057,state0,0.8708708708708709,0.19754493824039815,0.22606514154080742
A,0.12985964912280704,0.14731505515757057,state0,0.8808808808808809,0.19709040214820697,0.22531108222370125
A,0.12985964912280704,0.14731505515757057,state0,0.8908908908908909,0.19663371481435815,0.2245648120421594
A,0.12985964912280704,0.14731505515757057,state0,0.9009009009009009,0.19617507092193454,0.22382617905703237
A,0.12985964912280704,0.14731505515757057,state0,0.9109109109109109,0.1957146585237608,0.22309503672220968
A,0.12985964912280704,0.14731505515757057,state0,0.9209209209209209,0.19525265925324745,0.22237124368450273
A,0.12985964912280704,0.14731505515757057,state0,0.9309309309309309,0.19478924852813553,0.2216546635903203
A,0.12985964912280704,0.14731505515757057,state0,0.9409409409409409,0.19432459574739475,0.22094516489892216
A,0.12985964912280704,0.14731505515757057,state0,0.950950950950951,0.1938588644815163,0.22024262070203993
A,0.12985964912280704,0.14731505515757057,state0,0.960960960960961,0.19339221265643547,0.21954690854966308
A,0.12985964912280704,0.14731505515757057,state0,0.970970970970971,0.1929247927313084,0.21885791028179322
A,0.12985964912280704,0.14731505515757057,state0,0.980980980980981,0.19245675187035993,0.21817551186597578
A,0.12985964912280704,0.14731505515757057,state0,0.990990990990991,0.1919882321090127,0.217499603240425
A,0.12985964912280704,0.14731505515757057,state0,1.001001001001001,0.19151937051449772,0.21683007816256253
A,0.12985964912280704,0.14731505515757057,state0,1.011011011011011,0.19105029934114162,0.21616683406279694
A,0.12985964912280704,0.14731505515757057,state0,1.021021021021021,0.19058114618051755,0.2155097719033756
A,0.12985964912280704,0.14731505515757057,state0,1.031031031031031,0.19011203410664018,0.21485879604214636
A,0.12985964912280704,0.14731505515757057,state0,1.0410410410410411,0.18964308181637865,0.21421381410107088
A,0.12985964912280704,0.14731505515757057,state0,1.0510510510510511,0.18917440376525546,0.2135747368393371
A,0.12985964912280704,0.14731505515757057,state0,1.0610610610610611,0.1887061102987928,0.21294147803092286
A,0.12985964912280704,0.14731505515757057,state0,1.0710710710710711,0.18823830777956202,0.21231395434646635
A,0.12985964912280704,0.14731505515757057,state0,1.0810810810810811,0.18777109871008668,0.21169208523930513
A,0.12985964912280704,0.14731505515757057,state0,1.0910910910910911,0.18730458185174392,0.21107579283554864
A,0.12985964912280704,0.14731505515757057,state0,1.1011011011011012,0.18683885233980405,0.21046500182805336
A,0.12985964912280704,0.14731505515757057,state0,1.1111111111111112,0.18637400179474217,0.20985963937417476
A,0.12985964912280704,0.14731505515757057,state0,1.1211211211211212,0.18591011842995284,0.20925963499717276
A,0.12985964912280704,0.14731505515757057,state0,1.1311311311311312,0.18544728715599182,0.20866492049115248
A,0.12985964912280704,0.14731505515757057,state0,1.1411411411411412,0.18498558968146617,0.208075429829425
A,0.12985964912280704,0.14731505515757057,state0,1.1511511511511512,0.18452510461068886,0.20749109907617638
A,0.12985964912280704,0.14731505515757057,state0,1.1611611611611612,0.18406590753820995,0.2069118663013377
A,0.12985964912280704,0.14731505515757057,state0,1.1711711711711712,0.18360807114033276,0.20633767149855056
A,0.12985964912280704,0.14731505515757057,state0,1.1811811811811812,0.1831516652637189,0.20576845650612738
A,0.12985964912280704,0.14731505515757057,state0,1.1911911911911912,0.1826967570111831,0.20520416493090768
A,0.12985964912280704,0.14731505515757057,state0,1.2012012012012012,0.1822434108247745,0.20464474207491587
A,0.12985964912280704,0.14731505515757057,state0,1.2112112112112112,0.18179168856623798,0.20409013486472774
A,0.12985964912280704,0.14731505515757057,state0,1.2212212212212212,0.1813416495949458,0.2035402917834565
A,0.12985964912280704,0.14731505515757057,state0,1.2312312312312312,0.1808933508433859,0.20299516280527208
A,0.12985964912280704,0.14731505515757057,state0,1.2412412412412412,0.18044684689029158,0.20245469933236965
A,0.12985964912280704,0.14731505515757057,state0,1.2512512512512513,0.18000219003149234,0.20191885413430594
A,0.12985964912280704,0.14731505515757057,state0,1.2612612612612613,0.1795594303485644,0.20138758128962533
A,0.12985964912280704,0.14731505515757057,state0,1.2712712712712713,0.17911861577535612,0.20086083612969866
A,0.12985964912280704,0.14731505515757057,state0,1.2812812812812813,0.17867979216246008,0.2003385751847015
A,0.12985964912280704,0.14731505515757057,state0,1.2912912912912913,0.17824300333970222,0.19982075613166025
A,0.12985964912280704,0.14731505515757057,state0,1.3013013013013013,0.17780829117671537,0.19930733774449647
A,0.12985964912280704,0.14731505515757057,state0,1.3113113113113113,0.1773756956416617,0.19879827984600262
A,0.12985964912280704,0.14731505515757057,state0,1.3213213213213213,0.17694525485816692,0.19829354326168422
A,0.12985964912280704,0.14731505515757057,state0,1.3313313313313313,0.17651700516052685,0.1977930897754049
A,0.12985964912280704,0.14731505515757057,state0,1.3413413413413413,0.17609098114724392,0.19729688208677415
A,0.12985964912280704,0.14731505515757057,state0,1.3513513513513513,0.17566721573295044,0.19680488377021776
A,0.12985964912280704,0.14731505515757057,state0,1.3613613613613613,0.1752457401987721,0.1963170592356744
A,0.12985964912280704,0.14731505515757057,state0,1.3713713713713713,0.1748265842411843,0.19583337369086254
A,0.12985964912280704,0.14731505515757057,state0,1.3813813813813813,0.1744097760194115,0.19535379310506376
A,0.12985964912280704,0.14731505515757057,state0,1.3913913913913913,0.17399534220141794,0.1948782841743711
A,0.12985964912280704,0.14731505515757057,state0,1.4014014014014013,0.1735833080085368,0.1944068142883512
A,0.12985964912280704,0.14731505515757057,state0,1.4114114114114114,0.17317369725878232,0.19393935149807184
A,0.12985964912280704,0.14731505515757057,state0,1.4214214214214214,0.1727665324088893,0.1934758644854479
A,0.12985964912280704,0.14731505515757057,state0,1.4314314314314314,0.17236183459512086,0.19301632253385914
A,0.12985964912280704,0.14731505515757057,state0,1.4414414414414414,0.1719596236728855,0.1925606954999959
A,0.12985964912280704,0.14731505515757057,state0,1.4514514514514514,0.17155991825520248,0.19210895378689022
A,0.12985964912280704,0.14731505515757057,state0,1.4614614614614614,0.17116273575005267,0.19166106831808935
A,0.12985964912280704,0.14731505515757057,state0,1.4714714714714714,0.17076809239665153,0.19121701051293333
A,0.12985964912280704,0.14731505515757057,state0,1.4814814814814814,0.1703760033006788,0.19077675226289562
A,0.12985964912280704,0.14731505515757057,state0,1.4914914914914914,0.16998648246849915,0.1903402659089505
A,0.12985964912280704,0.14731505515757057,state0,1.5015015015015014,0.1695995428404055,0.1899075242199298
A,0.12985964912280704,0.14731505515757057,state0,1.5115115115115114,0.169215196322917,0.18947850037183378
A,0.12985964912280704,0.14731505515757057,state0,1.5215215215215214,0.16883345382016182,0.18905316792806204
A,0.12985964912280704,0.14731505515757057,state0,1.5315315315315314,0.16845432526437323,0.18863150082053082
A,0.12985964912280704,0.14731505515757057,state0,1.5415415415415414,0.16807781964552826,0.18821347333164487
A,0.12985964912280704,0.14731505515757057,state0,1.5515515515515514,0.16770394504015465,0.1877990600770927
A,0.12985964912280704,0.14731505515757057,state0,1.5615615615615615,0.1673327086393336,0.18738823598943483
A,0.12985964912280704,0.14731505515757057,state0,1.5715715715715715,0.1669641167759224,0.18698097630245622
A,0.12985964912280704,0.14731505515757057,state0,1.5815815815815815,0.1665981749510219,0.1865772565362543
A,0.12985964912280704,0.14731505515757057,state0,1.5915915915915915,0.1662348878597123,0.18617705248303548
A,0.12985964912280704,0.14731505515757057,state0,1.6016016016016015,0.16587425941607944,0.18578034019359368
A,0.12985964912280704,0.14731505515757057,state0,1.6116116116116117,0.16551629277755375,0.18538709596444503
A,0.12985964912280704,0.14731505515757057,state0,1.6216216216216217,0.1651609903685831,0.18499729632559414
A,0.12985964912280704,0.14731505515757057,state0,1.6316316316316317,0.16480835390365914,0.1846109180289082
A,0.12985964912280704,0.14731505515757057,state0,1.6416416416416417,0.1644583844097179,0.18422793803707502
A,0.12985964912280704,0.14731505515757057,state0,1.6516516516516517,0.16411108224793225,0.1838483335131234
A,0.12985964912280704,0.14731505515757057,state0,1.6616616616616617,0.16376644713491545,0.18347208181048344
A,0.12985964912280704,0.14731505515757057,state0,1.6716716716716717,0.16342447816335304,0.18309916046356606
A,0.12985964912280704,0.14731505515757057,state0,1.6816816816816818,0.16308517382208007,0.1827295471788414
A,0.12985964912280704,0.14731505515757057,state0,1.6916916916916918,0.16274853201562012,0.18236321982639653
A,0.12985964912280704,0.14731505515757057,state0,1.7017017017017018,0.16241455008320196,0.1820001564319531
A,0.12985964912280704,0.14731505515757057,state0,1.7117117117117118,0.16208322481726908,0.1816403351693271
A,0.12985964912280704,0.14731505515757057,state0,1.7217217217217218,0.16175455248149706,0.18128373435331227
A,0.12985964912280704,0.14731505515757057,state0,1.7317317317317318,0.16142852882833264,0.18093033243297074
A,0.12985964912280704,0.14731505515757057,state0,1.7417417417417418,0.16110514911606869,0.18058010798531363
A,0.12985964912280704,0.14731505515757057,state0,1.7517517517517518,0.16078440812546818,0.18023303970935575
A,0.12985964912280704,0.14731505515757057,state0,1.7617617617617618,0.1604663001759499,0.1798891064205293
A,0.12985964912280704,0.14731505515757057,state0,1.7717717717717718,0.1601508191413484,0.17954828704544085
A,0.12985964912280704,0.14731505515757057,state0,1.7817817817817818,0.15983795846526053,0.1792105606169576
A,0.12985964912280704,0.14731505515757057,state0,1.7917917917917918,0.15952771117598918,0.17887590626960867
A,0.12985964912280704,0.14731505515757057,state0,1.8018018018018018,0.15922006990109663,0.1785443032352884
A,0.12985964912280704,0.14731505515757057,state0,1.8118118118118118,0.1589150268815775,0.17821573083924747
A,0.12985964912280704,0.14731505515757057,state0,1.8218218218218218,0.15861257398566178,0.17789016849636075
A,0.12985964912280704,0.14731505515757057,state0,1.8318318318318318,0.15831270272225864,0.17756759570765832
A,0.12985964912280704,0.14731505515757057,state0,1.8418418418418419,0.1580154042540502,0.17724799205710867
A,0.12985964912280704,0.14731505515757057,state0,1.8518518518518519,0.1577206694102449,0.17693133720864254
A,0.12985964912280704,0.14731505515757057,state0,1.8618618618618619,0.15742848869899984,0.1766176109034065
A,0.12985964912280704,0.14731505515757057,state0,1.8718718718718719,0.1571388523195204,0.17630679295723525
A,0.12985964912280704,0.14731505515757057,state0,1.8818818818818819,0.15685175017384653,0.17599886325833336
A,0.12985964912280704,0.14731505515757057,state0,1.8918918918918919,0.156567171878333,0.17569380176515562
A,0.12985964912280704,0.14731505515757057,state0,1.901901901901902,0.1562851067748324,0.17539158850447714
A,0.12985964912280704,0.14731505515757057,state0,1.911911911911912,0.15600554394158847,0.17509220356964372
A,0.12985964912280704,0.14731505515757057,state0,1.921921921921922,0.15572847220384703,0.1747956271189939
A,0.12985964912280704,0.14731505515757057,state0,1.931931931931932,0.1554538801441919,0.17450183937444413
A,0.12985964912280704,0.14731505515757057,state0,1.941941941941942,0.15518175611261306,0.17421082062022852
A,0.12985964912280704,0.14731505515757057,state0,1.951951951951952,0.1549120882363138,0.17392255120178599
A,0.12985964912280704,0.14731505515757057,state0,1.961961961961962,0.15464486442926326,0.1736370115247864
A,0.12985964912280704,0.14731505515757057,state0,1.971971971971972,0.15438007240150095,0.17335418205428885
A,0.12985964912280704,0.14731505515757057,state0,1.981981981981982,0.15411769966819955,0.17307404331402515
A,0.12985964912280704,0.14731505515757057,state0,1.991991991991992,0.15385773355849197,0.17279657588580122
A,0.12985964912280704,0.14731505515757057,state0,2.002002002002002,0.1536001612240683,0.1725217604090102
A,0.12985964912280704,0.14731505515757057,state0,2.012012012012012,0.15334496964754887,0.1722495775802511
A,0.12985964912280704,0.14731505515757057,state0,2.022022022022022,0.15309214565063806,0.17198000815304665
A,0.12985964912280704,0.14731505515757057,state0,2.032032032032032,0.1528416759020653,0.17171303293765466
A,0.12985964912280704,0.14731505515757057,state0,2.042042042042042,0.15259354692531737,0.17144863280096737
A,0.12985964912280704,0.14731505515757057,state0,2.052052052052052,0.15234774510616816,0.1711867886664933
A,0.12985964912280704,0.14731505515757057,state0,2.062062062062062,0.15210425670000932,0.17092748151441675
A,0.12985964912280704,0.14731505515757057,state0,2.0720720720720722,0.15186306783898837,0.17067069238172916
A,0.12985964912280704,0.14731505515757057,state0,2.0820820820820822,0.1516241645389571,0.17041640236242903
A,0.12985964912280704,0.14731505515757057,state0,2.0920920920920922,0.1513875327062363,0.17016459260778405
A,0.12985964912280704,0.14731505515757057,state0,2.1021021021021022,0.15115315814419988,0.16991524432665292
A,0.12985964912280704,0.14731505515757057,state0,2.1121121121121122,0.15092102655968373,0.1696683387858608
A,0.12985964912280704,0.14731505515757057,state0,2.1221221221221223,0.1506911235692225,0.16942385731062615
A,0.12985964912280704,0.14731505515757057,state0,2.1321321321321323,0.15046343470511922,0.16918178128503353
A,0.12985964912280704,0.14731505515757057,state0,2.1421421421421423,0.15023794542135074,0.16894209215255004
A,0.12985964912280704,0.14731505515757057,state0,2.1521521521521523,0.15001464109931378,0.16870477141658066
A,0.12985964912280704,0.14731505515757057,state0,2.1621621621621623,0.14979350705341438,0.16846980064105996
A,0.12985964912280704,0.14731505515757057,state0,2.1721721721721723,0.14957452853650496,0.16823716145107667
A,0.12985964912280704,0.14731505515757057,state0,2.1821821821821823,0.1493576907451724,0.16800683553352783
A,0.12985964912280704,0.14731505515757057,state0,2.1921921921921923,0.14914297882488028,0.16777880463779984
A,0.12985964912280704,0.14731505515757057,state0,2.2022022022022023,0.148930377874969,0.16755305057647343
A,0.12985964912280704,0.14731505515757057,state0,2.2122122122122123,0.14871987295351669,0.16732955522604995
A,0.12985964912280704,0.14731505515757057,state0,2.2222222222222223,0.14851144908206454,0.16710830052769626
A,0.12985964912280704,0.14731505515757057,state0,2.2322322322322323,0.14830509125020896,0.166889268488006
A,0.12985964912280704,0.14731505515757057,state0,2.2422422422422423,0.14810078442006433,0.16667244117977473
A,0.12985964912280704,0.14731505515757057,state0,2.2522522522522523,0.14789851353059874,0.16645780074278665
A,0.12985964912280704,0.14731505515757057,state0,2.2622622622622623,0.14769826350184576,0.1662453293846111
A,0.12985964912280704,0.14731505515757057,state0,2.2722722722722724,0.1475000192389953,0.16603500938140642
A,0.12985964912280704,0.14731505515757057,state0,2.2822822822822824,0.14730376563636585,0.16582682307872967
A,0.12985964912280704,0.14731505515757057,state0,2.2922922922922924,0.14710948758126094,0.1656207528923501
A,0.12985964912280704,0.14731505515757057,state0,2.3023023023023024,0.1469171699577128,0.16541678130906465
A,0.12985964912280704,0.14731505515757057,state0,2.3123123123123124,0.14672679765011507,0.1652148908875141
A,0.12985964912280704,0.14731505515757057,state0,2.3223223223223224,0.14653835554674763,0.16501506425899812
A,0.12985964912280704,0.14731505515757057,state0,2.3323323323323324,0.14635182854319578,0.16481728412828783
A,0.12985964912280704,0.14731505515757057,state0,2.3423423423423424,0.14616720154566606,0.1646215332744345
A,0.12985964912280704,0.14731505515757057,state0,2.3523523523523524,0.14598445947420122,0.1644277945515729
A,0.12985964912280704,0.14731505515757057,state0,2.3623623623623624,0.14580358726579642,0.16423605088971843
A,0.12985964912280704,0.14731505515757057,state0,2.3723723723723724,0.145624569877419,0.16404628529555684
A,0.12985964912280704,0.14731505515757057,state0,2.3823823823823824,0.14544739228893414,0.16385848085322485
A,0.12985964912280704,0.14731505515757057,state0,2.3923923923923924,0.1452720395059379,0.16367262072508149
A,0.12985964912280704,0.14731505515757057,state0,2.4024024024024024,0.14509849656250082,0.16348868815246873
A,0.12985964912280704,0.14731505515757057,state0,2.4124124124124124,0.144926748523823,0.16330666645646055
A,0.12985964912280704,0.14731505515757057,state0,2.4224224224224224,0.1447567804888033,0.16312653903859983
A,0.12985964912280704,0.14731505515757057,state0,2.4324324324324325,0.14458857759252441,0.16294828938162192
A,0.12985964912280704,0.14731505515757057,state0,2.4424424424424425,0.14442212500865573,0.16277190105016454
A,0.12985964912280704,0.14731505515757057,state0,2.4524524524524525,0.1442574079517759,0.16259735769146322
A,0.12985964912280704,0.14731505515757057,state0,2.4624624624624625,0.144094411679617,0.16242464303603146
A,0.12985964912280704,0.14731505515757057,state0,2.4724724724724725,0.14393312149523166,0.1622537408983254
A,0.12985964912280704,0.14731505515757057,state0,2.4824824824824825,0.14377352274908556,0.16208463517739222
A,0.12985964912280704,0.14731505515757057,state0,2.4924924924924925,0.1436156008410766,0.16191730985750183
A,0.12985964912280704,0.14731505515757057,state0,2.5025025025025025,0.1434593412224824,0.16175174900876152
A,0.12985964912280704,0.14731505515757057,state0,2.5125125125125125,0.14330472939783806,0.1615879367877131
A,0.12985964912280704,0.14731505515757057,state0,2.5225225225225225,0.14315175092674526,0.16142585743791224
A,0.12985964912280704,0.14731505515757057,state0,2.5325325325325325,0.14300039142561527,0.16126549529048936
A,0.12985964912280704,0.14731505515757057,state0,2.5425425425425425,0.14285063656934605,0.16110683476469262
A,0.12985964912280704,0.14731505515757057,state0,2.5525525525525525,0.1427024720929363,0.16094986036841166
A,0.12985964912280704,0.14731505515757057,state0,2.5625625625625625,0.14255588379303688,0.1607945566986827
A,0.12985964912280704,0.14731505515757057,state0,2.5725725725725725,0.14241085752944196,0.16064090844217455
A,0.12985964912280704,0.14731505515757057,state0,2.5825825825825826,0.14226737922652039,0.1604889003756554
A,0.12985964912280704,0.14731505515757057,state0,2.5925925925925926,0.1421254348745896,0.16033851736644011
A,0.12985964912280704,0.14731505515757057,state0,2.6026026026026026,0.14198501053123277,0.1601897443728181
A,0.12985964912280704,0.14731505515757057,state0,2.6126126126126126,0.1418460923225609,0.1600425664444618
A,0.12985964912280704,0.14731505515757057,state0,2.6226226226226226,0.14170866644442093,0.1598969687228153
A,0.12985964912280704,0.14731505515757057,state0,2.6326326326326326,0.1415727191635515,0.15975293644146374
A,0.12985964912280704,0.14731505515757057,state0,2.6426426426426426,0.14143823681868714,0.15961045492648265
A,0.12985964912280704,0.14731505515757057,state0,2.6526526526526526,0.14130520582161252,0.15946950959676814
A,0.12985964912280704,0.14731505515757057,state0,2.6626626626626626,0.14117361265816813,0.1593300859643472
A,0.12985964912280704,0.14731505515757057,state0,2.6726726726726726,0.14104344388920773,0.1591921696346687
A,0.12985964912280704,0.14731505515757057,state0,2.6826826826826826,0.14091468615150987,0.159055746306875
A,0.12985964912280704,0.14731505515757057,state0,2.6926926926926926,0.14078732615864378,0.1589208017740539
A,0.12985964912280704,0.14731505515757057,state0,2.7027027027027026,0.14066135070179106,0.15878732192347206
A,0.12985964912280704,0.14731505515757057,state0,2.7127127127127126,0.14053674665052449,0.15865529273678855
A,0.12985964912280704,0.14731505515757057,state0,2.7227227227227226,0.1404135009535444,0.15852470029025004
A,0.12985964912280704,0.14731505515757057,state0,2.7327327327327327,0.14029160063937454,0.15839553075486681
A,0.12985964912280704,0.14731505515757057,state0,2.7427427427427427,0.14017103281701762,0.15826777039657045
A,0.12985964912280704,0.14731505515757057,state0,2.7527527527527527,0.14005178467657214,0.15814140557635278
A,0.12985964912280704,0.14731505515757057,state0,2.7627627627627627,0.13993384348981122,0.1580164227503868
A,0.12985964912280704,0.14731505515757057,state0,2.7727727727727727,0.1398171966107245,0.1578928084701293
A,0.12985964912280704,0.14731505515757057,state0,2.7827827827827827,0.13970183147602408,0.1577705493824058
A,0.12985964912280704,0.14731505515757057,state0,2.7927927927927927,0.13958773560561538,0.15764963222947778
A,0.12985964912280704,0.14731505515757057,state0,2.8028028028028027,0.1394748966030338,0.15753004384909242
A,0.12985964912280704,0.14731505515757057,state0,2.8128128128128127,0.13936330215584827,0.1574117711745151
A,0.12985964912280704,0.14731505515757057,state0,2.8228228228228227,0.13925294003603242,0.1572948012345453
A,0.12985964912280704,0.14731505515757057,state0,2.8328328328328327,0.13914379810030406,0.15717912115351526
A,0.12985964912280704,0.14731505515757057,state0,2.8428428428428427,0.13903586429043446,0.1570647181512725
A,0.12985964912280704,0.14731505515757057,state0,2.8528528528528527,0.1389291266335274,0.15695157954314606
A,0.12985964912280704,0.14731505515757057,state0,2.8628628628628627,0.13882357324226946,0.15683969273989692
A,0.12985964912280704,0.14731505515757057,state0,2.8728728728728727,0.13871919231515192,0.1567290452476525
A,0.12985964912280704,0.14731505515757057,state0,2.8828828828828827,0.13861597213666554,0.15661962466782575
A,0.12985964912280704,0.14731505515757057,state0,2.8928928928928928,0.13851390107746855,0.15651141869701954
A,0.12985964912280704,0.14731505515757057,state0,2.9029029029029028,0.13841296759452848,0.1564044151269156
A,0.12985964912280704,0.14731505515757057,state0,2.9129129129129128,0.1383131602312393,0.15629860184414923
A,0.12985964912280704,0.14731505515757057,state0,2.9229229229229228,0.13821446761751377,0.15619396683016962
A,0.12985964912280704,0.14731505515757057,state0,2.932932932932933,0.1381168784698523,0.1560904981610862
A,0.12985964912280704,0.14731505515757057,state0,2.942942942942943,0.13802038159138838,0.1559881840075011
A,0.12985964912280704,0.14731505515757057,state0,2.952952952952953,0.13792496587191208,0.15588701263432836
A,0.12985964912280704,0.14731505515757057,state0,2.962962962962963,0.1378306202878716,0.1557869724005999
A,0.12985964912280704,0.14731505515757057,state0,2.972972972972973,0.1377373339023537,0.15568805175925846
A,0.12985964912280704,0.14731505515757057,state0,2.982982982982983,0.1376450958650439,0.1555902392569383
A,0.12985964912280704,0.14731505515757057,state0,2.992992992992993,0.13755389541216664,0.15549352353373325
A,0.12985964912280704,0.14731505515757057,state0,3.003003003003003,0.13746372186640649,0.1553978933229529
A,0.12985964912280704,0.14731505515757057,state0,3.013013013013013,0.13737456463681044,0.1553033374508672
A,0.12985964912280704,0.14731505515757057,state0,3.023023023023023,0.1372864132186724,0.15520984483643932
A,0.12985964912280704,0.14731505515757057,state0,3.033033033033033,0.13719925719340031,0.15511740449104763
A,0.12985964912280704,0.14731505515757057,state0,3.043043043043043,0.1371130862283659,0.15502600551819662
A,0.12985964912280704,0.14731505515757057,state0,3.053053053053053,0.13702789007673868,0.15493563711321745
A,0.12985964912280704,0.14731505515757057,state0,3.063063063063063,0.13694365857730373,0.15484628856295787
A,0.12985964912280704,0.14731505515757057,state0,3.073073073073073,0.13686038165426415,0.1547579492454626
A,0.12985964912280704,0.14731505515757057,state0,3.083083083083083,0.13677804931702903,0.15467060862964338
A,0.12985964912280704,0.14731505515757057,state0,3.093093093093093,0.13669665165998682,0.15458425627494013
A,0.12985964912280704,0.14731505515757057,state0,3.103103103103103,0.13661617886226507,0.1544988818309724
A,0.12985964912280704,0.14731505515757057,state0,3.113113113113113,0.13653662118747667,0.15441447503718245
A,0.12985964912280704,0.14731505515757057,state0,3.123123123123123,0.13645796898345347,0.15433102572246898
A,0.12985964912280704,0.14731505515757057,state0,3.133133133133133,0.13638021268196718,0.15424852380481327
A,0.12985964912280704,0.14731505515757057,state0,3.143143143143143,0.13630334279843864,0.1541669592908964
A,0.12985964912280704,0.14731505515757057,state0,3.153153153153153,0.1362273499316352,0.1540863222757095
A,0.12985964912280704,0.14731505515757057,state0,3.163163163163163,0.1361522247633574,0.15400660294215537
A,0.12985964912280704,0.14731505515757057,state0,3.173173173173173,0.13607795805811443,0.15392779156064368
A,0.12985964912280704,0.14731505515757057,state0,3.183183183183183,0.13600454066278989,0.1538498784886785
A,0.12985964912280704,0.14731505515757057,state0,3.193193193193193,0.13593196350629727,0.15377285417043937
A,0.12985964912280704,0.14731505515757057,state0,3.203203203203203,0.135860217599226,0.15369670913635533
A,0.12985964912280704,0.14731505515757057,state0,3.2132132132132134,0.13578929403347853,0.15362143400267309
A,0.12985964912280704,0.14731505515757057,state0,3.2232232232232234,0.13571918398189833,0.15354701947101865
A,0.12985964912280704,0.14731505515757057,state0,3.2332332332332334,0.1356498786978898,0.15347345632795345
A,0.12985964912280704,0.14731505515757057,state0,3.2432432432432434,0.13558136951503016,0.15340073544452446
A,0.12985964912280704,0.14731505515757057,state0,3.2532532532532534,0.13551364784667333,0.15332884777580932
A,0.12985964912280704,0.14731505515757057,state0,3.2632632632632634,0.13544670518554655,0.15325778436045576
A,0.12985964912280704,0.14731505515757057,state0,3.2732732732732734,0.1353805331033403,0.15318753632021656
A,0.12985964912280704,0.14731505515757057,state0,3.2832832832832834,0.135315123250291,0.15311809485947947
A,0.12985964912280704,0.14731505515757057,state0,3.2932932932932935,0.13525046735475757,0.15304945126479264
A,0.12985964912280704,0.14731505515757057,state0,3.3033033033033035,0.13518655722279188,0.1529815969043858
A,0.12985964912280704,0.14731505515757057,state0,3.3133133133133135,0.13512338473770333,0.15291452322768737
A,0.12985964912280704,0.14731505515757057,state0,3.3233233233233235,0.13506094185961778,0.15284822176483745
A,0.12985964912280704,0.14731505515757057,state0,3.3333333333333335,0.13499922062503159,0.1527826841261974
A,0.12985964912280704,0.14731505515757057,state0,3.3433433433433435,0.13493821314636023,0.15271790200185564
A,0.12985964912280704,0.14731505515757057,state0,3.3533533533533535,0.13487791161148263,0.15265386716113044
A,0.12985964912280704,0.14731505515757057,state0,3.3633633633633635,0.13481830828328073,0.15259057145206925
A,0.12985964912280704,0.14731505515757057,state0,3.3733733733733735,0.13475939549917507,0.1525280068009454
A,0.12985964912280704,0.14731505515757057,state0,3.3833833833833835,0.13470116567065624,0.15246616521175171
A,0.12985964912280704,0.14731505515757057,state0,3.3933933933933935,0.1346436112828128,0.15240503876569214
A,0.12985964912280704,0.14731505515757057,state0,3.4034034034034035,0.13458672489385576,0.15234461962067014
A,0.12985964912280704,0.14731505515757057,state0,3.4134134134134135,0.13453049913463955,0.15228490001077566
A,0.12985964912280704,0.14731505515757057,state0,3.4234234234234235,0.13447492670818015,0.15222587224576964
A,0.12985964912280704,0.14731505515757057,state0,3.4334334334334335,0.13442000038917049,0.1521675287105665
A,0.12985964912280704,0.14731505515757057,state0,3.4434434434434436,0.13436571302349312,0.1521098618647154
A,0.12985964912280704,0.14731505515757057,state0,3.4534534534534536,0.13431205752773046,0.1520528642418795
A,0.12985964912280704,0.14731505515757057,state0,3.4634634634634636,0.13425902688867303,0.15199652844931388
A,0.12985964912280704,0.14731505515757057,state0,3.4734734734734736,0.13420661416282548,0.15194084716734235
A,0.12985964912280704,0.14731505515757057,state0,3.4834834834834836,0.13415481247591088,0.15188581314883312
A,0.12985964912280704,0.14731505515757057,state0,3.4934934934934936,0.1341036150223734,0.15183141921867324
A,0.12985964912280704,0.14731505515757057,state0,3.5035035035035036,0.13405301506487963,0.15177765827324263
A,0.12985964912280704,0.14731505515757057,state0,3.5135135135135136,0.1340030059338183,0.15172452327988709
A,0.12985964912280704,0.14731505515757057,state0,3.5235235235235236,0.1339535810267993,0.15167200727639088
A,0.12985964912280704,0.14731505515757057,state0,3.5335335335335336,0.13390473380815124,0.15162010337044898
A,0.12985964912280704,0.14731505515757057,state0,3.5435435435435436,0.13385645780841882,0.15156880473913867
A,0.12985964912280704,0.14731505515757057,state0,3.5535535535535536,0.13380874662385905,0.15151810462839158
A,0.12985964912280704,0.14731505515757057,state0,3.5635635635635636,0.1337615939159372,0.15146799635246502
A,0.12985964912280704,0.14731505515757057,state0,3.5735735735735736,0.13371499341082235,0.15141847329341385
A,0.12985964912280704,0.14731505515757057,state0,3.5835835835835836,0.13366893889888273,0.15136952890056232
A,0.12985964912280704,0.14731505515757057,state0,3.5935935935935936,0.13362342423418092,0.15132115668997628
A,0.12985964912280704,0.14731505515757057,state0,3.6036036036036037,0.13357844333396926,0.15127335024393576
A,0.12985964912280704,0.14731505515757057,state0,3.6136136136136137,0.13353399017818526,0.1512261032104081
A,0.12985964912280704,0.14731505515757057,state0,3.6236236236236237,0.13349005880894738,0.15117940930252166
A,0.12985964912280704,0.14731505515757057,state0,3.6336336336336337,0.13344664333005132,0.1511332622980403
A,0.12985964912280704,0.14731505515757057,state0,3.6436436436436437,0.13340373790646665,0.15108765603883875
A,0.12985964912280704,0.14731505515757057,state0,3.6536536536536537,0.1333613367638343,0.15104258443037852
A,0.12985964912280704,0.14731505515757057,state0,3.6636636636636637,0.13331943418796455,0.15099804144118542
A,0.12985964912280704,0.14731505515757057,state0,3.6736736736736737,0.13327802452433618,0.15095402110232767
A,0.12985964912280704,0.14731505515757057,state0,3.6836836836836837,0.13323710217759638,0.15091051750689533
A,0.12985964912280704,0.14731505515757057,state0,3.6936936936936937,0.13319666161106172,0.15086752480948118
A,0.12985964912280704,0.14731505515757057,state0,3.7037037037037037,0.13315669734622038,0.1508250372256627
A,0.12985964912280704,0.14731505515757057,state0,3.7137137137137137,0.13311720396223542,0.15078304903148573
A,0.12985964912280704,0.14731505515757057,state0,3.7237237237237237,0.13307817609544964,0.1507415545629493
A,0.12985964912280704,0.14731505515757057,state0,3.7337337337337337,0.1330396084388917,0.15070054821549234
A,0.12985964912280704,0.14731505515757057,state0,3.7437437437437437,0.13300149574178374,0.15066002444348198
A,0.12985964912280704,0.14731505515757057,state0,3.7537537537537538,0.13296383280905055,0.15061997775970346
A,0.12985964912280704,0.14731505515757057,state0,3.7637637637637638,0.13292661450083043,0.1505804027348519
A,0.12985964912280704,0.14731505515757057,state0,3.7737737737737738,0.13288983573198793,0.15054129399702607
A,0.12985964912280704,0.14731505515757057,state0,3.7837837837837838,0.1328534914716279,0.1505026462312236
A,0.12985964912280704,0.14731505515757057,state0,3.793793793793794,0.13281757674261205,0.15046445417883897
A,0.12985964912280704,0.14731505515757057,state0,3.803803803803804,0.1327820866210769,0.15042671263716262
A,0.12985964912280704,0.14731505515757057,state0,3.813813813813814,0.13274701623595397,0.1503894164588829
A,0.12985964912280704,0.14731505515757057,state0,3.823823823823824,0.13271236076849197,0.15035256055158974
A,0.12985964912280704,0.14731505515757057,state0,3.833833833833834,0.13267811545178101,0.15031613987728076
A,0.12985964912280704,0.14731505515757057,state0,3.843843843843844,0.13264427557027925,0.1502801494518693
A,0.12985964912280704,0.14731505515757057,state0,3.853853853853854,0.1326108364593412,0.1502445843446953
A,0.12985964912280704,0.14731505515757057,state0,3.863863863863864,0.13257779350474902,0.15020943967803776
A,0.12985964912280704,0.14731505515757057,state0,3.873873873873874,0.13254514214224547,0.15017471062663063
A,0.12985964912280704,0.14731505515757057,state0,3.883883883883884,0.13251287785706956,0.15014039241717986
A,0.12985964912280704,0.14731505515757057,state0,3.893893893893894,0.13248099618349451,0.1501064803278841
A,0.12985964912280704,0.14731505515757057,state0,3.903903903903904,0.13244949270436834,0.1500729696879571
A,0.12985964912280704,0.14731505515757057,state0,3.913913913913914,0.13241836305065635,0.15003985587715318
A,0.12985964912280704,0.14731505515757057,state0,3.923923923923924,0.132387602900987,0.1500071343252949
A,0.12985964912280704,0.14731505515757057,state0,3.933933933933934,0.13235720798119957,0.14997480051180362
A,0.12985964912280704,0.14731505515757057,state0,3.943943943943944,0.13232717406389485,0.14994284996523255
A,0.12985964912280704,0.14731505515757057,state0,3.953953953953954,0.13229749696798823,0.14991127826280262
A,0.12985964912280704,0.14731505515757057,state0,3.963963963963964,0.13226817255826562,0.14988008102994088
A,0.12985964912280704,0.14731505515757057,state0,3.973973973973974,0.13223919674494192,0.14984925393982193
A,0.12985964912280704,0.14731505515757057,state0,3.983983983983984,0.13221056548322221,0.14981879271291174
A,0.12985964912280704,0.14731505515757057,state0,3.993993993993994,0.1321822747728658,0.14978869311651452
A,0.12985964912280704,0.14731505515757057,state0,4.004004004004004,0.13215432065775273,0.14975895096432235
A,0.12985964912280704,0.14731505515757057,state0,4.014014014014014,0.1321266992254536,0.14972956211596777
A,0.12985964912280704,0.14731505515757057,state0,4.024024024024024,0.13209940660680153,0.14970052247657883
A,0.12985964912280704,0.14731505515757057,state0,4.034034034034034,0.13207243897546753,0.14967182799633755
A,0.12985964912280704,0.14731505515757057,state0,4.044044044044044,0.13204579254753834,0.14964347467004083
A,0.12985964912280704,0.14731505515757057,state0,4.054054054054054,0.13201946358109734,0.14961545853666455
A,0.12985964912280704,0.14731505515757057,state0,4.064064064064064,0.13199344837580806,0.1495877756789305
A,0.12985964912280704,0.14731505515757057,state0,4.074074074074074,0.13196774327250105,0.1495604222228762
A,0.12985964912280704,0.14731505515757057,state0,4.084084084084084,0.13194234465276317,0.14953339433742777
A,0.12985964912280704,0.14731505515757057,state0,4.094094094094094,0.13191724893853005,0.14950668823397575
A,0.12985964912280704,0.14731505515757057,state0,4.104104104104104,0.13189245259168145,0.14948030016595398
A,0.12985964912280704,0.14731505515757057,state0,4.114114114114114,0.13186795211363947,0.14945422642842104
A,0.12985964912280704,0.14731505515757057,state0,4.124124124124124,0.13184374404496987,0.1494284633576455
A,0.12985964912280704,0.14731505515757057,state0,4.134134134134134,0.13181982496498612,0.14940300733069334
A,0.12985964912280704,0.14731505515757057,state0,4.1441441441441444,0.13179619149135666,0.14937785476501886
A,0.12985964912280704,0.14731505515757057,state0,4.1541541541541545,0.1317728402797148,0.1493530021180586
A,0.12985964912280704,0.14731505515757057,state0,4.1641641641641645,0.131749768023272,0.14932844588682806
A,0.12985964912280704,0.14731505515757057,state0,4.1741741741741745,0.13172697145243384,0.14930418260752157
A,0.12985964912280704,0.14731505515757057,state0,4.1841841841841845,0.13170444733441888,0.14928020885511534
A,0.12985964912280704,0.14731505515757057,state0,4.1941941941941945,0.1316821924728809,0.14925652124297334
A,0.12985964912280704,0.14731505515757057,state0,4.2042042042042045,0.1316602037075337,0.14923311642245624
A,0.12985964912280704,0.14731505515757057,state0,4.2142142142142145,0.13163847791377906,0.14920999108253355
A,0.12985964912280704,0.14731505515757057,state0,4.2242242242242245,0.13161701200233783,0.14918714194939856
A,0.12985964912280704,0.14731505515757057,state0,4.2342342342342345,0.1315958029188837,0.14916456578608653
A,0.12985964912280704,0.14731505515757057,state0,4.2442442442442445,0.13157484764368005,0.1491422593920959
A,0.12985964912280704,0.14731505515757057,state0,4.2542542542542545,0.13155414319121997,0.14912021960301242
A,0.12985964912280704,0.14731505515757057,state0,4.2642642642642645,0.131533686609869,0.1490984432901363
A,0.12985964912280704,0.14731505515757057,state0,4.2742742742742745,0.13151347498151095,0.1490769273601126
A,0.12985964912280704,0.14731505515757057,state0,4.2842842842842845,0.1314935054211966,0.14905566875456439
A,0.12985964912280704,0.14731505515757057,state0,4.2942942942942945,0.13147377507679547,0.14903466444972915
A,0.12985964912280704,0.14731505515757057,state0,4.3043043043043046,0.13145428112865062,0.14901391145609807
A,0.12985964912280704,0.14731505515757057,state0,4.314314314314315,0.13143502078923605,0.1489934068180583
A,0.12985964912280704,0.14731505515757057,state0,4.324324324324325,0.13141599130281728,0.14897314761353844
A,0.12985964912280704,0.14731505515757057,state0,4.334334334334335,0.131397189945115,0.14895313095365675
A,0.12985964912280704,0.14731505515757057,state0,4.344344344344345,0.13137861402297127,0.14893335398237242
A,0.12985964912280704,0.14731505515757057,state0,4.354354354354355,0.13136026087401897,0.14891381387614017
A,0.12985964912280704,0.14731505515757057,state0,4.364364364364365,0.13134212786635394,0.14889450784356714
A,0.12985964912280704,0.14731505515757057,state0,4.374374374374375,0.1313242123982101,0.14887543312507345
A,0.12985964912280704,0.14731505515757057,state0,4.384384384384385,0.13130651189763748,0.1488565869925553
A,0.12985964912280704,0.14731505515757057,state0,4.394394394394395,0.13128902382218305,0.148837966749051
A,0.12985964912280704,0.14731505515757057,state0,4.404404404404405,0.13127174565857444,0.14881956972841034
A,0.12985964912280704,0.14731505515757057,state0,4.414414414414415,0.1312546749224065,0.1488013932949663
A,0.12985964912280704,0.14731505515757057,state0,4.424424424424425,0.13123780915783084,0.14878343484321016
A,0.12985964912280704,0.14731505515757057,state0,4.434434434434435,0.13122114593724785,0.14876569179746923
A,0.12985964912280704,0.14731505515757057,state0,4.444444444444445,0.131204682861002,0.1487481616115877
A,0.12985964912280704,0.14731505515757057,state0,4.454454454454455,0.1311884175570795,0.14873084176861004
A,0.12985964912280704,0.14731505515757057,state0,4.464464464464465,0.13117234768080896,0.1487137297804677
A,0.12985964912280704,0.14731505515757057,state0,4.474474474474475,0.13115647091456506,0.14869682318766825
A,0.12985964912280704,0.14731505515757057,state0,4.484484484484485,0.1311407849674743,0.14868011955898755
A,0.12985964912280704,0.14731505515757057,state0,4.494494494494495,0.13112528757512434,0.14866361649116486
A,0.12985964912280704,0.14731505515757057,state0,4.504504504504505,0.13110997649927544,0.1486473116086005
A,0.12985964912280704,0.14731505515757057,state0,4.514514514514515,0.1310948495275748,0.1486312025630566
A,0.12985964912280704,0.14731505515757057,state0,4.524524524524525,0.13107990447327378,0.14861528703336016
A,0.12985964912280704,0.14731505515757057,state0,4.534534534534535,0.13106513917494764,0.14859956272510963
A,0.12985964912280704,0.14731505515757057,state0,4.544544544544545,0.13105055149621783,0.14858402737038354
A,0.12985964912280704,0.14731505515757057,state0,4.554554554554555,0.13103613932547728,0.1485686787274522
A,0.12985964912280704,0.14731505515757057,state0,4.564564564564565,0.1310219005756181,0.14855351458049204
A,0.12985964912280704,0.14731505515757057,state0,4.574574574574575,0.13100783318376183,0.14853853273930284
A,0.12985964912280704,0.14731505515757057,state0,4.584584584584585,0.13099393511099247,0.1485237310390273
A,0.12985964912280704,0.14731505515757057,state0,4.594594594594595,0.13098020434209218,0.14850910733987358
A,0.12985964912280704,0.14731505515757057,state0,4.604604604604605,0.13096663888527924,0.14849465952684046
A,0.12985964912280704,0.14731505515757057,state0,4.614614614614615,0.1309532367719488,0.14848038550944503
A,0.12985964912280704,0.14731505515757057,state0,4.624624624624625,0.13093999605641624,0.14846628322145308
A,0.12985964912280704,0.14731505515757057,state0,4.634634634634635,0.13092691481566288,0.1484523506206122
A,0.12985964912280704,0.14731505515757057,state0,4.644644644644645,0.13091399114908417,0.14843858568838722
A,0.12985964912280704,0.14731505515757057,state0,4.654654654654655,0.13090122317824063,0.14842498642969845
A,0.12985964912280704,0.14731505515757057,state0,4.664664664664665,0.13088860904661104,0.1484115508726625
A,0.12985964912280704,0.14731505515757057,state0,4.674674674674675,0.1308761469193482,0.14839827706833547
A,0.12985964912280704,0.14731505515757057,state0,4.684684684684685,0.13086383498303694,0.1483851630904588
A,0.12985964912280704,0.14731505515757057,state0,4.694694694694695,0.13085167144545498,0.14837220703520757
A,0.12985964912280704,0.14731505515757057,state0,4.704704704704705,0.13083965453533564,0.1483594070209413
A,0.12985964912280704,0.14731505515757057,state0,4.714714714714715,0.13082778250213337,0.14834676118795737
A,0.12985964912280704,0.14731505515757057,state0,4.724724724724725,0.13081605361579152,0.14833426769824656
A,0.12985964912280704,0.14731505515757057,state0,4.734734734734735,0.13080446616651237,0.14832192473525155
A,0.12985964912280704,0.14731505515757057,state0,4.744744744744745,0.13079301846452968,0.14830973050362717
A,0.12985964912280704,0.14731505515757057,state0,4.754754754754755,0.13078170883988333,0.14829768322900372
A,0.12985964912280704,0.14731505515757057,state0,4.764764764764765,0.13077053564219648,0.14828578115775226
A,0.12985964912280704,0.14731505515757057,state0,4.774774774774775,0.1307594972404549,0.14827402255675243
A,0.12985964912280704,0.14731505515757057,state0,4.784784784784785,0.13074859202278863,0.1482624057131626
A,0.12985964912280704,0.14731505515757057,state0,4.794794794794795,0.1307378183962557,0.14825092893419226
A,0.12985964912280704,0.14731505515757057,state0,4.804804804804805,0.13072717478662843,0.14823959054687696
A,0.12985964912280704,0.14731505515757057,state0,4.814814814814815,0.13071665963818155,0.1482283888978553
A,0.12985964912280704,0.14731505515757057,state0,4.824824824824825,0.13070627141348287,0.14821732235314836
A,0.12985964912280704,0.14731505515757057,state0,4.834834834834835,0.13069600859318584,0.1482063892979412
A,0.12985964912280704,0.14731505515757057,state0,4.844844844844845,0.1306858696758245,0.148195588136367
A,0.12985964912280704,0.14731505515757057,state0,4.854854854854855,0.13067585317761038,0.148184917291293
A,0.12985964912280704,0.14731505515757057,state0,4.864864864864865,0.13066595763223157,0.1481743752041088
A,0.12985964912280704,0.14731505515757057,state0,4.874874874874875,0.13065618159065415,0.14816396033451698
A,0.12985964912280704,0.14731505515757057,state0,4.884884884884885,0.13064652362092516,0.14815367116032582
A,0.12985964912280704,0.14731505515757057,state0,4.894894894894895,0.13063698230797832,0.148143506177244
A,0.12985964912280704,0.14731505515757057,state0,4.904904904904905,0.13062755625344122,0.1481334638986777
A,0.12985964912280704,0.14731505515757057,state0,4.914914914914915,0.13061824407544487,0.14812354285552973
A,0.12985964912280704,0.14731505515757057,state0,4.924924924924925,0.13060904440843518,0.14811374159600063
A,0.12985964912280704,0.14731505515757057,state0,4.934934934934935,0.13059995590298645,0.14810405868539214
A,0.12985964912280704,0.14731505515757057,state0,4.944944944944945,0.13059097722561683,0.14809449270591238
A,0.12985964912280704,0.14731505515757057,state0,4.954954954954955,0.1305821070586057,0.14808504225648353
A,0.12985964912280704,0.14731505515757057,state0,4.964964964964965,0.1305733440998132,0.14807570595255093
A,0.12985964912280704,0.14731505515757057,state0,4.974974974974975,0.13056468706250132,0.14806648242589487
A,0.12985964912280704,0.14731505515757057,state0,4.984984984984985,0.13055613467515736,0.14805737032444397
A,0.12985964912280704,0.14731505515757057,state0,4.994994994994995,0.1305476856813189,0.1480483683120905
A,0.12985964912280704,0.14731505515757057,state0,5.005005005005005,0.1305393388394008,0.14803947506850793
A,0.12985964912280704,0.14731505515757057,state0,5.015015015015015,0.13053109292252427,0.14803068928897023
A,0.12985964912280704,0.14731505515757057,state0,5.025025025025025,0.13052294671834727,0.14802200968417328
A,0.12985964912280704,0.14731505515757057,state0,5.035035035035035,0.1305148990288973,0.14801343498005784
A,0.12985964912280704,0.14731505515757057,state0,5.045045045045045,0.1305069486704056,0.14800496391763482
A,0.12985964912280704,0.14731505515757057,state0,5.055055055055055,0.1304990944731435,0.14799659525281225
A,0.12985964912280704,0.14731505515757057,state0,5.065065065065065,0.1304913352812601,0.147988327756224
A,0.12985964912280704,0.14731505515757057,state0,5.075075075075075,0.13048366995262214,0.14798016021306057
A,0.12985964912280704,0.14731505515757057,state0,5.085085085085085,0.1304760973586554,0.14797209142290155
A,0.12985964912280704,0.14731505515757057,state0,5.095095095095095,0.13046861638418772,0.14796412019954985
A,0.12985964912280704,0.14731505515757057,state0,5.105105105105105,0.13046122592729417,0.14795624537086804
A,0.12985964912280704,0.14731505515757057,state0,5.115115115115115,0.1304539248991434,0.14794846577861595
A,0.12985964912280704,0.14731505515757057,state0,5.125125125125125,0.13044671222384593,0.14794078027829047
A,0.12985964912280704,0.14731505515757057,state0,5.135135135135135,0.13043958683830417,0.1479331877389669
A,0.12985964912280704,0.14731505515757057,state0,5.145145145145145,0.1304325476920639,0.14792568704314213
A,0.12985964912280704,0.14731505515757057,state0,5.155155155155155,0.1304255937471675,0.14791827708657934
A,0.12985964912280704,0.14731505515757057,state0,5.165165165165165,0.1304187239780088,0.14791095677815463
A,0.12985964912280704,0.14731505515757057,state0,5.175175175175175,0.13041193737118947,0.14790372503970514
A,0.12985964912280704,0.14731505515757057,state0,5.185185185185185,0.1304052329253771,0.14789658080587892
A,0.12985964912280704,0.14731505515757057,state0,5.195195195195195,0.13039860965116457,0.14788952302398656
A,0.12985964912280704,0.14731505515757057,state0,5.205205205205205,0.13039206657093153,0.1478825506538542
A,0.12985964912280704,0.14731505515757057,state0,5.215215215215215,0.13038560271870675,0.14787566266767818
A,0.12985964912280704,0.14731505515757057,state0,5.225225225225225,0.13037921714003256,0.14786885804988173
A,0.12985964912280704,0.14731505515757057,state0,5.235235235235235,0.13037290889183037,0.14786213579697258
A,0.12985964912280704,0.14731505515757057,state0,5.245245245245245,0.13036667704226798,0.14785549491740266
A,0.12985964912280704,0.14731505515757057,state0,5.255255255255255,0.1303605206706283,0.14784893443142905
A,0.12985964912280704,0.14731505515757057,state0,5.265265265265265,0.13035443886717943,0.14784245337097665
A,0.12985964912280704,0.14731505515757057,state0,5.275275275275275,0.13034843073304622,0.14783605077950226
A,0.12985964912280704,0.14731505515757057,state0,5.285285285285285,0.1303424953800834,0.14782972571186026
A,0.12985964912280704,0.14731505515757057,state0,5.295295295295295,0.13033663193075004,0.14782347723416966
A,0.12985964912280704,0.14731505515757057,state0,5.305305305305305,0.13033083951798533,0.14781730442368277
A,0.12985964912280704,0.14731505515757057,state0,5.315315315315315,0.13032511728508586,0.14781120636865522
A,0.12985964912280704,0.14731505515757057,state0,5.325325325325325,0.13031946438558434,0.14780518216821745
A,0.12985964912280704,0.14731505515757057,state0,5.335335335335335,0.13031387998312954,0.14779923093224778
A,0.12985964912280704,0.14731505515757057,state0,5.345345345345345,0.13030836325136752,0.14779335178124664
A,0.12985964912280704,0.14731505515757057,state0,5.355355355355355,0.1303029133738246,0.1477875438462124
A,0.12985964912280704,0.14731505515757057,state0,5.365365365365365,0.13029752954379106,0.14778180626851858
A,0.12985964912280704,0.14731505515757057,state0,5.375375375375375,0.13029221096420676,0.14777613819979227
A,0.12985964912280704,0.14731505515757057,state0,5.385385385385385,0.13028695684754746,0.14777053880179414
A,0.12985964912280704,0.14731505515757057,state0,5.395395395395395,0.13028176641571296,0.14776500724629973
A,0.12985964912280704,0.14731505515757057,state0,5.405405405405405,0.1302766388999161,0.14775954271498193
A,0.12985964912280704,0.14731505515757057,state0,5.415415415415415,0.1302715735405733,0.14775414439929488
A,0.12985964912280704,0.14731505515757057,state0,5.425425425425425,0.1302665695871962,0.1477488115003594
A,0.12985964912280704,0.14731505515757057,state0,5.435435435435435,0.1302616262982845,0.14774354322884928
A,0.12985964912280704,0.14731505515757057,state0,5.445445445445445,0.1302567429412201,0.1477383388048791
A,0.12985964912280704,0.14731505515757057,state0,5.455455455455455,0.13025191879216255,0.1477331974578935
A,0.12985964912280704,0.14731505515757057,state0,5.465465465465465,0.13024715313594523,0.1477281184265573
A,0.12985964912280704,0.14731505515757057,state0,5.475475475475475,0.13024244526597345,0.14772310095864707
A,0.12985964912280704,0.14731505515757057,state0,5.485485485485485,0.13023779448412304,0.14771814431094404
A,0.12985964912280704,0.14731505515757057,state0,5.495495495495495,0.13023320010064046,0.14771324774912808
A,0.12985964912280704,0.14731505515757057,state0,5.505505505505505,0.13022866143404385,0.14770841054767284
A,0.12985964912280704,0.14731505515757057,state0,5.515515515515515,0.1302241778110255,0.14770363198974218
A,0.12985964912280704,0.14731505515757057,state0,5.525525525525525,0.13021974856635501,0.14769891136708788
A,0.12985964912280704,0.14731505515757057,state0,5.535535535535535,0.13021537304278408,0.14769424797994818
A,0.12985964912280704,0.14731505515757057,state0,5.545545545545545,0.13021105059095187,0.14768964113694785
A,0.12985964912280704,0.14731505515757057,state0,5.555555555555555,0.1302067805692918,0.14768509015499914
A,0.12985964912280704,0.14731505515757057,state0,5.565565565565565,0.1302025623439393,0.14768059435920408
A,0.12985964912280704,0.14731505515757057,state0,5.575575575575575,0.13019839528864058,0.14767615308275764
A,0.12985964912280704,0.14731505515757057,state0,5.585585585585585,0.13019427878466253,0.14767176566685214
A,0.12985964912280704,0.14731505515757057,state0,5.595595595595595,0.13019021222070368,0.14766743146058284
A,0.12985964912280704,0.14731505515757057,state0,5.605605605605605,0.13018619499280598,0.14766314982085446
A,0.12985964912280704,0.14731505515757057,state0,5.615615615615615,0.13018222650426792,0.14765892011228882
A,0.12985964912280704,0.14731505515757057,state0,5.625625625625625,0.13017830616555828,0.14765474170713355
A,0.12985964912280704,0.14731505515757057,state0,5.635635635635635,0.13017443339423118,0.14765061398517187
A,0.12985964912280704,0.14731505515757057,state0,5.645645645645645,0.13017060761484212,0.14764653633363334
A,0.12985964912280704,0.14731505515757057,state0,5.655655655655655,0.1301668282588646,0.14764250814710572
A,0.12985964912280704,0.14731505515757057,state0,5.665665665665665,0.1301630947646082,0.1476385288274478
A,0.12985964912280704,0.14731505515757057,state0,5.675675675675675,0.1301594065771372,0.14763459778370314
A,0.12985964912280704,0.14731505515757057,state0,5.685685685685685,0.13015576314819055,0.1476307144320151
A,0.12985964912280704,0.14731505515757057,state0,5.6956956956956954,0.13015216393610232,0.1476268781955424
A,0.12985964912280704,0.14731505515757057,state0,5.7057057057057055,0.13014860840572343,0.1476230885043761
A,0.12985964912280704,0.14731505515757057,state0,5.7157157157157155,0.13014509602834406,0.1476193447954573
A,0.12985964912280704,0.14731505515757057,state0,5.7257257257257255,0.13014162628161713,0.1476156465124957
A,0.12985964912280704,0.14731505515757057,state0,5.7357357357357355,0.1301381986494826,0.14761199310588946
A,0.12985964912280704,0.14731505515757057,state0,5.7457457457457455,0.13013481262209248,0.14760838403264553
A,0.12985964912280704,0.14731505515757057,state0,5.7557557557557555,0.1301314676957371,0.1476048187563013
A,0.12985964912280704,0.14731505515757057,state0,5.7657657657657655,0.13012816337277183,0.14760129674684694
A,0.12985964912280704,0.14731505515757057,state0,5.7757757757757755,0.13012489916154496,0.14759781748064862
A,0.12985964912280704,0.14731505515757057,state0,5.7857857857857855,0.13012167457632615,0.14759438044037282
A,0.12985964912280704,0.14731505515757057,state0,5.7957957957957955,0.13011848913723598,0.14759098511491134
A,0.12985964912280704,0.14731505515757057,state0,5.8058058058058055,0.1301153423701761,0.14758763099930716
A,0.12985964912280704,0.14731505515757057,state0,5.8158158158158155,0.13011223380676046,0.14758431759468124
A,0.12985964912280704,0.14731505515757057,state0,5.8258258258258255,0.1301091629842469,0.1475810444081604
A,0.12985964912280704,0.14731505515757057,state0,5.8358358358358355,0.13010612944547012,0.14757781095280534
A,0.12985964912280704,0.14731505515757057,state0,5.8458458458458455,0.13010313273877488,0.14757461674754047
A,0.12985964912280704,0.14731505515757057,state0,5.8558558558558556,0.13010017241795033,0.1475714613170837
A,0.12985964912280704,0.14731505515757057,state0,5.865865865865866,0.130097248042165,0.1475683441918775
A,0.12985964912280704,0.14731505515757057,state0,5.875875875875876,0.13009435917590262,0.14756526490802072
A,0.12985964912280704,0.14731505515757057,state0,5.885885885885886,0.13009150538889847,0.14756222300720098
A,0.12985964912280704,0.14731505515757057,state0,5.895895895895896,0.13008868625607675,0.14755921803662825
A,0.12985964912280704,0.14731505515757057,state0,5.905905905905906,0.13008590135748857,0.1475562495489687
A,0.12985964912280704,0.14731505515757057,state0,5.915915915915916,0.1300831502782506,0.14755331710227984
A,0.12985964912280704,0.14731505515757057,state0,5.925925925925926,0.13008043260848456,0.14755042025994602
A,0.12985964912280704,0.14731505515757057,state0,5.935935935935936,0.13007774794325735,0.14754755859061483
A,0.12985964912280704,0.14731505515757057,state0,5.945945945945946,0.13007509588252184,0.14754473166813434
A,0.12985964912280704,0.14731505515757057,state0,5.955955955955956,0.13007247603105845,0.1475419390714909
A,0.12985964912280704,0.14731505515757057,state0,5.965965965965966,0.1300698879984175,0.1475391803847478
A,0.12985964912280704,0.14731505515757057,state0,5.975975975975976,0.1300673313988619,0.14753645519698458
A,0.12985964912280704,0.14731505515757057,state0,5.985985985985986,0.13006480585131083,0.14753376310223706
A,0.12985964912280704,0.14731505515757057,state0,5.995995995995996,0.13006231097928408,0.14753110369943814
A,0.12985964912280704,0.14731505515757057,state0,6.006006006006006,0.13005984641084675,0.1475284765923591
A,0.12985964912280704,0.14731505515757057,state0,6.016016016016016,0.13005741177855493,0.14752588138955194
A,0.12985964912280704,0.14731505515757057,state0,6.026026026026026,0.1300550067194019,0.14752331770429203
A,0.12985964912280704,0.14731505515757057,state0,6.036036036036036,0.13005263087476493,0.14752078515452158
A,0.12985964912280704,0.14731505515757057,state0,6.046046046046046,0.13005028389035264,0.14751828336279388
A,0.12985964912280704,0.14731505515757057,state0,6.056056056056056,0.13004796541615324,0.14751581195621807
A,0.12985964912280704,0.14731505515757057,state0,6.066066066066066,0.13004567510638304,0.1475133705664046
A,0.12985964912280704,0.14731505515757057,state0,6.076076076076076,0.1300434126194359,0.14751095882941115
A,0.12985964912280704,0.14731505515757057,state0,6.086086086086086,0.13004117761783293,0.14750857638568968
A,0.12985964912280704,0.14731505515757057,state0,6.096096096096096,0.13003896976817322,0.14750622288003348
A,0.12985964912280704,0.14731505515757057,state0,6.106106106106106,0.13003678874108468,0.14750389796152538
A,0.12985964912280704,0.14731505515757057,state0,6.116116116116116,0.13003463421117578,0.14750160128348613
A,0.12985964912280704,0.14731505515757057,state0,6.126126126126126,0.13003250585698778,0.14749933250342373
A,0.12985964912280704,0.14731505515757057,state0,6.136136136136136,0.13003040336094746,0.14749709128298324
A,0.12985964912280704,0.14731505515757057,state0,6.146146146146146,0.13002832640932052,0.147494877287897
A,0.12985964912280704,0.14731505515757057,state0,6.156156156156156,0.13002627469216538,0.14749269018793584
A,0.12985964912280704,0.14731505515757057,state0,6.166166166166166,0.1300242479032877,0.14749052965686044
A,0.12985964912280704,0.14731505515757057,state0,6.176176176176176,0.13002224574019539,0.1474883953723735
A,0.12985964912280704,0.14731505515757057,state0,6.186186186186186,0.13002026790405402,0.1474862870160725
A,0.12985964912280704,0.14731505515757057,state0,6.196196196196196,0.13001831409964293,0.1474842042734029
A,0.12985964912280704,0.14731505515757057,state0,6.206206206206206,0.13001638403531174,0.14748214683361185
A,0.12985964912280704,0.14731505515757057,state0,6.216216216216216,0.13001447742293745,0.14748011438970277
A,0.12985964912280704,0.14731505515757057,state0,6.226226226226226,0.13001259397788206,0.14747810663839
A,0.12985964912280704,0.14731505515757057,state0,6.236236236236236,0.1300107334189506,0.14747612328005438
A,0.12985964912280704,0.14731505515757057,state0,6.246246246246246,0.1300088954683498,0.1474741640186991
A,0.12985964912280704,0.14731505515757057,state0,6.256256256256256,0.130007079851647,0.14747222856190623
A,0.12985964912280704,0.14731505515757057,state0,6.266266266266266,0.13000528629772995,0.1474703166207937
A,0.12985964912280704,0.14731505515757057,state0,6.276276276276276,0.13000351453876666,0.1474684279099728
A,0.12985964912280704,0.14731505515757057,state0,6.286286286286286,0.13000176431016597,0.14746656214750617
A,0.12985964912280704,0.14731505515757057,state0,6.296296296296296,0.1300000353505386,0.14746471905486633
A,0.12985964912280704,0.14731505515757057,state0,6.306306306306306,0.12999832740165862,0.14746289835689463
A,0.12985964912280704,0.14731505515757057,state0,6.316316316316316,0.1299966402084252,0.14746109978176078
A,0.12985964912280704,0.14731505515757057,state0,6.326326326326326,0.1299949735188251,0.14745932306092274
A,0.12985964912280704,0.14731505515757057,state0,6.336336336336336,0.12999332708389555,0.1474575679290873
A,0.12985964912280704,0.14731505515757057,state0,6.346346346346346,0.12999170065768728,0.14745583412417076
A,0.12985964912280704,0.14731505515757057,state0,6.356356356356356,0.1299900939972285,0.14745412138726052
A,0.12985964912280704,0.14731505515757057,state0,6.366366366366366,0.12998850686248878,0.14745242946257683
A,0.12985964912280704,0.14731505515757057,state0,6.376376376376376,0.12998693901634373,0.14745075809743505
A,0.12985964912280704,0.14731505515757057,state0,6.386386386386386,0.12998539022453998,0.14744910704220843
A,0.12985964912280704,0.14731505515757057,state0,6.396396396396396,0.12998386025566047,0.14744747605029124
A,0.12985964912280704,0.14731505515757057,state0,6.406406406406406,0.12998234888109045,0.14744586487806235
A,0.12985964912280704,0.14731505515757057,state0,6.416416416416417,0.12998085587498343,0.14744427328484944
A,0.12985964912280704,0.14731505515757057,state0,6.426426426426427,0.12997938101422804,0.14744270103289336
A,0.12985964912280704,0.14731505515757057,state0,6.436436436436437,0.12997792407841494,0.14744114788731305
A,0.12985964912280704,0.14731505515757057,state0,6.446446446446447,0.12997648484980423,0.14743961361607075
A,0.12985964912280704,0.14731505515757057,state0,6.456456456456457,0.12997506311329318,0.14743809798993796
A,0.12985964912280704,0.14731505515757057,state0,6.466466466466467,0.12997365865638463,0.1474366007824614
A,0.12985964912280704,0.14731505515757057,state0,6.476476476476477,0.12997227126915534,0.14743512176992962
A,0.12985964912280704,0.14731505515757057,state0,6.486486486486487,0.12997090074422493,0.14743366073133998
A,0.12985964912280704,0.14731505515757057,state0,6.496496496496497,0.1299695468767254,0.14743221744836582
A,0.12985964912280704,0.14731505515757057,state0,6.506506506506507,0.1299682094642706,0.14743079170532444
A,0.12985964912280704,0.14731505515757057,state0,6.516516516516517,0.12996688830692632,0.147429383289145
A,0.12985964912280704,0.14731505515757057,state0,6.526526526526527,0.12996558320718074,0.14742799198933712
A,0.12985964912280704,0.14731505515757057,state0,6.536536536536537,0.12996429396991513,0.14742661759795972
A,0.12985964912280704,0.14731505515757057,state0,6.546546546546547,0.129963020402375,0.1474252599095903
A,0.12985964912280704,0.14731505515757057,state0,6.556556556556557,0.1299617623141415,0.14742391872129446
A,0.12985964912280704,0.14731505515757057,state0,6.566566566566567,0.1299605195171032,0.1474225938325959
A,0.12985964912280704,0.14731505515757057,state0,6.576576576576577,0.12995929182542829,0.14742128504544685
A,0.12985964912280704,0.14731505515757057,state0,6.586586586586587,0.12995807905553697,0.14741999216419863
A,0.12985964912280704,0.14731505515757057,state0,6.596596596596597,0.12995688102607425,0.1474187149955728
A,0.12985964912280704,0.14731505515757057,state0,6.606606606606607,0.12995569755788317,0.14741745334863235
A,0.12985964912280704,0.14731505515757057,state0,6.616616616616617,0.129954528473978,0.14741620703475367
A,0.12985964912280704,0.14731505515757057,state0,6.626626626626627,0.1299533735995183,0.14741497586759844
A,0.12985964912280704,0.14731505515757057,state0,6.636636636636637,0.12995223276178275,0.14741375966308606
A,0.12985964912280704,0.14731505515757057,state0,6.646646646646647,0.12995110579014357,0.14741255823936647
A,0.12985964912280704,0.14731505515757057,state0,6.656656656656657,0.12994999251604142,0.14741137141679309
A,0.12985964912280704,0.14731505515757057,state0,6.666666666666667,0.1299488927729601,0.14741019901789618
A,0.12985964912280704,0.14731505515757057,state0,6.676676676676677,0.129947806396402,0.14740904086735668
A,0.12985964912280704,0.14731505515757057,state0,6.686686686686687,0.12994673322386366,0.14740789679198008
A,0.12985964912280704,0.14731505515757057,state0,6.696696696696697,0.1299456730948117,0.14740676662067081
A,0.12985964912280704,0.14731505515757057,state0,6.706706706706707,0.12994462585065888,0.14740565018440688
A,0.12985964912280704,0.14731505515757057,state0,6.716716716716717,0.12994359133474068,0.14740454731621472
A,0.12985964912280704,0.14731505515757057,state0,6.726726726726727,0.12994256939229193,0.1474034578511445
A,0.12985964912280704,0.14731505515757057,state0,6.736736736736737,0.12994155987042394,0.1474023816262457
A,0.12985964912280704,0.14731505515757057,state0,6.746746746746747,0.12994056261810163,0.14740131848054278
A,0.12985964912280704,0.14731505515757057,state0,6.756756756756757,0.1299395774861213,0.14740026825501143
A,0.12985964912280704,0.14731505515757057,state0,6.766766766766767,0.1299386043270883,0.14739923079255499
A,0.12985964912280704,0.14731505515757057,state0,6.776776776776777,0.12993764299539526,0.1473982059379809
A,0.12985964912280704,0.14731505515757057,state0,6.786786786786787,0.12993669334720034,0.147397193537978
A,0.12985964912280704,0.14731505515757057,state0,6.796796796796797,0.12993575524040593,0.14739619344109353
A,0.12985964912280704,0.14731505515757057,state0,6.806806806806807,0.12993482853463753,0.1473952054977107
A,0.12985964912280704,0.14731505515757057,state0,6.816816816816817,0.12993391309122282,0.14739422956002654
A,0.12985964912280704,0.14731505515757057,state0,6.826826826826827,0.12993300877317115,0.1473932654820298
A,0.12985964912280704,0.14731505515757057,state0,6.836836836836837,0.12993211544515307,0.14739231311947945
A,0.12985964912280704,0.14731505515757057,state0,6.846846846846847,0.12993123297348033,0.14739137232988314
A,0.12985964912280704,0.14731505515757057,state0,6.856856856856857,0.1299303612260858,0.147390442972476
A,0.12985964912280704,0.14731505515757057,state0,6.866866866866867,0.12992950007250412,0.14738952490819981
A,0.12985964912280704,0.14731505515757057,state0,6.876876876876877,0.129928649383852,0.14738861799968234
A,0.12985964912280704,0.14731505515757057,state0,6.886886886886887,0.1299278090328093,0.1473877221112168
A,0.12985964912280704,0.14731505515757057,state0,6.896896896896897,0.12992697889359986,0.14738683710874184
A,0.12985964912280704,0.14731505515757057,state0,6.906906906906907,0.12992615884197298,0.1473859628598215
A,0.12985964912280704,0.14731505515757057,state0,6.916916916916917,0.12992534875518486,0.1473850992336256
A,0.12985964912280704,0.14731505515757057,state0,6.926926926926927,0.1299245485119803,0.14738424610091028
A,0.12985964912280704,0.14731505515757057,state0,6.936936936936937,0.1299237579925747,0.14738340333399863
A,0.12985964912280704,0.14731505515757057,state0,6.946946946946947,0.12992297707863623,0.14738257080676195
A,0.12985964912280704,0.14731505515757057,state0,6.956956956956957,0.12992220565326817,0.14738174839460086
A,0.12985964912280704,0.14731505515757057,state0,6.966966966966967,0.12992144360099164,0.14738093597442667
A,0.12985964912280704,0.14731505515757057,state0,6.976976976976977,0.12992069080772822,0.14738013342464332
A,0.12985964912280704,0.14731505515757057,state0,6.986986986986987,0.12991994716078312,0.14737934062512906
A,0.12985964912280704,0.14731505515757057,state0,6.996996996996997,0.1299192125488283,0.14737855745721862
A,0.12985964912280704,0.14731505515757057,state0,7.007007007007007,0.12991848686188595,0.14737778380368569
A,0.12985964912280704,0.14731505515757057,state0,7.017017017017017,0.12991776999131213,0.14737701954872534
A,0.12985964912280704,0.14731505515757057,state0,7.027027027027027,0.12991706182978052,0.14737626457793682
A,0.12985964912280704,0.14731505515757057,state0,7.037037037037037,0.12991636227126646,0.14737551877830649
A,0.12985964912280704,0.14731505515757057,state0,7.047047047047047,0.12991567121103123,0.14737478203819113
A,0.12985964912280704,0.14731505515757057,state0,7.057057057057057,0.1299149885456063,0.14737405424730113
A,0.12985964912280704,0.14731505515757057,state0,7.067067067067067,0.12991431417277802,0.1473733352966843
A,0.12985964912280704,0.14731505515757057,state0,7.077077077077077,0.1299136479915724,0.14737262507870938
A,0.12985964912280704,0.14731505515757057,state0,7.087087087087087,0.12991298990224,0.14737192348705022
A,0.12985964912280704,0.14731505515757057,state0,7.097097097097097,0.1299123398062412,0.1473712304166699
A,0.12985964912280704,0.14731505515757057,state0,7.107107107107107,0.1299116976062312,0.147370545763805
A,0.12985964912280704,0.14731505515757057,state0,7.117117117117117,0.12991106320604592,0.14736986942595023
A,0.12985964912280704,0.14731505515757057,state0,7.127127127127127,0.1299104365106874,0.14736920130184317
A,0.12985964912280704,0.14731505515757057,state0,7.137137137137137,0.12990981742630967,0.1473685412914491
A,0.12985964912280704,0.14731505515757057,state0,7.147147147147147,0.12990920586020485,0.14736788929594613
A,0.12985964912280704,0.14731505515757057,state0,7.157157157157157,0.12990860172078927,0.1473672452177106
A,0.12985964912280704,0.14731505515757057,state0,7.167167167167167,0.1299080049175898,0.14736660896030232
A,0.12985964912280704,0.14731505515757057,state0,7.177177177177177,0.12990741536123043,0.14736598042845028
A,0.12985964912280704,0.14731505515757057,state0,7.187187187187187,0.12990683296341882,0.14736535952803864
A,0.12985964912280704,0.14731505515757057,state0,7.197197197197197,0.12990625763693325,0.14736474616609235
A,0.12985964912280704,0.14731505515757057,state0,7.207207207207207,0.12990568929560958,0.14736414025076358
A,0.12985964912280704,0.14731505515757057,state0,7.217217217217217,0.1299051278543284,0.14736354169131793
A,0.12985964912280704,0.14731505515757057,state0,7.227227227227227,0.12990457322900217,0.14736295039812083
A,0.12985964912280704,0.14731505515757057,state0,7.237237237237237,0.12990402533656312,0.14736236628262434
A,0.12985964912280704,0.14731505515757057,state0,7.247247247247247,0.12990348409495026,0.14736178925735377
A,0.12985964912280704,0.14731505515757057,state0,7.257257257257257,0.12990294942309766,0.1473612192358947
A,0.12985964912280704,0.14731505515757057,state0,7.267267267267267,0.129902421240922,0.14736065613288032
A,0.12985964912280704,0.14731505515757057,state0,7.277277277277277,0.12990189946931086,0.14736009986397822
A,0.12985964912280704,0.14731505515757057,state0,7.287287287287287,0.1299013840301107,0.14735955034587828
A,0.12985964912280704,0.14731505515757057,state0,7.297297297297297,0.12990087484611545,0.14735900749627992
A,0.12985964912280704,0.14731505515757057,state0,7.307307307307307,0.1299003718410547,0.14735847123388007
A,0.12985964912280704,0.14731505515757057,state0,7.317317317317317,0.12989987493958263,0.14735794147836084
A,0.12985964912280704,0.14731505515757057,state0,7.327327327327327,0.12989938406726645,0.14735741815037764
A,0.12985964912280704,0.14731505515757057,state0,7.337337337337337,0.12989889915057554,0.14735690117154743
A,0.12985964912280704,0.14731505515757057,state0,7.347347347347347,0.1298984201168703,0.14735639046443672
A,0.12985964912280704,0.14731505515757057,state0,7.357357357357357,0.12989794689439144,0.14735588595255036
A,0.12985964912280704,0.14731505515757057,state0,7.367367367367367,0.1298974794122492,0.14735538756032002
A,0.12985964912280704,0.14731505515757057,state0,7.377377377377377,0.1298970176004127,0.14735489521309272
A,0.12985964912280704,0.14731505515757057,state0,7.387387387387387,0.12989656138969968,0.14735440883711998
A,0.12985964912280704,0.14731505515757057,state0,7.397397397397397,0.12989611071176596,0.1473539283595466
A,0.12985964912280704,0.14731505515757057,state0,7.407407407407407,0.12989566549909534,0.14735345370839997
A,0.12985964912280704,0.14731505515757057,state0,7.4174174174174174,0.12989522568498954,0.14735298481257908
A,0.12985964912280704,0.14731505515757057,state0,7.4274274274274275,0.12989479120355815,0.14735252160184412
A,0.12985964912280704,0.14731505515757057,state0,7.4374374374374375,0.12989436198970886,0.14735206400680595
A,0.12985964912280704,0.14731505515757057,state0,7.4474474474474475,0.1298939379791377,0.14735161195891566
A,0.12985964912280704,0.14731505515757057,state0,7.4574574574574575,0.1298935191083195,0.1473511653904544
A,0.12985964912280704,0.14731505515757057,state0,7.4674674674674675,0.12989310531449832,0.14735072423452328
A,0.12985964912280704,0.14731505515757057,state0,7.4774774774774775,0.12989269653567811,0.14735028842503337
A,0.12985964912280704,0.14731505515757057,state0,7.4874874874874875,0.1298922927106135,0.14734985789669575
A,0.12985964912280704,0.14731505515757057,state0,7.4974974974974975,0.1298918937788005,0.1473494325850119
A,0.12985964912280704,0.14731505515757057,state0,7.5075075075075075,0.1298914996804677,0.147349012426264
A,0.12985964912280704,0.14731505515757057,state0,7.5175175175175175,0.12989111035656703,0.14734859735750536
A,0.12985964912280704,0.14731505515757057,state0,7.5275275275275275,0.12989072574876528,0.14734818731655108
A,0.12985964912280704,0.14731505515757057,state0,7.5375375375375375,0.1298903457994351,0.14734778224196884
A,0.12985964912280704,0.14731505515757057,state0,7.5475475475475475,0.12988997045164655,0.14734738207306952
A,0.12985964912280704,0.14731505515757057,state0,7.5575575575575575,0.1298895996491585,0.14734698674989832
A,0.12985964912280704,0.14731505515757057,state0,7.5675675675675675,0.12988923333641036,0.1473465962132257
A,0.12985964912280704,0.14731505515757057,state0,7.5775775775775776,0.12988887145851363,0.14734621040453866
A,0.12985964912280704,0.14731505515757057,state0,7.587587587587588,0.1298885139612437,0.14734582926603176
A,0.12985964912280704,0.14731505515757057,state0,7.597597597597598,0.1298881607910319,0.1473454527405987
A,0.12985964912280704,0.14731505515757057,state0,7.607607607607608,0.12988781189495735,0.14734508077182376
A,0.12985964912280704,0.14731505515757057,state0,7.617617617617618,0.12988746722073913,0.14734471330397325
A,0.12985964912280704,0.14731505515757057,state0,7.627627627627628,0.1298871267167283,0.14734435028198734
A,0.12985964912280704,0.14731505515757057,state0,7.637637637637638,0.1298867903319005,0.14734399165147163
A,0.12985964912280704,0.14731505515757057,state0,7.647647647647648,0.12988645801584797,0.1473436373586893
A,0.12985964912280704,0.14731505515757057,state0,7.657657657657658,0.1298861297187723,0.1473432873505528
A,0.12985964912280704,0.14731505515757057,state0,7.667667667667668,0.12988580539147676,0.1473429415746161
A,0.12985964912280704,0.14731505515757057,state0,7.677677677677678,0.12988548498535907,0.14734259997906674
A,0.12985964912280704,0.14731505515757057,state0,7.687687687687688,0.12988516845240416,0.1473422625127182
A,0.12985964912280704,0.14731505515757057,state0,7.697697697697698,0.12988485574517689,0.14734192912500216
A,0.12985964912280704,0.14731505515757057,state0,7.707707707707708,0.12988454681681502,0.1473415997659609
A,0.12985964912280704,0.14731505515757057,state0,7.717717717717718,0.12988424162102222,0.14734127438624
A,0.12985964912280704,0.14731505515757057,state0,7.727727727727728,0.12988394011206109,0.14734095293708083
A,0.12985964912280704,0.14731505515757057,state0,7.737737737737738,0.1298836422447463,0.14734063537031322
A,0.12985964912280704,0.14731505515757057,state0,7.747747747747748,0.12988334797443796,0.14734032163834845
A,0.12985964912280704,0.14731505515757057,state0,7.757757757757758,0.12988305725703486,0.1473400116941719
A,0.12985964912280704,0.14731505515757057,state0,7.767767767767768,0.1298827700489678,0.14733970549133624
A,0.12985964912280704,0.14731505515757057,state0,7.777777777777778,0.12988248630719323,0.14733940298395432
A,0.12985964912280704,0.14731505515757057,state0,7.787787787787788,0.12988220598918673,0.14733910412669232
A,0.12985964912280704,0.14731505515757057,state0,7.797797797797798,0.12988192905293663,0.14733880887476317
A,0.12985964912280704,0.14731505515757057,state0,7.807807807807808,0.12988165545693775,0.14733851718391955
A,0.12985964912280704,0.14731505515757057,state0,7.817817817817818,0.12988138516018521,0.1473382290104475
A,0.12985964912280704,0.14731505515757057,state0,7.827827827827828,0.1298811181221683,0.14733794431115982
A,0.12985964912280704,0.14731505515757057,state0,7.837837837837838,0.1298808543028643,0.1473376630433896
A,0.12985964912280704,0.14731505515757057,state0,7.847847847847848,0.12988059366273272,0.1473373851649838
A,0.12985964912280704,0.14731505515757057,state0,7.857857857857858,0.1298803361627092,0.147337110634297
A,0.12985964912280704,0.14731505515757057,state0,7.867867867867868,0.1298800817641997,0.14733683941018522
A,0.12985964912280704,0.14731505515757057,state0,7.877877877877878,0.1298798304290748,0.14733657145199958
A,0.12985964912280704,0.14731505515757057,state0,7.887887887887888,0.1298795821196639,0.14733630671958048
A,0.12985964912280704,0.14731505515757057,state0,7.897897897897898,0.12987933679874966,0.14733604517325138
A,0.12985964912280704,0.14731505515757057,state0,7.907907907907908,0.1298790944295624,0.14733578677381293
A,0.12985964912280704,0.14731505515757057,state0,7.917917917917918,0.1298788549757745,0.14733553148253717
A,0.12985964912280704,0.14731505515757057,state0,7.927927927927928,0.12987861840149525,0.14733527926116163
A,0.12985964912280704,0.14731505515757057,state0,7.937937937937938,0.12987838467126517,0.14733503007188373
A,0.12985964912280704,0.14731505515757057,state0,7.947947947947948,0.12987815375005082,0.147334783877355
A,0.12985964912280704,0.14731505515757057,state0,7.957957957957958,0.1298779256032396,0.14733454064067547
A,0.12985964912280704,0.14731505515757057,state0,7.967967967967968,0.12987770019663455,0.14733430032538847
A,0.12985964912280704,0.14731505515757057,state0,7.977977977977978,0.12987747749644915,0.14733406289547465
A,0.12985964912280704,0.14731505515757057,state0,7.987987987987988,0.1298772574693024,0.14733382831534705
A,0.12985964912280704,0.14731505515757057,state0,7.997997997997998,0.12987704008221373,0.14733359654984557
A,0.12985964912280704,0.14731505515757057,state0,8.008008008008009,0.12987682530259806,0.1473333675642317
A,0.12985964912280704,0.14731505515757057,state0,8.018018018018019,0.129876613098261,0.14733314132418335
A,0.12985964912280704,0.14731505515757057,state0,8.028028028028029,0.129876403437394,0.1473329177957898
A,0.12985964912280704,0.14731505515757057,state0,8.038038038038039,0.12987619628856947,0.14733269694554646
A,0.12985964912280704,0.14731505515757057,state0,8.048048048048049,0.12987599162073626,0.14733247874035
A,0.12985964912280704,0.14731505515757057,state0,8.058058058058059,0.12987578940321493,0.14733226314749326
A,0.12985964912280704,0.14731505515757057,state0,8.068068068068069,0.12987558960569312,0.1473320501346606
A,0.12985964912280704,0.14731505515757057,state0,8.078078078078079,0.12987539219822114,0.14733183966992275
A,0.12985964912280704,0.14731505515757057,state0,8.088088088088089,0.12987519715120724,0.14733163172173225
A,0.12985964912280704,0.14731505515757057,state0,8.098098098098099,0.12987500443541353,0.1473314262589186
A,0.12985964912280704,0.14731505515757057,state0,8.108108108108109,0.1298748140219512,0.14733122325068373
A,0.12985964912280704,0.14731505515757057,state0,8.118118118118119,0.12987462588227663,0.14733102266659728
A,0.12985964912280704,0.14731505515757057,state0,8.128128128128129,0.12987443998818674,0.14733082447659207
A,0.12985964912280704,0.14731505515757057,state0,8.138138138138139,0.12987425631181496,0.14733062865095964
A,0.12985964912280704,0.14731505515757057,state0,8.148148148148149,0.12987407482562702,0.14733043516034575
A,0.12985964912280704,0.14731505515757057,state0,8.158158158158159,0.12987389550241688,0.14733024397574598
A,0.12985964912280704,0.14731505515757057,state0,8.168168168168169,0.12987371831530253,0.14733005506850147
A,0.12985964912280704,0.14731505515757057,state0,8.178178178178179,0.12987354323772204,0.14732986841029455
A,0.12985964912280704,0.14731505515757057,state0,8.188188188188189,0.12987337024342968,0.14732968397314455
A,0.12985964912280704,0.14731505515757057,state0,8.198198198198199,0.12987319930649177,0.14732950172940357
A,0.12985964912280704,0.14731505515757057,state0,8.208208208208209,0.12987303040128298,0.14732932165175236
A,0.12985964912280704,0.14731505515757057,state0,8.218218218218219,0.12987286350248248,0.14732914371319625
A,0.12985964912280704,0.14731505515757057,state0,8.228228228228229,0.12987269858507,0.14732896788706104
A,0.12985964912280704,0.14731505515757057,state0,8.238238238238239,0.12987253562432224,0.14732879414698913
A,0.12985964912280704,0.14731505515757057,state0,8.248248248248249,0.1298723745958091,0.14732862246693543
A,0.12985964912280704,0.14731505515757057,state0,8.258258258258259,0.1298722154753901,0.14732845282116355
A,0.12985964912280704,0.14731505515757057,state0,8.268268268268269,0.12987205823921058,0.14732828518424199
A,0.12985964912280704,0.14731505515757057,state0,8.278278278278279,0.12987190286369835,0.14732811953104014
A,0.12985964912280704,0.14731505515757057,state0,8.288288288288289,0.12987174932556,0.14732795583672473
A,0.12985964912280704,0.14731505515757057,state0,8.298298298298299,0.12987159760177752,0.14732779407675606
A,0.12985964912280704,0.14731505515757057,state0,8.308308308308309,0.1298714476696047,0.14732763422688425
A,0.12985964912280704,0.14731505515757057,state0,8.318318318318319,0.12987129950656398,0.14732747626314563
A,0.12985964912280704,0.14731505515757057,state0,8.328328328328329,0.1298711530904428,0.14732732016185915
A,0.12985964912280704,0.14731505515757057,state0,8.338338338338339,0.12987100839929044,0.14732716589962297
A,0.12985964912280704,0.14731505515757057,state0,8.348348348348349,0.12987086541141477,0.14732701345331076
A,0.12985964912280704,0.14731505515757057,state0,8.358358358358359,0.12987072410537878,0.14732686280006832
A,0.12985964912280704,0.14731505515757057,state0,8.368368368368369,0.12987058445999763,0.14732671391731014
A,0.12985964912280704,0.14731505515757057,state0,8.378378378378379,0.12987044645433535,0.14732656678271613
A,0.12985964912280704,0.14731505515757057,state0,8.388388388388389,0.12987031006770167,0.14732642137422808
A,0.12985964912280704,0.14731505515757057,state0,8.398398398398399,0.129870175279649,0.14732627767004652
A,0.12985964912280704,0.14731505515757057,state0,8.408408408408409,0.12987004206996933,0.14732613564862737
A,0.12985964912280704,0.14731505515757057,state0,8.418418418418419,0.12986991041869123,0.1473259952886787
A,0.12985964912280704,0.14731505515757057,state0,8.428428428428429,0.12986978030607677,0.14732585656915767
A,0.12985964912280704,0.14731505515757057,state0,8.438438438438439,0.12986965171261872,0.1473257194692672
A,0.12985964912280704,0.14731505515757057,state0,8.448448448448449,0.12986952461903747,0.14732558396845302
A,0.12985964912280704,0.14731505515757057,state0,8.458458458458459,0.12986939900627828,0.1473254500464004
A,0.12985964912280704,0.14731505515757057,state0,8.468468468468469,0.12986927485550825,0.14732531768303136
A,0.12985964912280704,0.14731505515757057,state0,8.478478478478479,0.1298691521481137,0.14732518685850143
A,0.12985964912280704,0.14731505515757057,state0,8.488488488488489,0.12986903086569723,0.14732505755319678
A,0.12985964912280704,0.14731505515757057,state0,8.498498498498499,0.12986891099007508,0.14732492974773131
A,0.12985964912280704,0.14731505515757057,state0,8.508508508508509,0.12986879250327427,0.14732480342294366
A,0.12985964912280704,0.14731505515757057,state0,8.518518518518519,0.12986867538753005,0.14732467855989448
A,0.12985964912280704,0.14731505515757057,state0,8.528528528528529,0.12986855962528313,0.1473245551398634
A,0.12985964912280704,0.14731505515757057,state0,8.538538538538539,0.12986844519917715,0.14732443314434635
A,0.12985964912280704,0.14731505515757057,state0,8.548548548548549,0.12986833209205592,0.1473243125550528
A,0.12985964912280704,0.14731505515757057,state0,8.558558558558559,0.12986822028696107,0.14732419335390295
A,0.12985964912280704,0.14731505515757057,state0,8.568568568568569,0.12986810976712929,0.14732407552302515
A,0.12985964912280704,0.14731505515757057,state0,8.578578578578579,0.12986800051598996,0.14732395904475298
A,0.12985964912280704,0.14731505515757057,state0,8.588588588588589,0.12986789251716271,0.1473238439016229
A,0.12985964912280704,0.14731505515757057,state0,8.598598598598599,0.1298677857544547,0.1473237300763714
A,0.12985964912280704,0.14731505515757057,state0,8.608608608608609,0.12986768021185852,0.1473236175519325
A,0.12985964912280704,0.14731505515757057,state0,8.618618618618619,0.12986757587354963,0.1473235063114352
A,0.12985964912280704,0.14731505515757057,state0,8.62862862862863,0.12986747272388396,0.147323396338201
A,0.12985964912280704,0.14731505515757057,state0,8.63863863863864,0.12986737074739566,0.14732328761574132
A,0.12985964912280704,0.14731505515757057,state0,8.64864864864865,0.1298672699287947,0.14732318012775503
A,0.12985964912280704,0.14731505515757057,state0,8.65865865865866,0.12986717025296463,0.1473230738581261
A,0.12985964912280704,0.14731505515757057,state0,8.66866866866867,0.12986707170496029,0.14732296879092102
A,0.12985964912280704,0.14731505515757057,state0,8.67867867867868,0.1298669742700056,0.14732286491038663
A,0.12985964912280704,0.14731505515757057,state0,8.68868868868869,0.12986687793349133,0.14732276220094753
A,0.12985964912280704,0.14731505515757057,state0,8.6986986986987,0.12986678268097288,0.14732266064720398
A,0.12985964912280704,0.14731505515757057,state0,8.70870870870871,0.12986668849816815,0.14732256023392934
A,0.12985964912280704,0.14731505515757057,state0,8.71871871871872,0.12986659537095543,0.14732246094606807
A,0.12985964912280704,0.14731505515757057,state0,8.72872872872873,0.12986650328537122,0.1473223627687332
A,0.12985964912280704,0.14731505515757057,state0,8.73873873873874,0.12986641222760814,0.14732226568720427
A,0.12985964912280704,0.14731505515757057,state0,8.74874874874875,0.1298663221840129,0.14732216968692516
A,0.12985964912280704,0.14731505515757057,state0,8.75875875875876,0.12986623314108428,0.14732207475350165
A,0.12985964912280704,0.14731505515757057,state0,8.76876876876877,0.129866145085471,0.14732198087269957
A,0.12985964912280704,0.14731505515757057,state0,8.77877877877878,0.12986605800396983,0.14732188803044255
A,0.12985964912280704,0.14731505515757057,state0,8.78878878878879,0.12986597188352358,0.14732179621280986
A,0.12985964912280704,0.14731505515757057,state0,8.7987987987988,0.12986588671121907,0.14732170540603431
A,0.12985964912280704,0.14731505515757057,state0,8.80880880880881,0.12986580247428536,0.14732161559650037
A,0.12985964912280704,0.14731505515757057,state0,8.81881881881882,0.12986571916009157,0.1473215267707419
A,0.12985964912280704,0.14731505515757057,state0,8.82882882882883,0.1298656367561453,0.14732143891544022
A,0.12985964912280704,0.14731505515757057,state0,8.83883883883884,0.12986555525009055,0.1473213520174222
A,0.12985964912280704,0.14731505515757057,state0,8.84884884884885,0.12986547462970588,0.14732126606365814
A,0.12985964912280704,0.14731505515757057,state0,8.85885885885886,0.12986539488290275,0.14732118104125996
A,0.12985964912280704,0.14731505515757057,state0,8.86886886886887,0.1298653159977234,0.1473210969374792
A,0.12985964912280704,0.14731505515757057,state0,8.87887887887888,0.1298652379623394,0.147321013739705
A,0.12985964912280704,0.14731505515757057,state0,8.88888888888889,0.12986516076504964,0.14732093143546246
A,0.12985964912280704,0.14731505515757057,state0,8.8988988988989,0.12986508439427863,0.1473208500124105
A,0.12985964912280704,0.14731505515757057,state0,8.90890890890891,0.12986500883857488,0.14732076945834024
A,0.12985964912280704,0.14731505515757057,state0,8.91891891891892,0.12986493408660899,0.147320689761173
A,0.12985964912280704,0.14731505515757057,state0,8.92892892892893,0.1298648601271721,0.1473206109089586
A,0.12985964912280704,0.14731505515757057,state0,8.93893893893894,0.12986478694917417,0.1473205328898735
A,0.12985964912280704,0.14731505515757057,state0,8.94894894894895,0.12986471454164233,0.1473204556922191
A,0.12985964912280704,0.14731505515757057,state0,8.95895895895896,0.12986464289371918,0.1473203793044199
A,0.12985964912280704,0.14731505515757057,state0,8.96896896896897,0.1298645719946612,0.14732030371502186
A,0.12985964912280704,0.14731505515757057,state0,8.97897897897898,0.12986450183383713,0.14732022891269056
A,0.12985964912280704,0.14731505515757057,state0,8.98898898898899,0.1298644324007264,0.14732015488620956
A,0.12985964912280704,0.14731505515757057,state0,8.998998998999,0.1298643636849176,0.14732008162447885
A,0.12985964912280704,0.14731505515757057,state0,9.00900900900901,0.12986429567610674,0.147320009116513
A,0.12985964912280704,0.14731505515757057,state0,9.01901901901902,0.12986422836409595,0.1473199373514395
A,0.12985964912280704,0.14731505515757057,state0,9.02902902902903,0.1298641617387917,0.14731986631849736
A,0.12985964912280704,0.14731505515757057,state0,9.03903903903904,0.1298640957902035,0.1473197960070353
A,0.12985964912280704,0.14731505515757057,state0,9.04904904904905,0.12986403050844228,0.1473197264065101
A,0.12985964912280704,0.14731505515757057,state0,9.05905905905906,0.12986396588371896,0.14731965750648526
A,0.12985964912280704,0.14731505515757057,state0,9.06906906906907,0.12986390190634298,0.14731958929662922
A,0.12985964912280704,0.14731505515757057,state0,9.07907907907908,0.12986383856672074,0.14731952176671392
A,0.12985964912280704,0.14731505515757057,state0,9.08908908908909,0.1298637758553544,0.14731945490661327
A,0.12985964912280704,0.14731505515757057,state0,9.0990990990991,0.1298637137628402,0.14731938870630146
A,0.12985964912280704,0.14731505515757057,state0,9.10910910910911,0.12986365227986718,0.1473193231558518
A,0.12985964912280704,0.14731505515757057,state0,9.11911911911912,0.1298635913972158,0.14731925824543485
A,0.12985964912280704,0.14731505515757057,state0,9.12912912912913,0.12986353110575652,0.14731919396531723
A,0.12985964912280704,0.14731505515757057,state0,9.13913913913914,0.1298634713964484,0.14731913030586
A,0.12985964912280704,0.14731505515757057,state0,9.14914914914915,0.12986341226033785,0.1473190672575173
A,0.12985964912280704,0.14731505515757057,state0,9.15915915915916,0.1298633536885571,0.14731900481083487
A,0.12985964912280704,0.14731505515757057,state0,9.16916916916917,0.12986329567232308,0.1473189429564487
A,0.12985964912280704,0.14731505515757057,state0,9.17917917917918,0.129863238202936,0.1473188816850835
A,0.12985964912280704,0.14731505515757057,state0,9.18918918918919,0.129863181271778,0.14731882098755147
A,0.12985964912280704,0.14731505515757057,state0,9.1991991991992,0.12986312487031207,0.1473187608547508
A,0.12985964912280704,0.14731505515757057,state0,9.20920920920921,0.1298630689900804,0.14731870127766428
A,0.12985964912280704,0.14731505515757057,state0,9.21921921921922,0.12986301362270353,0.1473186422473582
A,0.12985964912280704,0.14731505515757057,state0,9.22922922922923,0.1298629587598787,0.1473185837549806
A,0.12985964912280704,0.14731505515757057,state0,9.23923923923924,0.12986290439337897,0.14731852579176039
A,0.12985964912280704,0.14731505515757057,state0,9.24924924924925,0.1298628505150517,0.1473184683490056
A,0.12985964912280704,0.14731505515757057,state0,9.25925925925926,0.1298627971168175,0.1473184114181025
A,0.12985964912280704,0.14731505515757057,state0,9.26926926926927,0.12986274419066893,0.1473183549905139
A,0.12985964912280704,0.14731505515757057,state0,9.27927927927928,0.12986269172866938,0.14731829905777824
A,0.12985964912280704,0.14731505515757057,state0,9.28928928928929,0.12986263972295173,0.14731824361150808
A,0.12985964912280704,0.14731505515757057,state0,9.2992992992993,0.12986258816571739,0.14731818864338886
A,0.12985964912280704,0.14731505515757057,state0,9.30930930930931,0.12986253704923492,0.14731813414517778
A,0.12985964912280704,0.14731505515757057,state0,9.31931931931932,0.129862486365839,0.1473180801087025
A,0.12985964912280704,0.14731505515757057,state0,9.32932932932933,0.12986243610792927,0.14731802652585985
A,0.12985964912280704,0.14731505515757057,state0,9.33933933933934,0.12986238626796912,0.14731797338861474
A,0.12985964912280704,0.14731505515757057,state0,9.34934934934935,0.12986233683848458,0.14731792068899882
A,0.12985964912280704,0.14731505515757057,state0,9.35935935935936,0.12986228781206333,0.1473178684191094
A,0.12985964912280704,0.14731505515757057,state0,9.36936936936937,0.12986223918135337,0.14731781657110818
A,0.12985964912280704,0.14731505515757057,state0,9.37937937937938,0.1298621909390621,0.14731776513722017
A,0.12985964912280704,0.14731505515757057,state0,9.38938938938939,0.1298621430779551,0.14731771410973243
A,0.12985964912280704,0.14731505515757057,state0,9.3993993993994,0.12986209559085513,0.14731766348099293
A,0.12985964912280704,0.14731505515757057,state0,9.40940940940941,0.1298620484706411,0.14731761324340947
A,0.12985964912280704,0.14731505515757057,state0,9.41941941941942,0.12986200171024678,0.14731756338944849
A,0.12985964912280704,0.14731505515757057,state0,9.42942942942943,0.12986195530266,0.1473175139116339
A,0.12985964912280704,0.14731505515757057,state0,9.43943943943944,0.12986190924092145,0.147317464802546
A,0.12985964912280704,0.14731505515757057,state0,9.44944944944945,0.12986186351812368,0.14731741605482052
A,0.12985964912280704,0.14731505515757057,state0,9.45945945945946,0.12986181812741007,0.1473173676611472
A,0.12985964912280704,0.14731505515757057,state0,9.46946946946947,0.12986177306197375,0.1473173196142689
A,0.12985964912280704,0.14731505515757057,state0,9.47947947947948,0.12986172831505666,0.14731727190698052
A,0.12985964912280704,0.14731505515757057,state0,9.48948948948949,0.12986168387994848,0.14731722453212787
A,0.12985964912280704,0.14731505515757057,state0,9.4994994994995,0.12986163974998566,0.14731717748260656
A,0.12985964912280704,0.14731505515757057,state0,9.50950950950951,0.12986159591855037,0.14731713075136102
A,0.12985964912280704,0.14731505515757057,state0,9.51951951951952,0.12986155237906954,0.14731708433138335
A,0.12985964912280704,0.14731505515757057,state0,9.52952952952953,0.12986150912501393,0.14731703821571238
A,0.12985964912280704,0.14731505515757057,state0,9.53953953953954,0.12986146614989702,0.14731699239743254
A,0.12985964912280704,0.14731505515757057,state0,9.54954954954955,0.1298614234472742,0.14731694686967284
A,0.12985964912280704,0.14731505515757057,state0,9.55955955955956,0.12986138101074157,0.14731690162560582
A,0.12985964912280704,0.14731505515757057,state0,9.56956956956957,0.12986133883393527,0.1473168566584466
A,0.12985964912280704,0.14731505515757057,state0,9.57957957957958,0.12986129691053033,0.1473168119614518
A,0.12985964912280704,0.14731505515757057,state0,9.58958958958959,0.1298612552342398,0.14731676752791856
A,0.12985964912280704,0.14731505515757057,state0,9.5995995995996,0.12986121379881368,0.1473167233511835
A,0.12985964912280704,0.14731505515757057,state0,9.60960960960961,0.1298611725980382,0.14731667942462176
A,0.12985964912280704,0.14731505515757057,state0,9.61961961961962,0.12986113162573473,0.14731663574164594
A,0.12985964912280704,0.14731505515757057,state0,9.62962962962963,0.12986109087575887,0.14731659229570523
A,0.12985964912280704,0.14731505515757057,state0,9.63963963963964,0.12986105034199957,0.1473165490802843
A,0.12985964912280704,0.14731505515757057,state0,9.64964964964965,0.12986101001837824,0.14731650608890243
A,0.12985964912280704,0.14731505515757057,state0,9.65965965965966,0.12986096989884774,0.14731646331511247
A,0.12985964912280704,0.14731505515757057,state0,9.66966966966967,0.12986092997739151,0.14731642075249984
A,0.12985964912280704,0.14731505515757057,state0,9.67967967967968,0.12986089024802278,0.14731637839468176
A,0.12985964912280704,0.14731505515757057,state0,9.68968968968969,0.12986085070478348,0.147316336235306
A,0.12985964912280704,0.14731505515757057,state0,9.6996996996997,0.12986081134174352,0.1473162942680501
A,0.12985964912280704,0.14731505515757057,state0,9.70970970970971,0.12986077215299976,0.14731625248662056
A,0.12985964912280704,0.14731505515757057,state0,9.71971971971972,0.1298607331326753,0.14731621088475155
A,0.12985964912280704,0.14731505515757057,state0,9.72972972972973,0.1298606942749183,0.1473161694562043
A,0.12985964912280704,0.14731505515757057,state0,9.73973973973974,0.12986065557390153,0.1473161281947659
A,0.12985964912280704,0.14731505515757057,state0,9.74974974974975,0.12986061702382107,0.1473160870942486
A,0.12985964912280704,0.14731505515757057,state0,9.75975975975976,0.12986057861889572,0.1473160461484887
A,0.12985964912280704,0.14731505515757057,state0,9.76976976976977,0.129860540353366,0.14731600535134576
A,0.12985964912280704,0.14731505515757057,state0,9.77977977977978,0.12986050222149337,0.14731596469670158
A,0.12985964912280704,0.14731505515757057,state0,9.78978978978979,0.12986046421755926,0.14731592417845937
A,0.12985964912280704,0.14731505515757057,state0,9.7997997997998,0.1298604263358644,0.1473158837905427
A,0.12985964912280704,0.14731505515757057,state0,9.80980980980981,0.1298603885707277,0.14731584352689478
A,0.12985964912280704,0.14731505515757057,state0,9.81981981981982,0.12986035091648562,0.14731580338147734
A,0.12985964912280704,0.14731505515757057,state0,9.82982982982983,0.1298603133674913,0.14731576334827
A,0.12985964912280704,0.14731505515757057,state0,9.83983983983984,0.12986027591811353,0.14731572342126903
A,0.12985964912280704,0.14731505515757057,state0,9.84984984984985,0.12986023856273607,0.14731568359448666
A,0.12985964912280704,0.14731505515757057,state0,9.85985985985986,0.12986020129575687,0.14731564386195023
A,0.12985964912280704,0.14731505515757057,state0,9.86986986986987,0.12986016411158702,0.14731560421770112
A,0.12985964912280704,0.14731505515757057,state0,9.87987987987988,0.12986012700465005,0.14731556465579396
A,0.12985964912280704,0.14731505515757057,state0,9.88988988988989,0.1298600899693811,0.14731552517029575
A,0.12985964912280704,0.14731505515757057,state0,9.8998998998999,0.12986005300022602,0.14731548575528497
A,0.12985964912280704,0.14731505515757057,state0,9.90990990990991,0.12986001609164052,0.14731544640485053
A,0.12985964912280704,0.14731505515757057,state0,9.91991991991992,0.12985997923808953,0.14731540711309118
A,0.12985964912280704,0.14731505515757057,state0,9.92992992992993,0.1298599424340461,0.14731536787411437
A,0.12985964912280704,0.14731505515757057,state0,9.93993993993994,0.12985990567399072,0.14731532868203545
A,0.12985964912280704,0.14731505515757057,state0,9.94994994994995,0.1298598689524105,0.14731528953097686
A,0.12985964912280704,0.14731505515757057,state0,9.95995995995996,0.1298598322637983,0.14731525041506718
A,0.12985964912280704,0.14731505515757057,state0,9.96996996996997,0.12985979560265193,0.1473152113284402
A,0.12985964912280704,0.14731505515757057,state0,9.97997997997998,0.12985975896347324,0.14731517226523408
A,0.12985964912280704,0.14731505515757057,state0,9.98998998998999,0.12985972234076748,0.14731513321959058
A,0.12985964912280704,0.14731505515757057,state0,10.0,0.12985968572904233,0.14731509418565406
A,0.12985964912280704,0.14731505515757057,state1,0.0,0.24123010562703504,0.44882584211229354
A,0.12985964912280704,0.14731505515757057,state1,0.01001001001001001,0.24367765984234638,0.445122899343532
A,0.12985964912280704,0.14731505515757057,state1,0.02002002002002002,0.24601907778364718,0.4415182588173878
A,0.12985964912280704,0.14731505515757057,state1,0.03003003003003003,0.24825798181746678,0.4380087056985253
A,0.12985964912280704,0.14731505515757057,state1,0.04004004004004004,0.2503978621461748,0.43459112680465267
A,0.12985964912280704,0.14731505515757057,state1,0.050050050050050046,0.2524420822709192,0.4312625074684002
A,0.12985964912280704,0.14731505515757057,state1,0.06006006006006006,0.25439388417067804,0.4280199284966452
A,0.12985964912280704,0.14731505515757057,state1,0.07007007007007007,0.2562563932179508,0.4248605632240182
A,0.12985964912280704,0.14731505515757057,state1,0.08008008008008008,0.2580326228495832,0.42178167465746763
A,0.12985964912280704,0.14731505515757057,state1,0.09009009009009009,0.25972547900943654,0.4187806127088961
A,0.12985964912280704,0.14731505515757057,state1,0.10010010010010009,0.2613377643780492,0.41585481151300213
A,0.12985964912280704,0.14731505515757057,state1,0.11011011011011011,0.26287218240305815,0.41300178682758065
A,0.12985964912280704,0.14731505515757057,state1,0.12012012012012012,0.26433134114292756,0.4102191335136455
A,0.12985964912280704,0.14731505515757057,state1,0.13013013013013014,0.26571775693545,0.4075045230928352
A,0.12985964912280704,0.14731505515757057,state1,0.14014014014014015,0.267033857901523,0.40485570137966653
A,0.12985964912280704,0.14731505515757057,state1,0.15015015015015015,0.26828198729384317,0.4022704861862852
A,0.12985964912280704,0.14731505515757057,state1,0.16016016016016016,0.2694644066993929,0.39974676509745344
A,0.12985964912280704,0.14731505515757057,state1,0.17017017017017017,0.27058329910390394,0.39728249331359333
A,0.12985964912280704,0.14731505515757057,state1,0.18018018018018017,0.2716407718258608,0.39487569155978247
A,0.12985964912280704,0.14731505515757057,state1,0.19019019019019018,0.2726388593270499,0.3925244440586726
A,0.12985964912280704,0.14731505515757057,state1,0.20020020020020018,0.27357952590615175,0.39022689656536913
A,0.12985964912280704,0.14731505515757057,state1,0.21021021021021022,0.2744646682814181,0.38798125446237924
A,0.12985964912280704,0.14731505515757057,state1,0.22022022022022023,0.27529611806805665,0.38578578091279536
A,0.12985964912280704,0.14731505515757057,state1,0.23023023023023023,0.2760756441555707,0.38363879506994436
A,0.12985964912280704,0.14731505515757057,state1,0.24024024024024024,0.2768049549899526,0.38153867034178807
A,0.12985964912280704,0.14731505515757057,state1,0.2502502502502503,0.27748570076531703,0.3794838327084181
A,0.12985964912280704,0.14731505515757057,state1,0.2602602602602603,0.2781194755292679,0.37747275909103756
A,0.12985964912280704,0.14731505515757057,state1,0.2702702702702703,0.2787078192060316,0.37550397577087585
A,0.12985964912280704,0.14731505515757057,state1,0.2802802802802803,0.2792522195411408,0.37357605685653017
A,0.12985964912280704,0.14731505515757057,state1,0.2902902902902903,0.27975411397123306,0.37168762279827233
A,0.12985964912280704,0.14731505515757057,state1,0.3003003003003003,0.2802148914223175,0.36983733894790805
A,0.12985964912280704,0.14731505515757057,state1,0.3103103103103103,0.280635894039675,0.3680239141628146
A,0.12985964912280704,0.14731505515757057,state1,0.3203203203203203,0.2810184188523767,0.366246099452828
A,0.12985964912280704,0.14731505515757057,state1,0.3303303303303303,0.28136371937524485,0.36450268666868907
A,0.12985964912280704,0.14731505515757057,state1,0.34034034034034033,0.2816730071509247,0.36279250723079665
A,0.12985964912280704,0.14731505515757057,state1,0.35035035035035034,0.281947453234596,0.36111443089705386
A,0.12985964912280704,0.14731505515757057,state1,0.36036036036036034,0.2821881896237206,0.3594673645686294
A,0.12985964912280704,0.14731505515757057,state1,0.37037037037037035,0.28239631063509796,0.3578502511324899
A,0.12985964912280704,0.14731505515757057,state1,0.38038038038038036,0.2825728742313884,0.3562620683395955
A,0.12985964912280704,0.14731505515757057,state1,0.39039039039039036,0.28271890329915256,0.35470182771767933
A,0.12985964912280704,0.14731505515757057,state1,0.40040040040040037,0.28283538688035886,0.35316857351756753
A,0.12985964912280704,0.14731505515757057,state1,0.41041041041041043,0.28292328135921285,0.3516613816920243
A,0.12985964912280704,0.14731505515757057,state1,0.42042042042042044,0.2829835116060768,0.3501793589061373
A,0.12985964912280704,0.14731505515757057,state1,0.43043043043043044,0.28301697208016263,0.3487216415782864
A,0.12985964912280704,0.14731505515757057,state1,0.44044044044044045,0.28302452789260396,0.34728739495076877
A,0.12985964912280704,0.14731505515757057,state1,0.45045045045045046,0.2830070158314398,0.3458758121891776
A,0.12985964912280704,0.14731505515757057,state1,0.46046046046046046,0.2829652453499714,0.34448611350966063
A,0.12985964912280704,0.14731505515757057,state1,0.47047047047047047,0.2828999995198908,0.34311754533320826
A,0.12985964912280704,0.14731505515757057,state1,0.4804804804804805,0.2828120359505148,0.34176937946614655
A,0.12985964912280704,0.14731505515757057,state1,0.4904904904904905,0.2827020876754026,0.3404409123060352
A,0.12985964912280704,0.14731505515757057,state1,0.5005005005005005,0.2825708640075779,0.3391314640721918
A,0.12985964912280704,0.14731505515757057,state1,0.5105105105105106,0.2824190513645247,0.3378403780600894
A,0.12985964912280704,0.14731505515757057,state1,0.5205205205205206,0.28224731406407644,0.3365670199188931
A,0.12985964912280704,0.14731505515757057,state1,0.5305305305305306,0.2820562950922717,0.335310776951426
A,0.12985964912280704,0.14731505515757057,state1,0.5405405405405406,0.28184661684420326,0.33407105743587345
A,0.12985964912280704,0.14731505515757057,state1,0.5505505505505506,0.2816188818388473,0.3328472899685551
A,0.12985964912280704,0.14731505515757057,state1,0.5605605605605606,0.28137367340881697,0.33163892282711604
A,0.12985964912280704,0.14731505515757057,state1,0.5705705705705706,0.28111155636594776,0.3304454233535038
A,0.12985964912280704,0.14731505515757057,state1,0.5805805805805806,0.2808330776435858,0.32926627735612
A,0.12985964912280704,0.14731505515757057,state1,0.5905905905905906,0.2805387669164132,0.3281009885305515
A,0.12985964912280704,0.14731505515757057,state1,0.6006006006006006,0.2802291371986155,0.3269490778983044
A,0.12985964912280704,0.14731505515757057,state1,0.6106106106106106,0.27990468542115976,0.32581008326298083
A,0.12985964912280704,0.14731505515757057,state1,0.6206206206206206,0.27956589298892703,0.32468355868335563
A,0.12985964912280704,0.14731505515757057,state1,0.6306306306306306,0.27921322631840956,0.3235690739628257
A,0.12985964912280704,0.14731505515757057,state1,0.6406406406406406,0.2788471373566586,0.3224662141547206
A,0.12985964912280704,0.14731505515757057,state1,0.6506506506506506,0.2784680640821422,0.32137457908297934
A,0.12985964912280704,0.14731505515757057,state1,0.6606606606606606,0.27807643098814544,0.32029378287771043
A,0.12985964912280704,0.14731505515757057,state1,0.6706706706706707,0.2776726495493243,0.3192234535251706
A,0.12985964912280704,0.14731505515757057,state1,0.6806806806806807,0.27725711867199937,0.31816323243170835
A,0.12985964912280704,0.14731505515757057,state1,0.6906906906906907,0.27683022512875466,0.3171127740012331
A,0.12985964912280704,0.14731505515757057,state1,0.7007007007007007,0.27639234397788615,0.3160717452257859
A,0.12985964912280704,0.14731505515757057,state1,0.7107107107107107,0.27594383896822305,0.31503982528879704
A,0.12985964912280704,0.14731505515757057,state1,0.7207207207207207,0.2754850629298282,0.3140167051806315
A,0.12985964912280704,0.14731505515757057,state1,0.7307307307307307,0.2750163581510618,0.3130020873260345
A,0.12985964912280704,0.14731505515757057,state1,0.7407407407407407,0.27453805674247983,0.3119956852230996
A,0.12985964912280704,0.14731505515757057,state1,0.7507507507507507,0.2740504809880164,0.3109972230933966
A,0.12985964912280704,0.14731505515757057,state1,0.7607607607607607,0.27355394368388725,0.31000643554290463
A,0.12985964912280704,0.14731505515757057,state1,0.7707707707707707,0.2730487484656335,0.3090230672334079
A,0.12985964912280704,0.14731505515757057,state1,0.7807807807807807,0.27253519012371036,0.3080468725640231
A,0.12985964912280704,0.14731505515757057,state1,0.7907907907907907,0.2720135549080126,0.3070776153625354
A,0.12985964912280704,0.14731505515757057,state1,0.8008008008008007,0.27148412082171114,0.3061150685862335
A,0.12985964912280704,0.14731505515757057,state1,0.8108108108108109,0.270947157904767,0.3051590140319387
A,0.12985964912280704,0.14731505515757057,state1,0.8208208208208209,0.2704029285074707,0.30420924205493827
A,0.12985964912280704,0.14731505515757057,state1,0.8308308308308309,0.2698516875543477,0.30326555129653854
A,0.12985964912280704,0.14731505515757057,state1,0.8408408408408409,0.269293682798754,0.3023277484199626
A,0.12985964912280704,0.14731505515757057,state1,0.8508508508508509,0.2687291550684805,0.3013956478543278
A,0.12985964912280704,0.14731505515757057,state1,0.8608608608608609,0.26815833850266696,0.3004690715464446
A,0.12985964912280704,0.14731505515757057,state1,0.8708708708708709,0.26758146078032197,0.29954784872018825
A,0.12985964912280704,0.14731505515757057,state1,0.8808808808808809,0.2669987433407317,0.298631815643201
A,0.12985964912280704,0.14731505515757057,state1,0.8908908908908909,0.26641040159603174,0.29772081540069134
A,0.12985964912280704,0.14731505515757057,state1,0.9009009009009009,0.2658166451362062,0.29681469767610397
A,0.12985964912280704,0.14731505515757057,state1,0.9109109109109109,0.265217677926771,0.2959133185384411
A,0.12985964912280704,0.14731505515757057,state1,0.9209209209209209,0.2646136984993871,0.29501654023602303
A,0.12985964912280704,0.14731505515757057,state1,0.9309309309309309,0.26400490013564354,0.29412423099648266
A,0.12985964912280704,0.14731505515757057,state1,0.9409409409409409,0.26339147104423954,0.29323626483279513
A,0.12985964912280704,0.14731505515757057,state1,0.950950950950951,0.26277359453179033,0.29235252135515005
A,0.12985964912280704,0.14731505515757057,state1,0.960960960960961,0.2621514491674703,0.2914728855884802
A,0.12985964912280704,0.14731505515757057,state1,0.970970970970971,0.2615252089417036,0.2905972477954672
A,0.12985964912280704,0.14731505515757057,state1,0.980980980980981,0.26089504341910175,0.28972550330484853
A,0.12985964912280704,0.14731505515757057,state1,0.990990990990991,0.2602611178858439,0.28885755234485866
A,0.12985964912280704,0.14731505515757057,state1,1.001001001001001,0.25962359349168806,0.28799329988164013
A,0.12985964912280704,0.14731505515757057,state1,1.011011011011011,0.25898262738679423,0.28713265546246725
A,0.12985964912280704,0.14731505515757057,state1,1.021021021021021,0.2583383728535363,0.2862755330636299
A,0.12985964912280704,0.14731505515757057,state1,1.031031031031031,0.2576909794334729,0.28542185094282935
A,0.12985964912280704,0.14731505515757057,state1,1.0410410410410411,0.2570405930496409,0.2845715314959431
A,0.12985964912280704,0.14731505515757057,state1,1.0510510510510511,0.2563873561243318,0.28372450111802233
A,0.12985964912280704,0.14731505515757057,state1,1.0610610610610611,0.2557314076925041,0.28288069006838573
A,0.12985964912280704,0.14731505515757057,state1,1.0710710710710711,0.2550728835109815,0.28204003233968294
A,0.12985964912280704,0.14731505515757057,state1,1.0810810810810811,0.25441191616358044,0.28120246553080175
A,0.12985964912280704,0.14731505515757057,state1,1.0910910910910911,0.25374863516230645,0.28036793072349836
A,0.12985964912280704,0.14731505515757057,state1,1.1011011011011012,0.2530831670447544,0.2795363723626342
A,0.12985964912280704,0.14731505515757057,state1,1.1111111111111112,0.2524156354678439,0.2787077381399069
A,0.12985964912280704,0.14731505515757057,state1,1.1211211211211212,0.25174616129801425,0.27788197888096555
A,0.12985964912280704,0.14731505515757057,state1,1.1311311311311312,0.251074862698004,0.27705904843580564
A,0.12985964912280704,0.14731505515757057,state1,1.1411411411411412,0.25040185521033104,0.2762389035723418
A,0.12985964912280704,0.14731505515757057,state1,1.1511511511511512,0.24972725183758876,0.2754215038730595
A,0.12985964912280704,0.14731505515757057,state1,1.1611611611611612,0.2490511631196701,0.27460681163465095
A,0.12985964912280704,0.14731505515757057,state1,1.1711711711711712,0.24837369720802485,0.2737947917705433
A,0.12985964912280704,0.14731505515757057,state1,1.1811811811811812,0.2476949599370557,0.2729854117162306
A,0.12985964912280704,0.14731505515757057,state1,1.1911911911911912,0.24701505489275344,0.27217864133732295
A,0.12985964912280704,0.14731505515757057,state1,1.2012012012012012,0.24633408347866753,0.2713744528402312
A,0.12985964912280704,0.14731505515757057,state1,1.2112112112112112,0.2456521449793082,0.2705728206854056
A,0.12985964912280704,0.14731505515757057,state1,1.2212212212212212,0.24496933662106984,0.2697737215030528
A,0.12985964912280704,0.14731505515757057,state1,1.2312312312312312,0.2442857536307648,0.268977134011255
A,0.12985964912280704,0.14731505515757057,state1,1.2412412412412412,0.24360148929185307,0.26818303893642037
A,0.12985964912280704,0.14731505515757057,state1,1.2512512512512513,0.24291663499845073,0.2673914189359934
A,0.12985964912280704,0.14731505515757057,state1,1.2612612612612613,0.24223128030719746,0.2666022585233599
A,0.12985964912280704,0.14731505515757057,state1,1.2712712712712713,0.24154551298706056,0.2658155439948798
A,0.12985964912280704,0.14731505515757057,state1,1.2812812812812813,0.2408594190671514,0.26503126335898614
A,0.12985964912280704,0.14731505515757057,state1,1.2912912912912913,0.24017308288262612,0.2642494062672892
A,0.12985964912280704,0.14731505515757057,state1,1.3013013013013013,0.2394865871187426,0.2634699639476266
A,0.12985964912280704,0.14731505515757057,state1,1.3113113113113113,0.23880001285314048,0.2626929291390041
A,0.12985964912280704,0.14731505515757057,state1,1.3213213213213213,0.2381134395964114,0.26191829602837124
A,0.12985964912280704,0.14731505515757057,state1,1.3313313313313313,0.23742694533102368,0.2611460601891798
A,0.12985964912280704,0.14731505515757057,state1,1.3413413413413413,0.23674060654866233,0.26037621852167353
A,0.12985964912280704,0.14731505515757057,state1,1.3513513513513513,0.236054498286046,0.2596087691948605
A,0.12985964912280704,0.14731505515757057,state1,1.3613613613613613,0.23536869415927775,0.2588437115901202
A,0.12985964912280704,0.14731505515757057,state1,1.3713713713713713,0.23468326639678708,0.2580810462463996
A,0.12985964912280704,0.14731505515757057,state1,1.3813813813813813,0.23399828587091667,0.2573207748069535
A,0.12985964912280704,0.14731505515757057,state1,1.3913913913913913,0.2333138221282075,0.25656289996758713
A,0.12985964912280704,0.14731505515757057,state1,1.4014014014014013,0.23262994341843313,0.25580742542635865
A,0.12985964912280704,0.14731505515757057,state1,1.4114114114114114,0.2319467167224327,0.2550543558347021
A,0.12985964912280704,0.14731505515757057,state1,1.4214214214214214,0.23126420777879034,0.2543036967499323
A,0.12985964912280704,0.14731505515757057,state1,1.4314314314314314,0.23058248110940796,0.2535554545890944
A,0.12985964912280704,0.14731505515757057,state1,1.4414414414414414,0.22990160004401541,0.25280963658412103
A,0.12985964912280704,0.14731505515757057,state1,1.4514514514514514,0.22922162674366256,0.2520662507382642
A,0.12985964912280704,0.14731505515757057,state1,1.4614614614614614,0.22854262222323402,0.25132530578376633
A,0.12985964912280704,0.14731505515757057,state1,1.4714714714714714,0.22786464637302872,0.2505868111407389
A,0.12985964912280704,0.14731505515757057,state1,1.4814814814814814,0.22718775797944218,0.2498507768772174
A,0.12985964912280704,0.14731505515757057,state1,1.4914914914914914,0.22651201474479082,0.24911721367036135
A,0.12985964912280704,0.14731505515757057,state1,1.5015015015015014,0.22583747330631418,0.24838613276877106
A,0.12985964912280704,0.14731505515757057,state1,1.5115115115115114,0.22516418925439116,0.24765754595589173
A,0.12985964912280704,0.14731505515757057,state1,1.5215215215215214,0.22449221715000503,0.24693146551447823
A,0.12985964912280704,0.14731505515757057,state1,1.5315315315315314,0.22382161054148947,0.24620790419209337
A,0.12985964912280704,0.14731505515757057,state1,1.5415415415415414,0.2231524219805892,0.24548687516761422
A,0.12985964912280704,0.14731505515757057,state1,1.5515515515515514,0.22248470303786497,0.24476839201872178
A,0.12985964912280704,0.14731505515757057,state1,1.5615615615615615,0.22181850431747419,0.2440524686903491
A,0.12985964912280704,0.14731505515757057,state1,1.5715715715715715,0.22115387547135523,0.24333911946406608
A,0.12985964912280704,0.14731505515757057,state1,1.5815815815815815,0.2204908652128445,0.24262835892837642
A,0.12985964912280704,0.14731505515757057,state1,1.5915915915915915,0.21982952132975217,0.24192020194990618
A,0.12985964912280704,0.14731505515757057,state1,1.6016016016016015,0.21916989069692389,0.24121466364546298
A,0.12985964912280704,0.14731505515757057,state1,1.6116116116116117,0.21851201928831315,0.24051175935494368
A,0.12985964912280704,0.14731505515757057,state1,1.6216216216216217,0.21785595218858878,0.23981150461507258
A,0.12985964912280704,0.14731505515757057,state1,1.6316316316316317,0.21720173360430098,0.23911391513394956
A,0.12985964912280704,0.14731505515757057,state1,1.6416416416416417,0.21654940687462895,0.2384190067663898
A,0.12985964912280704,0.14731505515757057,state1,1.6516516516516517,0.21589901448173177,0.23772679549003714
A,0.12985964912280704,0.14731505515757057,state1,1.6616616616616617,0.21525059806072327,0.2370372973822331
A,0.12985964912280704,0.14731505515757057,state1,1.6716716716716717,0.21460419840929218,0.23635052859762468
A,0.12985964912280704,0.14731505515757057,state1,1.6816816816816818,0.2139598554969859,0.23566650534649425
A,0.12985964912280704,0.14731505515757057,state1,1.6916916916916918,0.21331760847417766,0.23498524387379524
A,0.12985964912280704,0.14731505515757057,state1,1.7017017017017018,0.21267749568073516,0.23430676043887808
A,0.12985964912280704,0.14731505515757057,state1,1.7117117117117118,0.21203955465440733,0.23363107129589133
A,0.12985964912280704,0.14731505515757057,state1,1.7217217217217218,0.21140382213894737,0.23295819267484244
A,0.12985964912280704,0.14731505515757057,state1,1.7317317317317318,0.21077033409198653,0.23228814076330465
A,0.12985964912280704,0.14731505515757057,state1,1.7417417417417418,0.21013912569267587,0.231620931688755
A,0.12985964912280704,0.14731505515757057,state1,1.7517517517517518,0.20951023134910954,0.23095658150153067
A,0.12985964912280704,0.14731505515757057,state1,1.7617617617617618,0.20888368470554464,0.23029510615838933
A,0.12985964912280704,0.14731505515757057,state1,1.7717717717717718,0.20825951864943107,0.22963652150666133
A,0.12985964912280704,0.14731505515757057,state1,1.7817817817817818,0.20763776531826467,0.22898084326898063
A,0.12985964912280704,0.14731505515757057,state1,1.7917917917917918,0.20701845610627598,0.22832808702858182
A,0.12985964912280704,0.14731505515757057,state1,1.8018018018018018,0.20640162167096737,0.22767826821515189
A,0.12985964912280704,0.14731505515757057,state1,1.8118118118118118,0.20578729193950893,0.2270314020912241
A,0.12985964912280704,0.14731505515757057,state1,1.8218218218218218,0.2051754961150053,0.22638750373910307
A,0.12985964912280704,0.14731505515757057,state1,1.8318318318318318,0.2045662626826436,0.22574658804830922
A,0.12985964912280704,0.14731505515757057,state1,1.8418418418418419,0.20395961941573212,0.2251086697035321
A,0.12985964912280704,0.14731505515757057,state1,1.8518518518518519,0.20335559338163994,0.22447376317308143
A,0.12985964912280704,0.14731505515757057,state1,1.8618618618618619,0.20275421094764653,0.2238418826978254
A,0.12985964912280704,0.14731505515757057,state1,1.8718718718718719,0.20215549778670966,0.22321304228060582
A,0.12985964912280704,0.14731505515757057,state1,1.8818818818818819,0.20155947888316053,0.22258725567612006
A,0.12985964912280704,0.14731505515757057,state1,1.8918918918918919,0.20096617853833346,0.22196453638125996
A,0.12985964912280704,0.14731505515757057,state1,1.901901901901902,0.200375620376138,0.22134489762589746
A,0.12985964912280704,0.14731505515757057,state1,1.911911911911912,0.1997878273485803,0.22072835236410815
A,0.12985964912280704,0.14731505515757057,state1,1.921921921921922,0.1992028217412408,0.2201149132658225
A,0.12985964912280704,0.14731505515757057,state1,1.931931931931932,0.1986206251787138,0.2195045927088965
A,0.12985964912280704,0.14731505515757057,state1,1.941941941941942,0.19804125863001623,0.21889740277159153
A,0.12985964912280704,0.14731505515757057,state1,1.951951951951952,0.1974647424139699,0.21829335522545593
A,0.12985964912280704,0.14731505515757057,state1,1.961961961961962,0.1968910962045635,0.2176924615285979
A,0.12985964912280704,0.14731505515757057,state1,1.971971971971972,0.19632033903629859,0.21709473281934288
A,0.12985964912280704,0.14731505515757057,state1,1.981981981981982,0.19575248930952527,0.21650017991026538
A,0.12985964912280704,0.14731505515757057,state1,1.991991991991992,0.19518756479577065,0.21590881328258815
A,0.12985964912280704,0.14731505515757057,state1,2.002002002002002,0.19462558264306548,0.21532064308093948
A,0.12985964912280704,0.14731505515757057,state1,2.012012012012012,0.1940665593812715,0.21473567910846153
A,0.12985964912280704,0.14731505515757057,state1,2.022022022022022,0.19351051092741395,0.21415393082226092
A,0.12985964912280704,0.14731505515757057,state1,2.032032032032032,0.19295745259102234,0.21357540732919425
A,0.12985964912280704,0.14731505515757057,state1,2.042042042042042,0.19240739907948198,0.21300011738198069
A,0.12985964912280704,0.14731505515757057,state1,2.052052052052052,0.19186036450339963,0.21242806937563383
A,0.12985964912280704,0.14731505515757057,state1,2.062062062062062,0.1913163623819853,0.21185927134420557
A,0.12985964912280704,0.14731505515757057,state1,2.0720720720720722,0.19077540564845283,0.21129373095783477
A,0.12985964912280704,0.14731505515757057,state1,2.0820820820820822,0.19023750665544123,0.21073145552009273
A,0.12985964912280704,0.14731505515757057,state1,2.0920920920920922,0.18970267718045844,0.21017245196561885
A,0.12985964912280704,0.14731505515757057,state1,2.1021021021021022,0.1891709284313492,0.20961672685803948
A,0.12985964912280704,0.14731505515757057,state1,2.1121121121121122,0.1886422710517889,0.2090642863881623
A,0.12985964912280704,0.14731505515757057,state1,2.1221221221221223,0.18811671512680378,0.20851513637243982
A,0.12985964912280704,0.14731505515757057,state1,2.1321321321321323,0.18759427018831942,0.207969282251695
A,0.12985964912280704,0.14731505515757057,state1,2.1421421421421423,0.18707494522073798,0.2074267290901026
A,0.12985964912280704,0.14731505515757057,state1,2.1521521521521523,0.18655874866654476,0.20688748157441858
A,0.12985964912280704,0.14731505515757057,state1,2.1621621621621623,0.18604568843194513,0.20635154401345235
A,0.12985964912280704,0.14731505515757057,state1,2.1721721721721723,0.1855357718925317,0.20581892033777424
A,0.12985964912280704,0.14731505515757057,state1,2.1821821821821823,0.18502900589898227,0.20528961409965235
A,0.12985964912280704,0.14731505515757057,state1,2.1921921921921923,0.18452539678278862,0.20476362847321236
A,0.12985964912280704,0.14731505515757057,state1,2.2022022022022023,0.1840249503620161,0.20424096625481392
A,0.12985964912280704,0.14731505515757057,state1,2.2122122122122123,0.18352767194709388,0.2037216298636374
A,0.12985964912280704,0.14731505515757057,state1,2.2222222222222223,0.1830335663466354,0.2032056213424753
A,0.12985964912280704,0.14731505515757057,state1,2.2322322322322323,0.18254263787328895,0.2026929423587216
A,0.12985964912280704,0.14731505515757057,state1,2.2422422422422423,0.1820548903496176,0.20218359420555387
A,0.12985964912280704,0.14731505515757057,state1,2.2522522522522523,0.18157032711400797,0.20167757780330164
A,0.12985964912280704,0.14731505515757057,state1,2.2622622622622623,0.18108895102660705,0.20117489370099553
A,0.12985964912280704,0.14731505515757057,state1,2.2722722722722724,0.18061076447528632,0.2006755420780914
A,0.12985964912280704,0.14731505515757057,state1,2.2822822822822824,0.18013576938163248,0.2001795227463638
A,0.12985964912280704,0.14731505515757057,state1,2.2922922922922924,0.1796639672069632,0.19968683515196323
A,0.12985964912280704,0.14731505515757057,state1,2.3023023023023024,0.17919535895836747,0.1991974783776315
A,0.12985964912280704,0.14731505515757057,state1,2.3123123123123124,0.17872994519476915,0.19871145114506994
A,0.12985964912280704,0.14731505515757057,state1,2.3223223223223224,0.17826772603301239,0.19822875181745528
A,0.12985964912280704,0.14731505515757057,state1,2.3323323323323324,0.17780870115396802,0.19774937840209725
A,0.12985964912280704,0.14731505515757057,state1,2.3423423423423424,0.17735286980865894,0.19727332855323362
A,0.12985964912280704,0.14731505515757057,state1,2.3523523523523524,0.176900230824404,0.1968005995749566
A,0.12985964912280704,0.14731505515757057,state1,2.3623623623623624,0.1764507826109781,0.19633118842426625
A,0.12985964912280704,0.14731505515757057,state1,2.3723723723723724,0.17600452316678758,0.19586509171424563
A,0.12985964912280704,0.14731505515757057,state1,2.3823823823823824,0.17556145008505913,0.19540230571735256
A,0.12985964912280704,0.14731505515757057,state1,2.3923923923923924,0.17512156056004072,0.1949428263688236
A,0.12985964912280704,0.14731505515757057,state1,2.4024024024024024,0.17468485139321296,0.19448664927018508
A,0.12985964912280704,0.14731505515757057,state1,2.4124124124124124,0.17425131899950932,0.19403376969286654
A,0.12985964912280704,0.14731505515757057,state1,2.4224224224224224,0.1738209594135432,0.19358418258191232
A,0.12985964912280704,0.14731505515757057,state1,2.4324324324324325,0.17339376829584102,0.19313788255978606
A,0.12985964912280704,0.14731505515757057,state1,2.4424424424424425,0.17296974093907846,0.1926948639302645
A,0.12985964912280704,0.14731505515757057,state1,2.4524524524524525,0.17254887227431925,0.1922551206824151
A,0.12985964912280704,0.14731505515757057,state1,2.4624624624624625,0.17213115687725386,0.1918186464946543
A,0.12985964912280704,0.14731505515757057,state1,2.4724724724724725,0.17171658897443728,0.19138543473888128
A,0.12985964912280704,0.14731505515757057,state1,2.4824824824824825,0.17130516244952307,0.19095547848468344
A,0.12985964912280704,0.14731505515757057,state1,2.4924924924924925,0.17089687084949304,0.1905287705036093
A,0.12985964912280704,0.14731505515757057,state1,2.5025025025025025,0.1704917073908799,0.19010530327350503
A,0.12985964912280704,0.14731505515757057,state1,2.5125125125125125,0.1700896649659817,0.18968506898291038
A,0.12985964912280704,0.14731505515757057,state1,2.5225225225225225,0.16969073614906605,0.1892680595355103
A,0.12985964912280704,0.14731505515757057,state1,2.5325325325325325,0.16929491320256235,0.1888542665546382
A,0.12985964912280704,0.14731505515757057,state1,2.5425425425425425,0.16890218808324073,0.18844368138782752
A,0.12985964912280704,0.14731505515757057,state1,2.5525525525525525,0.16851255244837518,0.18803629511140757
A,0.12985964912280704,0.14731505515757057,state1,2.5625625625625625,0.16812599766189001,0.18763209853513993
A,0.12985964912280704,0.14731505515757057,state1,2.5725725725725725,0.16774251480048719,0.1872310822068926
A,0.12985964912280704,0.14731505515757057,state1,2.5825825825825826,0.16736209465975377,0.1868332364173476
A,0.12985964912280704,0.14731505515757057,state1,2.5925925925925926,0.1669847277602466,0.1864385512047391
A,0.12985964912280704,0.14731505515757057,state1,2.6026026026026026,0.1666104043535538,0.18604701635961896
A,0.12985964912280704,0.14731505515757057,state1,2.6126126126126126,0.1662391144283306,0.18565862142964568
A,0.12985964912280704,0.14731505515757057,state1,2.6226226226226226,0.16587084771630833,0.1852733557243948
A,0.12985964912280704,0.14731505515757057,state1,2.6326326326326326,0.16550559369827494,0.1848912083201863
A,0.12985964912280704,0.14731505515757057,state1,2.6426426426426426,0.16514334161002533,0.18451216806492732
A,0.12985964912280704,0.14731505515757057,state1,2.6526526526526526,0.16478408044828022,0.1841362235829663
A,0.12985964912280704,0.14731505515757057,state1,2.6626626626626626,0.16442779897657192,0.1837633632799559
A,0.12985964912280704,0.14731505515757057,state1,2.6726726726726726,0.16407448573109543,0.18339357534772255
A,0.12985964912280704,0.14731505515757057,state1,2.6826826826826826,0.16372412902652392,0.18302684776913875
A,0.12985964912280704,0.14731505515757057,state1,2.6926926926926926,0.16337671696178654,0.18266316832299676
A,0.12985964912280704,0.14731505515757057,state1,2.7027027027027026,0.16303223742580772,0.1823025245888799
A,0.12985964912280704,0.14731505515757057,state1,2.7127127127127126,0.16269067810320625,0.18194490395202995
A,0.12985964912280704,0.14731505515757057,state1,2.7227227227227226,0.16235202647995334,0.18159029360820758
A,0.12985964912280704,0.14731505515757057,state1,2.7327327327327327,0.16201626984898765,0.18123868056854375
A,0.12985964912280704,0.14731505515757057,state1,2.7427427427427427,0.16168339531578713,0.1808900516643796
A,0.12985964912280704,0.14731505515757057,state1,2.7527527527527527,0.16135338980389513,0.18054439355209287
A,0.12985964912280704,0.14731505515757057,state1,2.7627627627627627,0.16102624006040106,0.18020169271790837
A,0.12985964912280704,0.14731505515757057,state1,2.7727727727727727,0.1607019326613733,0.17986193548269064
A,0.12985964912280704,0.14731505515757057,state1,2.7827827827827827,0.1603804540172441,0.17952510800671667
A,0.12985964912280704,0.14731505515757057,state1,2.7927927927927927,0.1600617903781449,0.17919119629442687
A,0.12985964912280704,0.14731505515757057,state1,2.8028028028028027,0.15974592783919153,0.1788601861991521
A,0.12985964912280704,0.14731505515757057,state1,2.8128128128128127,0.1594328523457179,0.17853206342781522
A,0.12985964912280704,0.14731505515757057,state1,2.8228228228228227,0.15912254969845754,0.17820681354560555
A,0.12985964912280704,0.14731505515757057,state1,2.8328328328328327,0.1588150055586721,0.17788442198062368
A,0.12985964912280704,0.14731505515757057,state1,2.8428428428428427,0.15851020545322564,0.17756487402849633
A,0.12985964912280704,0.14731505515757057,state1,2.8528528528528527,0.15820813477960463,0.1772481548569584
A,0.12985964912280704,0.14731505515757057,state1,2.8628628628628627,0.15790877881088203,0.1769342495104017
A,0.12985964912280704,0.14731505515757057,state1,2.8728728728728727,0.15761212270062513,0.17662314291438813
A,0.12985964912280704,0.14731505515757057,state1,2.8828828828828827,0.15731815148774694,0.17631481988012648
A,0.12985964912280704,0.14731505515757057,state1,2.8928928928928928,0.15702685010129933,0.17600926510891132
A,0.12985964912280704,0.14731505515757057,state1,2.9029029029029028,0.15673820336520858,0.17570646319652253
A,0.12985964912280704,0.14731505515757057,state1,2.9129129129129128,0.15645219600295188,0.1754063986375846
A,0.12985964912280704,0.14731505515757057,state1,2.9229229229229228,0.1561688126421745,0.17510905582988423
A,0.12985964912280704,0.14731505515757057,state1,2.932932932932933,0.15588803781924745,0.17481441907864537
A,0.12985964912280704,0.14731505515757057,state1,2.942942942942943,0.1556098559837647,0.17452247260076037
A,0.12985964912280704,0.14731505515757057,state1,2.952952952952953,0.15533425150297972,0.17423320052897676
A,0.12985964912280704,0.14731505515757057,state1,2.962962962962963,0.15506120866618117,0.17394658691603782
A,0.12985964912280704,0.14731505515757057,state1,2.972972972972973,0.154790711689007,0.17366261573877714
A,0.12985964912280704,0.14731505515757057,state1,2.982982982982983,0.15452274471769692,0.1733812709021655
A,0.12985964912280704,0.14731505515757057,state1,2.992992992992993,0.15425729183328302,0.17310253624330962
A,0.12985964912280704,0.14731505515757057,state1,3.003003003003003,0.15399433705571794,0.17282639553540202
A,0.12985964912280704,0.14731505515757057,state1,3.013013013013013,0.15373386434794067,0.17255283249162123
A,0.12985964912280704,0.14731505515757057,state1,3.023023023023023,0.15347585761987997,0.17228183076898176
A,0.12985964912280704,0.14731505515757057,state1,3.033033033033033,0.1532203007323946,0.17201337397213326
A,0.12985964912280704,0.14731505515757057,state1,3.043043043043043,0.15296717750115094,0.17174744565710823
A,0.12985964912280704,0.14731505515757057,state1,3.053053053053053,0.1527164717004379,0.17148402933501763
A,0.12985964912280704,0.14731505515757057,state1,3.063063063063063,0.15246816706691824,0.17122310847569452
A,0.12985964912280704,0.14731505515757057,state1,3.073073073073073,0.1522222473033174,0.1709646665112845
A,0.12985964912280704,0.14731505515757057,state1,3.083083083083083,0.15197869608204898,0.17070868683978305
A,0.12985964912280704,0.14731505515757057,state1,3.093093093093093,0.15173749704877754,0.17045515282851956
A,0.12985964912280704,0.14731505515757057,state1,3.103103103103103,0.1514986338259181,0.17020404781758708
A,0.12985964912280704,0.14731505515757057,state1,3.113113113113113,0.15126209001607335,0.16995535512321838
A,0.12985964912280704,0.14731505515757057,state1,3.123123123123123,0.1510278492054077,0.16970905804110756
A,0.12985964912280704,0.14731505515757057,state1,3.133133133133133,0.15079589496695917,0.16946513984967684
A,0.12985964912280704,0.14731505515757057,state1,3.143143143143143,0.15056621086388838,0.16922358381328917
A,0.12985964912280704,0.14731505515757057,state1,3.153153153153153,0.15033878045266624,0.1689843731854057
A,0.12985964912280704,0.14731505515757057,state1,3.163163163163163,0.15011358728619878,0.1687474912116883
A,0.12985964912280704,0.14731505515757057,state1,3.173173173173173,0.14989061491689082,0.16851292113304744
A,0.12985964912280704,0.14731505515757057,state1,3.183183183183183,0.14966984689964818,0.16828064618863486
A,0.12985964912280704,0.14731505515757057,state1,3.193193193193193,0.14945126679481857,0.16805064961878136
A,0.12985964912280704,0.14731505515757057,state1,3.203203203203203,0.1492348581710718,0.16782291466787957
A,0.12985964912280704,0.14731505515757057,state1,3.2132132132132134,0.1490206046082193,0.1675974245872121
A,0.12985964912280704,0.14731505515757057,state1,3.2232232232232234,0.14880848969997387,0.1673741626377246
A,0.12985964912280704,0.14731505515757057,state1,3.2332332332332334,0.14859849705664946,0.1671531120927444
A,0.12985964912280704,0.14731505515757057,state1,3.2432432432432434,0.1483906103078013,0.16693425624064454
A,0.12985964912280704,0.14731505515757057,state1,3.2532532532532534,0.14818481310480755,0.16671757838745366
A,0.12985964912280704,0.14731505515757057,state1,3.2632632632632634,0.14798108912339225,0.16650306185941138
A,0.12985964912280704,0.14731505515757057,state1,3.2732732732732734,0.14777942206608988,0.16629069000547017
A,0.12985964912280704,0.14731505515757057,state1,3.2832832832832834,0.1475797956646528,0.16608044619974333
A,0.12985964912280704,0.14731505515757057,state1,3.2932932932932935,0.147382193682401,0.16587231384389953
A,0.12985964912280704,0.14731505515757057,state1,3.3033033033033035,0.1471865999165156,0.16566627636950446
A,0.12985964912280704,0.14731505515757057,state1,3.3133133133133135,0.1469929982002758,0.1654623172403093
A,0.12985964912280704,0.14731505515757057,state1,3.3233233233233235,0.1468013724052406,0.16526041995448718
A,0.12985964912280704,0.14731505515757057,state1,3.3333333333333335,0.14661170644337496,0.16506056804681693
A,0.12985964912280704,0.14731505515757057,state1,3.3433433433433435,0.1464239842691215,0.1648627450908155
A,0.12985964912280704,0.14731505515757057,state1,3.3533533533533535,0.14623818988141843,0.16466693470081875
A,0.12985964912280704,0.14731505515757057,state1,3.3633633633633635,0.14605430732566343,0.16447312053401125
A,0.12985964912280704,0.14731505515757057,state1,3.3733733733733735,0.14587232069562522,0.16428128629240546
A,0.12985964912280704,0.14731505515757057,state1,3.3833833833833835,0.14569221413530234,0.16409141572477082
A,0.12985964912280704,0.14731505515757057,state1,3.3933933933933935,0.14551397184073037,0.1639034926285129
A,0.12985964912280704,0.14731505515757057,state1,3.4034034034034035,0.14533757806173805,0.16371750085150344
A,0.12985964912280704,0.14731505515757057,state1,3.4134134134134135,0.14516301710365265,0.16353342429386156
A,0.12985964912280704,0.14731505515757057,state1,3.4234234234234235,0.14499027332895562,0.16335124690968633
A,0.12985964912280704,0.14731505515757057,state1,3.4334334334334335,0.14481933115888876,0.1631709527087418
A,0.12985964912280704,0.14731505515757057,state1,3.4434434434434436,0.14465017507501168,0.16299252575809448
A,0.12985964912280704,0.14731505515757057,state1,3.4534534534534536,0.14448278962071148,0.16281595018370404
A,0.12985964912280704,0.14731505515757057,state1,3.4634634634634636,0.1443171594026646,0.16264121017196756
A,0.12985964912280704,0.14731505515757057,state1,3.4734734734734736,0.14415326909225196,0.16246828997121798
A,0.12985964912280704,0.14731505515757057,state1,3.4834834834834836,0.14399110342692834,0.16229717389317724
A,0.12985964912280704,0.14731505515757057,state1,3.4934934934934936,0.14383064721154565,0.16212784631436483
A,0.12985964912280704,0.14731505515757057,state1,3.5035035035035036,0.14367188531963176,0.16196029167746187
A,0.12985964912280704,0.14731505515757057,state1,3.5135135135135136,0.14351480269462502,0.1617944944926316
A,0.12985964912280704,0.14731505515757057,state1,3.5235235235235236,0.14335938435106513,0.16163043933879714
A,0.12985964912280704,0.14731505515757057,state1,3.5335335335335336,0.14320561537574117,0.161468110864876
A,0.12985964912280704,0.14731505515757057,state1,3.5435435435435436,0.14305348092879755,0.16130749379097337
A,0.12985964912280704,0.14731505515757057,state1,3.5535535535535536,0.1429029662447981,0.16114857290953355
A,0.12985964912280704,0.14731505515757057,state1,3.5635635635635636,0.14275405663374927,0.16099133308645078
A,0.12985964912280704,0.14731505515757057,state1,3.5735735735735736,0.1426067374820834,0.16083575926213967
A,0.12985964912280704,0.14731505515757057,state1,3.5835835835835836,0.1424609942536019,0.16068183645256637
A,0.12985964912280704,0.14731505515757057,state1,3.5935935935935936,0.14231681249037975,0.1605295497502401
A,0.12985964912280704,0.14731505515757057,state1,3.6036036036036037,0.14217417781363179,0.16037888432516675
A,0.12985964912280704,0.14731505515757057,state1,3.6136136136136137,0.14203307592454106,0.1602298254257643
A,0.12985964912280704,0.14731505515757057,state1,3.6236236236236237,0.14189349260505044,0.16008235837974108
A,0.12985964912280704,0.14731505515757057,state1,3.6336336336336337,0.1417554137186177,0.15993646859493726
A,0.12985964912280704,0.14731505515757057,state1,3.6436436436436437,0.14161882521093516,0.15979214156013036
A,0.12985964912280704,0.14731505515757057,state1,3.6536536536536537,0.14148371311061406,0.1596493628458051
A,0.12985964912280704,0.14731505515757057,state1,3.6636636636636637,0.14135006352983462,0.15950811810488846
A,0.12985964912280704,0.14731505515757057,state1,3.6736736736736737,0.14121786266496233,0.15936839307345038
A,0.12985964912280704,0.14731505515757057,state1,3.6836836836836837,0.1410870967971311,0.15923017357137073
A,0.12985964912280704,0.14731505515757057,state1,3.6936936936936937,0.1409577522927941,0.15909344550297308
A,0.12985964912280704,0.14731505515757057,state1,3.7037037037037037,0.14082981560424232,0.15895819485762613
A,0.12985964912280704,0.14731505515757057,state1,3.7137137137137137,0.14070327327009252,0.1588244077103129
A,0.12985964912280704,0.14731505515757057,state1,3.7237237237237237,0.14057811191574396,0.15869207022216866
A,0.12985964912280704,0.14731505515757057,state1,3.7337337337337337,0.14045431825380555,0.15856116864098826
A,0.12985964912280704,0.14731505515757057,state1,3.7437437437437437,0.1403318790844934,0.15843168930170287
A,0.12985964912280704,0.14731505515757057,state1,3.7537537537537538,0.14021078129599984,0.15830361862682737
A,0.12985964912280704,0.14731505515757057,state1,3.7637637637637638,0.1400910118648339,0.15817694312687855
A,0.12985964912280704,0.14731505515757057,state1,3.7737737737737738,0.13997255785613455,0.15805164940076497
A,0.12985964912280704,0.14731505515757057,state1,3.7837837837837838,0.139855406423957,0.15792772413614853
A,0.12985964912280704,0.14731505515757057,state1,3.793793793793794,0.13973954481153222,0.1578051541097792
A,0.12985964912280704,0.14731505515757057,state1,3.803803803803804,0.13962496035150113,0.15768392618780244
A,0.12985964912280704,0.14731505515757057,state1,3.813813813813814,0.1395116404661231,0.1575640273260409
A,0.12985964912280704,0.14731505515757057,state1,3.823823823823824,0.13939957266746025,0.15744544457024973
A,0.12985964912280704,0.14731505515757057,state1,3.833833833833834,0.1392887445575374,0.15732816505634745
A,0.12985964912280704,0.14731505515757057,state1,3.843843843843844,0.13917914382847832,0.15721217601062176
A,0.12985964912280704,0.14731505515757057,state1,3.853853853853854,0.13907075826261941,0.15709746474991154
A,0.12985964912280704,0.14731505515757057,state1,3.863863863863864,0.13896357573260062,0.15698401868176495
A,0.12985964912280704,0.14731505515757057,state1,3.873873873873874,0.13885758420143454,0.15687182530457508
A,0.12985964912280704,0.14731505515757057,state1,3.883883883883884,0.13875277172255424,0.1567608722076925
A,0.12985964912280704,0.14731505515757057,state1,3.893893893893894,0.13864912643984006,0.15665114707151626
A,0.12985964912280704,0.14731505515757057,state1,3.903903903903904,0.13854663658762628,0.15654263766756335
A,0.12985964912280704,0.14731505515757057,state1,3.913913913913914,0.13844529049068782,0.15643533185851702
A,0.12985964912280704,0.14731505515757057,state1,3.923923923923924,0.1383450765642078,0.15632921759825483
A,0.12985964912280704,0.14731505515757057,state1,3.933933933933934,0.1382459833137261,0.15622428293185675
A,0.12985964912280704,0.14731505515757057,state1,3.943943943943944,0.13814799933506974,0.1561205159955935
A,0.12985964912280704,0.14731505515757057,state1,3.953953953953954,0.13805111331426553,0.1560179050168965
A,0.12985964912280704,0.14731505515757057,state1,3.963963963963964,0.13795531402743505,0.15591643831430854
A,0.12985964912280704,0.14731505515757057,state1,3.973973973973974,0.13786059034067302,0.155816104297417
A,0.12985964912280704,0.14731505515757057,state1,3.983983983983984,0.13776693120990935,0.15571689146676926
A,0.12985964912280704,0.14731505515757057,state1,3.993993993993994,0.13767432568075483,0.15561878841377103
A,0.12985964912280704,0.14731505515757057,state1,4.004004004004004,0.1375827628883318,0.15552178382056794
A,0.12985964912280704,0.14731505515757057,state1,4.014014014014014,0.13749223205708938,0.15542586645991122
A,0.12985964912280704,0.14731505515757057,state1,4.024024024024024,0.13740272250060437,0.15533102519500694
A,0.12985964912280704,0.14731505515757057,state1,4.034034034034034,0.13731422362136778,0.15523724897935076
A,0.12985964912280704,0.14731505515757057,state1,4.044044044044044,0.1372267249105576,0.15514452685654712
A,0.12985964912280704,0.14731505515757057,state1,4.054054054054054,0.13714021594779843,0.15505284796011412
A,0.12985964912280704,0.14731505515757057,state1,4.064064064064064,0.13705468640090787,0.1549622015132746
A,0.12985964912280704,0.14731505515757057,state1,4.074074074074074,0.1369701260256306,0.15487257682873296
A,0.12985964912280704,0.14731505515757057,state1,4.084084084084084,0.1368865246653603,0.15478396330843933
A,0.12985964912280704,0.14731505515757057,state1,4.094094094094094,0.13680387225084975,0.1546963504433406
A,0.12985964912280704,0.14731505515757057,state1,4.104104104104104,0.1367221587999095,0.15460972781311874
A,0.12985964912280704,0.14731505515757057,state1,4.114114114114114,0.13664137441709587,0.15452408508591758
A,0.12985964912280704,0.14731505515757057,state1,4.124124124124124,0.13656150929338784,0.1544394120180573
A,0.12985964912280704,0.14731505515757057,state1,4.134134134134134,0.13648255370585421,0.15435569845373798
A,0.12985964912280704,0.14731505515757057,state1,4.1441441441441444,0.13640449801731042,0.15427293432473194
A,0.12985964912280704,0.14731505515757057,state1,4.1541541541541545,0.1363273326759661,0.1541911096500656
A,0.12985964912280704,0.14731505515757057,state1,4.1641641641641645,0.13625104821506337,0.15411021453569101
A,0.12985964912280704,0.14731505515757057,state1,4.1741741741741745,0.136175635252506,0.15403023917414738
A,0.12985964912280704,0.14731505515757057,state1,4.1841841841841845,0.13610108449048047,0.15395117384421325
A,0.12985964912280704,0.14731505515757057,state1,4.1941941941941945,0.13602738671506853,0.15387300891054914
A,0.12985964912280704,0.14731505515757057,state1,4.2042042042042045,0.13595453279585185,0.1537957348233315
A,0.12985964912280704,0.14731505515757057,state1,4.2142142142142145,0.13588251368550916,0.153719342117878
A,0.12985964912280704,0.14731505515757057,state1,4.2242242242242245,0.13581132041940622,0.1536438214142644
A,0.12985964912280704,0.14731505515757057,state1,4.2342342342342345,0.13574094411517848,0.15356916341693372
A,0.12985964912280704,0.14731505515757057,state1,4.2442442442442445,0.1356713759723073,0.15349535891429758
A,0.12985964912280704,0.14731505515757057,state1,4.2542542542542545,0.13560260727168985,0.15342239877833008
A,0.12985964912280704,0.14731505515757057,state1,4.2642642642642645,0.13553462937520247,0.15335027396415488
A,0.12985964912280704,0.14731505515757057,state1,4.2742742742742745,0.13546743372525868,0.1532789755096252
A,0.12985964912280704,0.14731505515757057,state1,4.2842842842842845,0.13540101184436118,0.1532084945348976
A,0.12985964912280704,0.14731505515757057,state1,4.2942942942942945,0.13533535533464885,0.1531388222419993
A,0.12985964912280704,0.14731505515757057,state1,4.3043043043043046,0.1352704558774384,0.15306994991438952
A,0.12985964912280704,0.14731505515757057,state1,4.314314314314315,0.13520630523276148,0.15300186891651552
A,0.12985964912280704,0.14731505515757057,state1,4.324324324324325,0.13514289523889694,0.1529345706933627
A,0.12985964912280704,0.14731505515757057,state1,4.334334334334335,0.1350802178118992,0.15286804676999968
A,0.12985964912280704,0.14731505515757057,state1,4.344344344344345,0.13501826494512176,0.15280228875111884
A,0.12985964912280704,0.14731505515757057,state1,4.354354354354355,0.13495702870873777,0.1527372883205714
A,0.12985964912280704,0.14731505515757057,state1,4.364364364364365,0.13489650124925628,0.15267303724089887
A,0.12985964912280704,0.14731505515757057,state1,4.374374374374375,0.13483667478903538,0.15260952735285963
A,0.12985964912280704,0.14731505515757057,state1,4.384384384384385,0.13477754162579197,0.15254675057495184
A,0.12985964912280704,0.14731505515757057,state1,4.394394394394395,0.1347190941321087,0.15248469890293265
A,0.12985964912280704,0.14731505515757057,state1,4.404404404404405,0.1346613247549379,0.15242336440933357
A,0.12985964912280704,0.14731505515757057,state1,4.414414414414415,0.1346042260151032,0.15236273924297272
A,0.12985964912280704,0.14731505515757057,state1,4.424424424424425,0.1345477905067985,0.1523028156284639
A,0.12985964912280704,0.14731505515757057,state1,4.434434434434435,0.13449201089708473,0.15224358586572265
A,0.12985964912280704,0.14731505515757057,state1,4.444444444444445,0.1344368799253848,0.15218504232946964
A,0.12985964912280704,0.14731505515757057,state1,4.454454454454455,0.13438239040297648,0.15212717746873158
A,0.12985964912280704,0.14731505515757057,state1,4.464464464464465,0.13432853521248364,0.15206998380633968
A,0.12985964912280704,0.14731505515757057,state1,4.474474474474475,0.13427530730736612,0.15201345393842583
A,0.12985964912280704,0.14731505515757057,state1,4.484484484484485,0.13422269971140807,0.15195758053391725
A,0.12985964912280704,0.14731505515757057,state1,4.494494494494495,0.13417070551820534,0.15190235633402865
A,0.12985964912280704,0.14731505515757057,state1,4.504504504504505,0.13411931789065157,0.15184777415175338
A,0.12985964912280704,0.14731505515757057,state1,4.514514514514515,0.1340685300604236,0.15179382687135262
A,0.12985964912280704,0.14731505515757057,state1,4.524524524524525,0.13401833532746624,0.15174050744784362
A,0.12985964912280704,0.14731505515757057,state1,4.534534534534535,0.13396872705947613,0.15168780890648653
A,0.12985964912280704,0.14731505515757057,state1,4.544544544544545,0.13391969869138556,0.1516357243422703
A,0.12985964912280704,0.14731505515757057,state1,4.554554554554555,0.13387124372484588,0.1515842469193978
A,0.12985964912280704,0.14731505515757057,state1,4.564564564564565,0.13382335572771042,0.1515333698707702
A,0.12985964912280704,0.14731505515757057,state1,4.574574574574575,0.13377602833351793,0.15148308649747064
A,0.12985964912280704,0.14731505515757057,state1,4.584584584584585,0.1337292552409757,0.1514333901682477
A,0.12985964912280704,0.14731505515757057,state1,4.594594594594595,0.13368303021344294,0.1513842743189984
A,0.12985964912280704,0.14731505515757057,state1,4.604604604604605,0.13363734707841482,0.15133573245225113
A,0.12985964912280704,0.14731505515757057,state1,4.614614614614615,0.13359219972700653,0.1512877581366484
A,0.12985964912280704,0.14731505515757057,state1,4.624624624624625,0.1335475821134381,0.15124034500643005
A,0.12985964912280704,0.14731505515757057,state1,4.634634634634635,0.13350348825452,0.15119348676091612
A,0.12985964912280704,0.14731505515757057,state1,4.644644644644645,0.13345991222913925,0.15114717716399045
A,0.12985964912280704,0.14731505515757057,state1,4.654654654654655,0.13341684817774666,0.15110141004358463
A,0.12985964912280704,0.14731505515757057,state1,4.664664664664665,0.13337429030184478,0.1510561792911623
A,0.12985964912280704,0.14731505515757057,state1,4.674674674674675,0.13333223286347728,0.15101147886120447
A,0.12985964912280704,0.14731505515757057,state1,4.684684684684685,0.13329067018471907,0.15096730277069517
A,0.12985964912280704,0.14731505515757057,state1,4.694694694694695,0.133249596647168,0.15092364509860834
A,0.12985964912280704,0.14731505515757057,state1,4.704704704704705,0.1332090066914378,0.15088049998539532
A,0.12985964912280704,0.14731505515757057,state1,4.714714714714715,0.1331688948166521,0.15083786163247376
A,0.12985964912280704,0.14731505515757057,state1,4.724724724724725,0.13312925557994076,0.1507957243017172
A,0.12985964912280704,0.14731505515757057,state1,4.734734734734735,0.1330900835959369,0.15075408231494644
A,0.12985964912280704,0.14731505515757057,state1,4.744744744744745,0.13305137353627608,0.15071293005342165
A,0.12985964912280704,0.14731505515757057,state1,4.754754754754755,0.13301312012909705,0.15067226195733635
A,0.12985964912280704,0.14731505515757057,state1,4.764764764764765,0.13297531815854433,0.15063207252531247
A,0.12985964912280704,0.14731505515757057,state1,4.774774774774775,0.1329379624642726,0.15059235631389725
A,0.12985964912280704,0.14731505515757057,state1,4.784784784784785,0.13290104794095328,0.15055310793706161
A,0.12985964912280704,0.14731505515757057,state1,4.794794794794795,0.13286456953778256,0.15051432206570028
A,0.12985964912280704,0.14731505515757057,state1,4.804804804804805,0.1328285222579919,0.15047599342713358
A,0.12985964912280704,0.14731505515757057,state1,4.814814814814815,0.1327929011583607,0.15043811680461122
A,0.12985964912280704,0.14731505515757057,state1,4.824824824824825,0.13275770134873074,0.15040068703681778
A,0.12985964912280704,0.14731505515757057,state1,4.834834834834835,0.1327229179915232,0.15036369901738045
A,0.12985964912280704,0.14731505515757057,state1,4.844844844844845,0.1326885463012576,0.15032714769437827
A,0.12985964912280704,0.14731505515757057,state1,4.854854854854855,0.13265458154407353,0.15029102806985406
A,0.12985964912280704,0.14731505515757057,state1,4.864864864864865,0.13262101903725423,0.15025533519932804
A,0.12985964912280704,0.14731505515757057,state1,4.874874874874875,0.13258785414875293,0.15022006419131378
A,0.12985964912280704,0.14731505515757057,state1,4.884884884884885,0.13255508229672144,0.15018521020683637
A,0.12985964912280704,0.14731505515757057,state1,4.894894894894895,0.1325226989490414,0.15015076845895287
A,0.12985964912280704,0.14731505515757057,state1,4.904904904904905,0.13249069962285773,0.15011673421227517
A,0.12985964912280704,0.14731505515757057,state1,4.914914914914915,0.13245907988411523,0.15008310278249504
A,0.12985964912280704,0.14731505515757057,state1,4.924924924924925,0.13242783534709707,0.15004986953591168
A,0.12985964912280704,0.14731505515757057,state1,4.934934934934935,0.1323969616739665,0.1500170298889619
A,0.12985964912280704,0.14731505515757057,state1,4.944944944944945,0.13236645457431087,0.14998457930775247
A,0.12985964912280704,0.14731505515757057,state1,4.954954954954955,0.13233630980468855,0.14995251330759524
A,0.12985964912280704,0.14731505515757057,state1,4.964964964964965,0.13230652316817837,0.14992082745254473
A,0.12985964912280704,0.14731505515757057,state1,4.974974974974975,0.13227709051393205,0.1498895173549384
A,0.12985964912280704,0.14731505515757057,state1,4.984984984984985,0.13224800773672926,0.14985857867493954
A,0.12985964912280704,0.14731505515757057,state1,4.994994994994995,0.13221927077653547,0.14982800712008265
A,0.12985964912280704,0.14731505515757057,state1,5.005005005005005,0.1321908756180627,0.1497977984448217
A,0.12985964912280704,0.14731505515757057,state1,5.015015015015015,0.132162818290333,0.14976794845008118
A,0.12985964912280704,0.14731505515757057,state1,5.025025025025025,0.13213509486624497,0.1497384529828097
A,0.12985964912280704,0.14731505515757057,state1,5.035035035035035,0.13210770146214307,0.14970930793553633
A,0.12985964912280704,0.14731505515757057,state1,5.045045045045045,0.13208063423738972,0.1496805092459301
A,0.12985964912280704,0.14731505515757057,state1,5.055055055055055,0.13205388939394044,0.14965205289636183
A,0.12985964912280704,0.14731505515757057,state1,5.065065065065065,0.13202746317592198,0.14962393491346915
A,0.12985964912280704,0.14731505515757057,state1,5.075075075075075,0.13200135186921327,0.14959615136772428
A,0.12985964912280704,0.14731505515757057,state1,5.085085085085085,0.13197555180102932,0.14956869837300454
A,0.12985964912280704,0.14731505515757057,state1,5.095095095095095,0.13195005933950824,0.149541572086166
A,0.12985964912280704,0.14731505515757057,state1,5.105105105105105,0.13192487089330096,0.14951476870661978
A,0.12985964912280704,0.14731505515757057,state1,5.115115115115115,0.13189998291116428,0.14948828447591148
A,0.12985964912280704,0.14731505515757057,state1,5.125125125125125,0.13187539188155667,0.14946211567730347
A,0.12985964912280704,0.14731505515757057,state1,5.135135135135135,0.13185109433223713,0.14943625863536
A,0.12985964912280704,0.14731505515757057,state1,5.145145145145145,0.13182708682986702,0.14941070971553547
A,0.12985964912280704,0.14731505515757057,state1,5.155155155155155,0.13180336597961514,0.14938546532376554
A,0.12985964912280704,0.14731505515757057,state1,5.165165165165165,0.13177992842476538,0.14936052190606117
A,0.12985964912280704,0.14731505515757057,state1,5.175175175175175,0.13175677084632775,0.1493358759481058
A,0.12985964912280704,0.14731505515757057,state1,5.185185185185185,0.13173388996265242,0.14931152397485536
A,0.12985964912280704,0.14731505515757057,state1,5.195195195195195,0.13171128252904657,0.14928746255014128
A,0.12985964912280704,0.14731505515757057,state1,5.205205205205205,0.13168894533739434,0.1492636882762767
A,0.12985964912280704,0.14731505515757057,state1,5.215215215215215,0.1316668752157799,0.14924019779366535
A,0.12985964912280704,0.14731505515757057,state1,5.225225225225225,0.1316450690281136,0.1492169877804137
A,0.12985964912280704,0.14731505515757057,state1,5.235235235235235,0.1316235236737607,0.1491940549519461
A,0.12985964912280704,0.14731505515757057,state1,5.245245245245245,0.1316022360871738,0.14917139606062252
A,0.12985964912280704,0.14731505515757057,state1,5.255255255255255,0.13158120323752764,0.14914900789536006
A,0.12985964912280704,0.14731505515757057,state1,5.265265265265265,0.13156042212835733,0.1491268872812567
A,0.12985964912280704,0.14731505515757057,state1,5.275275275275275,0.13153988979719938,0.14910503107921852
A,0.12985964912280704,0.14731505515757057,state1,5.285285285285285,0.13151960331523585,0.14908343618558975
A,0.12985964912280704,0.14731505515757057,state1,5.295295295295295,0.1314995597869414,0.14906209953178576
A,0.12985964912280704,0.14731505515757057,state1,5.305305305305305,0.13147975634973327,0.14904101808392933
A,0.12985964912280704,0.14731505515757057,state1,5.315315315315315,0.13146019017362465,0.14902018884248952
A,0.12985964912280704,0.14731505515757057,state1,5.325325325325325,0.13144085846088022,0.14899960884192387
A,0.12985964912280704,0.14731505515757057,state1,5.335335335335335,0.1314217584456756,0.14897927515032333
A,0.12985964912280704,0.14731505515757057,state1,5.345345345345345,0.1314028873937591,0.14895918486906035
A,0.12985964912280704,0.14731505515757057,state1,5.355355355355355,0.1313842426021166,0.14893933513243973
A,0.12985964912280704,0.14731505515757057,state1,5.365365365365365,0.13136582139863934,0.14891972310735285
A,0.12985964912280704,0.14731505515757057,state1,5.375375375375375,0.13134762114179488,0.1489003459929342
A,0.12985964912280704,0.14731505515757057,state1,5.385385385385385,0.13132963922030066,0.14888120102022148
A,0.12985964912280704,0.14731505515757057,state1,5.395395395395395,0.1313118730528005,0.14886228545181837
A,0.12985964912280704,0.14731505515757057,state1,5.405405405405405,0.13129432008754433,0.14884359658156013
A,0.12985964912280704,0.14731505515757057,state1,5.415415415415415,0.13127697780207026,0.1488251317341823
A,0.12985964912280704,0.14731505515757057,state1,5.425425425425425,0.13125984370289007,0.14880688826499236
A,0.12985964912280704,0.14731505515757057,state1,5.435435435435435,0.13124291532517718,0.14878886355954396
A,0.12985964912280704,0.14731505515757057,state1,5.445445445445445,0.13122619023245768,0.14877105503331448
A,0.12985964912280704,0.14731505515757057,state1,5.455455455455455,0.13120966601630404,0.14875346013138505
A,0.12985964912280704,0.14731505515757057,state1,5.465465465465465,0.13119334029603172,0.1487360763281238
A,0.12985964912280704,0.14731505515757057,state1,5.475475475475475,0.13117721071839866,0.14871890112687175
A,0.12985964912280704,0.14731505515757057,state1,5.485485485485485,0.13116127495730737,0.14870193205963156
A,0.12985964912280704,0.14731505515757057,state1,5.495495495495495,0.13114553071351004,0.14868516668675918
A,0.12985964912280704,0.14731505515757057,state1,5.505505505505505,0.1311299757143162,0.14866860259665826
A,0.12985964912280704,0.14731505515757057,state1,5.515515515515515,0.1311146077133032,0.14865223740547742
A,0.12985964912280704,0.14731505515757057,state1,5.525525525525525,0.13109942449002954,0.14863606875681026
A,0.12985964912280704,0.14731505515757057,state1,5.535535535535535,0.13108442384975075,0.14862009432139822
A,0.12985964912280704,0.14731505515757057,state1,5.545545545545545,0.13106960362313808,0.14860431179683603
A,0.12985964912280704,0.14731505515757057,state1,5.555555555555555,0.13105496166599978,0.14858871890728015
A,0.12985964912280704,0.14731505515757057,state1,5.565565565565565,0.13104049585900518,0.14857331340315977
A,0.12985964912280704,0.14731505515757057,state1,5.575575575575575,0.13102620410741145,0.1485580930608906
A,0.12985964912280704,0.14731505515757057,state1,5.585585585585585,0.13101208434079267,0.14854305568259135
A,0.12985964912280704,0.14731505515757057,state1,5.595595595595595,0.130998134512772,0.1485281990958029
A,0.12985964912280704,0.14731505515757057,state1,5.605605605605605,0.13098435260075617,0.14851352115321007
A,0.12985964912280704,0.14731505515757057,state1,5.615615615615615,0.1309707366056725,0.14849901973236632
A,0.12985964912280704,0.14731505515757057,state1,5.625625625625625,0.1309572845517088,0.14848469273542064
A,0.12985964912280704,0.14731505515757057,state1,5.635635635635635,0.13094399448605548,0.14847053808884747
A,0.12985964912280704,0.14731505515757057,state1,5.645645645645645,0.1309308644786505,0.14845655374317912
A,0.12985964912280704,0.14731505515757057,state1,5.655655655655655,0.13091789262192646,0.14844273767274058
A,0.12985964912280704,0.14731505515757057,state1,5.665665665665665,0.13090507703056087,0.14842908787538728
A,0.12985964912280704,0.14731505515757057,state1,5.675675675675675,0.130892415841228,0.14841560237224502
A,0.12985964912280704,0.14731505515757057,state1,5.685685685685685,0.13087990721235396,0.1484022792074527
A,0.12985964912280704,0.14731505515757057,state1,5.6956956956956954,0.13086754932387396,0.14838911644790753
A,0.12985964912280704,0.14731505515757057,state1,5.7057057057057055,0.1308553403769918,0.14837611218301275
A,0.12985964912280704,0.14731505515757057,state1,5.7157157157157155,0.13084327859394218,0.14836326452442777
A,0.12985964912280704,0.14731505515757057,state1,5.7257257257257255,0.13083136221775515,0.1483505716058208
A,0.12985964912280704,0.14731505515757057,state1,5.7357357357357355,0.13081958951202294,0.148338031582624
A,0.12985964912280704,0.14731505515757057,state1,5.7457457457457455,0.13080795876066928,0.14832564263179124
A,0.12985964912280704,0.14731505515757057,state1,5.7557557557557555,0.130796468267721,0.14831340295155773
A,0.12985964912280704,0.14731505515757057,state1,5.7657657657657655,0.13078511635708193,0.14830131076120273
A,0.12985964912280704,0.14731505515757057,state1,5.7757757757757755,0.13077390137230913,0.1482893643008142
A,0.12985964912280704,0.14731505515757057,state1,5.7857857857857855,0.13076282167639156,0.148277561831056
A,0.12985964912280704,0.14731505515757057,state1,5.7957957957957955,0.13075187565153068,0.14826590163293743
A,0.12985964912280704,0.14731505515757057,state1,5.8058058058058055,0.13074106169892374,0.14825438200758495
A,0.12985964912280704,0.14731505515757057,state1,5.8158158158158155,0.13073037823854894,0.1482430012760166
A,0.12985964912280704,0.14731505515757057,state1,5.8258258258258255,0.13071982370895308,0.14823175777891828
A,0.12985964912280704,0.14731505515757057,state1,5.8358358358358355,0.13070939656704114,0.14822064987642253
A,0.12985964912280704,0.14731505515757057,state1,5.8458458458458455,0.1306990952878684,0.14820967594788964
A,0.12985964912280704,0.14731505515757057,state1,5.8558558558558556,0.13068891836443441,0.14819883439169085
A,0.12985964912280704,0.14731505515757057,state1,5.865865865865866,0.13067886430747924,0.1481881236249939
A,0.12985964912280704,0.14731505515757057,state1,5.875875875875876,0.13066893164528187,0.14817754208355075
A,0.12985964912280704,0.14731505515757057,state1,5.885885885885886,0.13065911892346077,0.14816708822148744
A,0.12985964912280704,0.14731505515757057,state1,5.895895895895896,0.13064942470477633,0.14815676051109627
A,0.12985964912280704,0.14731505515757057,state1,5.905905905905906,0.13063984756893565,0.14814655744262994
A,0.12985964912280704,0.14731505515757057,state1,5.915915915915916,0.1306303861123992,0.14813647752409806
A,0.12985964912280704,0.14731505515757057,state1,5.925925925925926,0.13062103894818966,0.14812651928106557
A,0.12985964912280704,0.14731505515757057,state1,5.935935935935936,0.13061180470570263,0.14811668125645347
A,0.12985964912280704,0.14731505515757057,state1,5.945945945945946,0.13060268203051956,0.1481069620103414
A,0.12985964912280704,0.14731505515757057,state1,5.955955955955956,0.1305936695842224,0.14809736011977254
A,0.12985964912280704,0.14731505515757057,state1,5.965965965965966,0.1305847660442105,0.14808787417856042
A,0.12985964912280704,0.14731505515757057,state1,5.975975975975976,0.1305759701035192,0.14807850279709778
A,0.12985964912280704,0.14731505515757057,state1,5.985985985985986,0.1305672804706407,0.14806924460216747
A,0.12985964912280704,0.14731505515757057,state1,5.995995995995996,0.1305586958693465,0.14806009823675534
A,0.12985964912280704,0.14731505515757057,state1,6.006006006006006,0.13055021503851189,0.14805106235986512
A,0.12985964912280704,0.14731505515757057,state1,6.016016016016016,0.1305418367319423,0.1480421356463353
A,0.12985964912280704,0.14731505515757057,state1,6.026026026026026,0.1305335597182018,0.148033316786658
A,0.12985964912280704,0.14731505515757057,state1,6.036036036036036,0.13052538278044276,0.14802460448679944
A,0.12985964912280704,0.14731505515757057,state1,6.046046046046046,0.1305173047162383,0.14801599746802283
A,0.12985964912280704,0.14731505515757057,state1,6.056056056056056,0.13050932433741552,0.14800749446671288
A,0.12985964912280704,0.14731505515757057,state1,6.066066066066066,0.13050144046989154,0.14799909423420218
A,0.12985964912280704,0.14731505515757057,state1,6.076076076076076,0.1304936519535105,0.1479907955365994
A,0.12985964912280704,0.14731505515757057,state1,6.086086086086086,0.13048595764188287,0.14798259715461967
A,0.12985964912280704,0.14731505515757057,state1,6.096096096096096,0.13047835640222616,0.14797449788341627
A,0.12985964912280704,0.14731505515757057,state1,6.106106106106106,0.1304708471152077,0.1479664965324146
A,0.12985964912280704,0.14731505515757057,state1,6.116116116116116,0.13046342867478877,0.14795859192514765
A,0.12985964912280704,0.14731505515757057,state1,6.126126126126126,0.1304560999880708,0.1479507828990935
A,0.12985964912280704,0.14731505515757057,state1,6.136136136136136,0.1304488599751429,0.1479430683055143
A,0.12985964912280704,0.14731505515757057,state1,6.146146146146146,0.1304417075689314,0.1479354470092971
A,0.12985964912280704,0.14731505515757057,state1,6.156156156156156,0.13043464171505076,0.14792791788879664
A,0.12985964912280704,0.14731505515757057,state1,6.166166166166166,0.13042766137165637,0.1479204798356796
A,0.12985964912280704,0.14731505515757057,state1,6.176176176176176,0.1304207655092987,0.14791313175477044
A,0.12985964912280704,0.14731505515757057,state1,6.186186186186186,0.13041395311077936,0.14790587256389934
A,0.12985964912280704,0.14731505515757057,state1,6.196196196196196,0.13040722317100842,0.14789870119375145
A,0.12985964912280704,0.14731505515757057,state1,6.206206206206206,0.1304005746968636,0.14789161658771788
A,0.12985964912280704,0.14731505515757057,state1,6.216216216216216,0.13039400670705095,0.1478846177017484
A,0.12985964912280704,0.14731505515757057,state1,6.226226226226226,0.13038751823196687,0.14787770350420568
A,0.12985964912280704,0.14731505515757057,state1,6.236236236236236,0.13038110831356187,0.14787087297572124
A,0.12985964912280704,0.14731505515757057,state1,6.246246246246246,0.13037477600520594,0.14786412510905275
A,0.12985964912280704,0.14731505515757057,state1,6.256256256256256,0.130368520371555,0.14785745890894317
A,0.12985964912280704,0.14731505515757057,state1,6.266266266266266,0.13036234048841935,0.1478508733919814
A,0.12985964912280704,0.14731505515757057,state1,6.276276276276276,0.13035623544263325,0.14784436758646433
A,0.12985964912280704,0.14731505515757057,state1,6.286286286286286,0.13035020433192598,0.14783794053226043
A,0.12985964912280704,0.14731505515757057,state1,6.296296296296296,0.13034424626479452,0.14783159128067505
A,0.12985964912280704,0.14731505515757057,state1,6.306306306306306,0.13033836036037755,0.14782531889431705
A,0.12985964912280704,0.14731505515757057,state1,6.316316316316316,0.13033254574833072,0.14781912244696693
A,0.12985964912280704,0.14731505515757057,state1,6.326326326326326,0.1303268015687037,0.1478130010234465
A,0.12985964912280704,0.14731505515757057,state1,6.336336336336336,0.13032112697181805,0.1478069537194898
A,0.12985964912280704,0.14731505515757057,state1,6.346346346346346,0.13031552111814707,0.1478009796416158
A,0.12985964912280704,0.14731505515757057,state1,6.356356356356356,0.1303099831781966,0.1477950779070022
A,0.12985964912280704,0.14731505515757057,state1,6.366366366366366,0.13030451233238718,0.14778924764336088
A,0.12985964912280704,0.14731505515757057,state1,6.376376376376376,0.13029910777093787,0.14778348798881455
A,0.12985964912280704,0.14731505515757057,state1,6.386386386386386,0.13029376869375087,0.14777779809177485
A,0.12985964912280704,0.14731505515757057,state1,6.396396396396396,0.13028849431029796,0.14777217711082197
A,0.12985964912280704,0.14731505515757057,state1,6.406406406406406,0.13028328383950777,0.1477666242145853
A,0.12985964912280704,0.14731505515757057,state1,6.416416416416417,0.13027813650965472,0.14776113858162573
A,0.12985964912280704,0.14731505515757057,state1,6.426426426426427,0.13027305155824895,0.14775571940031923
A,0.12985964912280704,0.14731505515757057,state1,6.436436436436437,0.1302680282319276,0.14775036586874143
A,0.12985964912280704,0.14731505515757057,state1,6.446446446446447,0.13026306578634725,0.1477450771945539
A,0.12985964912280704,0.14731505515757057,state1,6.456456456456457,0.13025816348607777,0.1477398525948916
A,0.12985964912280704,0.14731505515757057,state1,6.466466466466467,0.13025332060449718,0.14773469129625144
A,0.12985964912280704,0.14731505515757057,state1,6.476476476476477,0.13024853642368772,0.14772959253438211
A,0.12985964912280704,0.14731505515757057,state1,6.486486486486487,0.13024381023433318,0.14772455555417557
A,0.12985964912280704,0.14731505515757057,state1,6.496496496496497,0.13023914133561756,0.1477195796095592
A,0.12985964912280704,0.14731505515757057,state1,6.506506506506507,0.1302345290351244,0.14771466396338945
A,0.12985964912280704,0.14731505515757057,state1,6.516516516516517,0.13022997264873776,0.1477098078873468
A,0.12985964912280704,0.14731505515757057,state1,6.526526526526527,0.13022547150054412,0.14770501066183178
A,0.12985964912280704,0.14731505515757057,state1,6.536536536536537,0.1302210249227354,0.14770027157586196
A,0.12985964912280704,0.14731505515757057,state1,6.546546546546547,0.13021663225551308,0.1476955899269706
A,0.12985964912280704,0.14731505515757057,state1,6.556556556556557,0.13021229284699345,0.1476909650211061
A,0.12985964912280704,0.14731505515757057,state1,6.566566566566567,0.13020800605311403,0.14768639617253265
A,0.12985964912280704,0.14731505515757057,state1,6.576576576576577,0.13020377123754082,0.14768188270373203
A,0.12985964912280704,0.14731505515757057,state1,6.586586586586587,0.1301995877715769,0.14767742394530664
A,0.12985964912280704,0.14731505515757057,state1,6.596596596596597,0.13019545503407196,0.14767301923588344
A,0.12985964912280704,0.14731505515757057,state1,6.606606606606607,0.1301913724113327,0.14766866792201927
A,0.12985964912280704,0.14731505515757057,state1,6.616616616616617,0.1301873392970347,0.14766436935810678
A,0.12985964912280704,0.14731505515757057,state1,6.626626626626627,0.1301833550921347,0.14766012290628205
A,0.12985964912280704,0.14731505515757057,state1,6.636636636636637,0.13017941920478443,0.1476559279363328
A,0.12985964912280704,0.14731505515757057,state1,6.646646646646647,0.13017553105024526,0.14765178382560779
A,0.12985964912280704,0.14731505515757057,state1,6.656656656656657,0.1301716900508036,0.14764768995892733
A,0.12985964912280704,0.14731505515757057,state1,6.666666666666667,0.13016789563568762,0.1476436457284948
A,0.12985964912280704,0.14731505515757057,state1,6.676676676676677,0.1301641472409848,0.14763965053380906
A,0.12985964912280704,0.14731505515757057,state1,6.686686686686687,0.13016044430956028,0.147635703781578
A,0.12985964912280704,0.14731505515757057,state1,6.696696696696697,0.13015678629097646,0.14763180488563307
A,0.12985964912280704,0.14731505515757057,state1,6.706706706706707,0.1301531726414132,0.14762795326684483
A,0.12985964912280704,0.14731505515757057,state1,6.716716716716717,0.13014960282358934,0.14762414835303922
A,0.12985964912280704,0.14731505515757057,state1,6.726726726726727,0.13014607630668457,0.14762038957891516
A,0.12985964912280704,0.14731505515757057,state1,6.736736736736737,0.13014259256626282,0.14761667638596293
A,0.12985964912280704,0.14731505515757057,state1,6.746746746746747,0.13013915108419616,0.14761300822238335
A,0.12985964912280704,0.14731505515757057,state1,6.756756756756757,0.13013575134858962,0.1476093845430082
A,0.12985964912280704,0.14731505515757057,state1,6.766766766766767,0.13013239285370698,0.14760580480922136
A,0.12985964912280704,0.14731505515757057,state1,6.776776776776777,0.13012907509989743,0.1476022684888808
A,0.12985964912280704,0.14731505515757057,state1,6.786786786786787,0.130125797593523,0.14759877505624172
A,0.12985964912280704,0.14731505515757057,state1,6.796796796796797,0.13012255984688675,0.14759532399188027
A,0.12985964912280704,0.14731505515757057,state1,6.806806806806807,0.13011936137816216,0.14759191478261852
A,0.12985964912280704,0.14731505515757057,state1,6.816816816816817,0.13011620171132293,0.14758854692144993
A,0.12985964912280704,0.14731505515757057,state1,6.826826826826827,0.13011308037607375,0.14758521990746593
A,0.12985964912280704,0.14731505515757057,state1,6.836836836836837,0.130109996907782,0.1475819332457833
A,0.12985964912280704,0.14731505515757057,state1,6.846846846846847,0.13010695084741009,0.14757868644747227
A,0.12985964912280704,0.14731505515757057,state1,6.856856856856857,0.13010394174144857,0.14757547902948567
A,0.12985964912280704,0.14731505515757057,state1,6.866866866866867,0.13010096914185026,0.14757231051458877
A,0.12985964912280704,0.14731505515757057,state1,6.876876876876877,0.13009803260596484,0.14756918043128986
A,0.12985964912280704,0.14731505515757057,state1,6.886886886886887,0.13009513169647433,0.14756608831377188
A,0.12985964912280704,0.14731505515757057,state1,6.896896896896897,0.13009226598132947,0.1475630337018246
A,0.12985964912280704,0.14731505515757057,state1,6.906906906906907,0.1300894350336866,0.14756001614077777
A,0.12985964912280704,0.14731505515757057,state1,6.916916916916917,0.1300866384318455,0.14755703518143484
A,0.12985964912280704,0.14731505515757057,state1,6.926926926926927,0.13008387575918773,0.14755409038000783
A,0.12985964912280704,0.14731505515757057,state1,6.936936936936937,0.1300811466041159,0.1475511812980524
A,0.12985964912280704,0.14731505515757057,state1,6.946946946946947,0.13007845055999356,0.14754830750240425
A,0.12985964912280704,0.14731505515757057,state1,6.956956956956957,0.13007578722508573,0.14754546856511594
A,0.12985964912280704,0.14731505515757057,state1,6.966966966966967,0.1300731562025003,0.14754266406339445
A,0.12985964912280704,0.14731505515757057,state1,6.976976976976977,0.1300705571001299,0.14753989357953962
A,0.12985964912280704,0.14731505515757057,state1,6.986986986986987,0.13006798953059476,0.14753715670088322
A,0.12985964912280704,0.14731505515757057,state1,6.996996996996997,0.13006545311118586,0.14753445301972862
A,0.12985964912280704,0.14731505515757057,state1,7.007007007007007,0.130062947463809,0.14753178213329152
A,0.12985964912280704,0.14731505515757057,state1,7.017017017017017,0.13006047221492947,0.14752914364364092
A,0.12985964912280704,0.14731505515757057,state1,7.027027027027027,0.13005802699551747,0.1475265371576411
A,0.12985964912280704,0.14731505515757057,state1,7.037037037037037,0.1300556114409938,0.14752396228689424
A,0.12985964912280704,0.14731505515757057,state1,7.047047047047047,0.13005322519117682,0.14752141864768353
A,0.12985964912280704,0.14731505515757057,state1,7.057057057057057,0.13005086789022935,0.14751890586091723
A,0.12985964912280704,0.14731505515757057,state1,7.067067067067067,0.13004853918660675,0.14751642355207306
A,0.12985964912280704,0.14731505515757057,state1,7.077077077077077,0.1300462387330052,0.1475139713511436
A,0.12985964912280704,0.14731505515757057,state1,7.087087087087087,0.13004396618631092,0.14751154889258197
A,0.12985964912280704,0.14731505515757057,state1,7.097097097097097,0.13004172120754975,0.14750915581524848
A,0.12985964912280704,0.14731505515757057,state1,7.107107107107107,0.13003950346183746,0.14750679176235765
A,0.12985964912280704,0.14731505515757057,state1,7.117117117117117,0.13003731261833054,0.14750445638142604
A,0.12985964912280704,0.14731505515757057,state1,7.127127127127127,0.13003514835017774,0.1475021493242205
A,0.12985964912280704,0.14731505515757057,state1,7.137137137137137,0.1300330103344719,0.14749987024670733
A,0.12985964912280704,0.14731505515757057,state1,7.147147147147147,0.13003089825220276,0.14749761880900156
A,0.12985964912280704,0.14731505515757057,state1,7.157157157157157,0.13002881178820982,0.14749539467531741
A,0.12985964912280704,0.14731505515757057,state1,7.167167167167167,0.13002675063113622,0.14749319751391893
A,0.12985964912280704,0.14731505515757057,state1,7.177177177177177,0.13002471447338299,0.14749102699707126
A,0.12985964912280704,0.14731505515757057,state1,7.187187187187187,0.1300227030110636,0.14748888280099265
A,0.12985964912280704,0.14731505515757057,state1,7.197197197197197,0.13002071594395956,0.1474867646058068
A,0.12985964912280704,0.14731505515757057,state1,7.207207207207207,0.130018752975476,0.14748467209549615
A,0.12985964912280704,0.14731505515757057,state1,7.217217217217217,0.13001681381259822,0.14748260495785512
A,0.12985964912280704,0.14731505515757057,state1,7.227227227227227,0.1300148981658485,0.14748056288444453
A,0.12985964912280704,0.14731505515757057,state1,7.237237237237237,0.13001300574924338,0.14747854557054615
A,0.12985964912280704,0.14731505515757057,state1,7.247247247247247,0.13001113628025174,0.14747655271511803
A,0.12985964912280704,0.14731505515757057,state1,7.257257257257257,0.1300092894797531,0.14747458402075
A,0.12985964912280704,0.14731505515757057,state1,7.267267267267267,0.1300074650719965,0.14747263919362025
A,0.12985964912280704,0.14731505515757057,state1,7.277277277277277,0.13000566278455986,0.14747071794345185
A,0.12985964912280704,0.14731505515757057,state1,7.287287287287287,0.13000388234830987,0.14746881998347025
A,0.12985964912280704,0.14731505515757057,state1,7.297297297297297,0.13000212349736226,0.14746694503036098
A,0.12985964912280704,0.14731505515757057,state1,7.307307307307307,0.13000038596904273,0.1474650928042279
A,0.12985964912280704,0.14731505515757057,state1,7.317317317317317,0.12999866950384806,0.14746326302855212
A,0.12985964912280704,0.14731505515757057,state1,7.327327327327327,0.1299969738454079,0.1474614554301512
A,0.12985964912280704,0.14731505515757057,state1,7.337337337337337,0.12999529874044702,0.14745966973913896
A,0.12985964912280704,0.14731505515757057,state1,7.347347347347347,0.12999364393874777,0.14745790568888562
A,0.12985964912280704,0.14731505515757057,state1,7.357357357357357,0.12999200919311332,0.1474561630159787
A,0.12985964912280704,0.14731505515757057,state1,7.367367367367367,0.12999039425933112,0.147454441460184
A,0.12985964912280704,0.14731505515757057,state1,7.377377377377377,0.12998879889613676,0.14745274076440737
A,0.12985964912280704,0.14731505515757057,state1,7.387387387387387,0.12998722286517847,0.14745106067465674
A,0.12985964912280704,0.14731505515757057,state1,7.397397397397397,0.12998566593098182,0.14744940094000472
A,0.12985964912280704,0.14731505515757057,state1,7.407407407407407,0.12998412786091498,0.14744776131255152
A,0.12985964912280704,0.14731505515757057,state1,7.4174174174174174,0.12998260842515438,0.1474461415473884
A,0.12985964912280704,0.14731505515757057,state1,7.4274274274274275,0.12998110739665064,0.14744454140256155
A,0.12985964912280704,0.14731505515757057,state1,7.4374374374374375,0.12997962455109507,0.14744296063903636
A,0.12985964912280704,0.14731505515757057,state1,7.4474474474474475,0.12997815966688664,0.1474413990206621
A,0.12985964912280704,0.14731505515757057,state1,7.4574574574574575,0.1299767125250989,0.14743985631413725
A,0.12985964912280704,0.14731505515757057,state1,7.4674674674674675,0.129975282909448,0.1474383322889747
A,0.12985964912280704,0.14731505515757057,state1,7.4774774774774775,0.12997387060626028,0.147436826717468
A,0.12985964912280704,0.14731505515757057,state1,7.4874874874874875,0.12997247540444107,0.14743533937465753
A,0.12985964912280704,0.14731505515757057,state1,7.4974974974974975,0.12997109709544313,0.14743387003829744
A,0.12985964912280704,0.14731505515757057,state1,7.5075075075075075,0.12996973547323595,0.14743241848882266
A,0.12985964912280704,0.14731505515757057,state1,7.5175175175175175,0.1299683903342753,0.1474309845093165
A,0.12985964912280704,0.14731505515757057,state1,7.5275275275275275,0.1299670614774729,0.14742956788547856
A,0.12985964912280704,0.14731505515757057,state1,7.5375375375375375,0.1299657487041668,0.14742816840559306
A,0.12985964912280704,0.14731505515757057,state1,7.5475475475475475,0.12996445181809202,0.14742678586049757
A,0.12985964912280704,0.14731505515757057,state1,7.5575575575575575,0.12996317062535134,0.14742542004355197
A,0.12985964912280704,0.14731505515757057,state1,7.5675675675675675,0.12996190493438659,0.14742407075060793
A,0.12985964912280704,0.14731505515757057,state1,7.5775775775775776,0.12996065455595038,0.1474227377799788
A,0.12985964912280704,0.14731505515757057,state1,7.587587587587588,0.12995941930307794,0.1474214209324095
A,0.12985964912280704,0.14731505515757057,state1,7.597597597597598,0.12995819899105954,0.14742012001104737
A,0.12985964912280704,0.14731505515757057,state1,7.607607607607608,0.12995699343741293,0.1474188348214128
A,0.12985964912280704,0.14731505515757057,state1,7.617617617617618,0.1299558024618565,0.1474175651713704
A,0.12985964912280704,0.14731505515757057,state1,7.627627627627628,0.12995462588628245,0.14741631087110074
A,0.12985964912280704,0.14731505515757057,state1,7.637637637637638,0.12995346353473025,0.14741507173307208
A,0.12985964912280704,0.14731505515757057,state1,7.647647647647648,0.12995231523336087,0.1474138475720127
A,0.12985964912280704,0.14731505515757057,state1,7.657657657657658,0.12995118081043067,0.14741263820488332
A,0.12985964912280704,0.14731505515757057,state1,7.667667667667668,0.12995006009626606,0.14741144345085008
A,0.12985964912280704,0.14731505515757057,state1,7.677677677677678,0.1299489529232384,0.14741026313125774
A,0.12985964912280704,0.14731505515757057,state1,7.687687687687688,0.12994785912573903,0.14740909706960312
A,0.12985964912280704,0.14731505515757057,state1,7.697697697697698,0.12994677854015463,0.14740794509150904
A,0.12985964912280704,0.14731505515757057,state1,7.707707707707708,0.12994571100484315,0.14740680702469833
A,0.12985964912280704,0.14731505515757057,state1,7.717717717717718,0.12994465636010955,0.14740568269896845
A,0.12985964912280704,0.14731505515757057,state1,7.727727727727728,0.12994361444818237,0.14740457194616616
A,0.12985964912280704,0.14731505515757057,state1,7.737737737737738,0.1299425851131901,0.1474034746001625
A,0.12985964912280704,0.14731505515757057,state1,7.747747747747748,0.12994156820113809,0.14740239049682832
A,0.12985964912280704,0.14731505515757057,state1,7.757757757757758,0.1299405635598857,0.14740131947400978
A,0.12985964912280704,0.14731505515757057,state1,7.767767767767768,0.12993957103912368,0.14740026137150433
A,0.12985964912280704,0.14731505515757057,state1,7.777777777777778,0.1299385904903519,0.14739921603103706
A,0.12985964912280704,0.14731505515757057,state1,7.787787787787788,0.1299376217668572,0.147398183296237
A,0.12985964912280704,0.14731505515757057,state1,7.797797797797798,0.12993666472369164,0.14739716301261396
A,0.12985964912280704,0.14731505515757057,state1,7.807807807807808,0.12993571921765099,0.1473961550275358
A,0.12985964912280704,0.14731505515757057,state1,7.817817817817818,0.12993478510725334,0.1473951591902055
A,0.12985964912280704,0.14731505515757057,state1,7.827827827827828,0.12993386225271825,0.14739417535163882
A,0.12985964912280704,0.14731505515757057,state1,7.837837837837838,0.12993295051594575,0.14739320336464237
A,0.12985964912280704,0.14731505515757057,state1,7.847847847847848,0.12993204976049602,0.14739224308379154
A,0.12985964912280704,0.14731505515757057,state1,7.857857857857858,0.12993115985156894,0.1473912943654089
A,0.12985964912280704,0.14731505515757057,state1,7.867867867867868,0.1299302806559842,0.14739035706754305
A,0.12985964912280704,0.14731505515757057,state1,7.877877877877878,0.1299294120421613,0.14738943104994726
A,0.12985964912280704,0.14731505515757057,state1,7.887887887887888,0.12992855388010016,0.14738851617405888
A,0.12985964912280704,0.14731505515757057,state1,7.897897897897898,0.12992770604136172,0.14738761230297848
A,0.12985964912280704,0.14731505515757057,state1,7.907907907907908,0.1299268683990488,0.1473867193014498
A,0.12985964912280704,0.14731505515757057,state1,7.917917917917918,0.12992604082778725,0.14738583703583946
A,0.12985964912280704,0.14731505515757057,state1,7.927927927927928,0.1299252232037073,0.14738496537411708
A,0.12985964912280704,0.14731505515757057,state1,7.937937937937938,0.12992441540442515,0.1473841041858357
A,0.12985964912280704,0.14731505515757057,state1,7.947947947947948,0.12992361730902463,0.1473832533421124
A,0.12985964912280704,0.14731505515757057,state1,7.957957957957958,0.12992282879803946,0.14738241271560917
A,0.12985964912280704,0.14731505515757057,state1,7.967967967967968,0.1299220497534352,0.14738158218051378
A,0.12985964912280704,0.14731505515757057,state1,7.977977977977978,0.12992128005859174,0.1473807616125213
A,0.12985964912280704,0.14731505515757057,state1,7.987987987987988,0.12992051959828618,0.14737995088881553
A,0.12985964912280704,0.14731505515757057,state1,7.997997997997998,0.12991976825867532,0.14737914988805062
A,0.12985964912280704,0.14731505515757057,state1,8.008008008008009,0.1299190259272789,0.14737835849033312
A,0.12985964912280704,0.14731505515757057,state1,8.018018018018019,0.12991829249296294,0.14737757657720413
A,0.12985964912280704,0.14731505515757057,state1,8.028028028028029,0.12991756784592284,0.14737680403162168
A,0.12985964912280704,0.14731505515757057,state1,8.038038038038039,0.12991685187766752,0.14737604073794328
A,0.12985964912280704,0.14731505515757057,state1,8.048048048048049,0.1299161444810028,0.14737528658190868
A,0.12985964912280704,0.14731505515757057,state1,8.058058058058059,0.12991544555001577,0.14737454145062295
A,0.12985964912280704,0.14731505515757057,state1,8.068068068068069,0.12991475498005878,0.1473738052325396
A,0.12985964912280704,0.14731505515757057,state1,8.078078078078079,0.12991407266773397,0.14737307781744396
A,0.12985964912280704,0.14731505515757057,state1,8.088088088088089,0.12991339851087783,0.1473723590964368
A,0.12985964912280704,0.14731505515757057,state1,8.098098098098099,0.12991273240854598,0.1473716489619182
A,0.12985964912280704,0.14731505515757057,state1,8.108108108108109,0.12991207426099816,0.14737094730757133
A,0.12985964912280704,0.14731505515757057,state1,8.118118118118119,0.1299114239696833,0.1473702540283468
A,0.12985964912280704,0.14731505515757057,state1,8.128128128128129,0.12991078143722487,0.14736956902044684
A,0.12985964912280704,0.14731505515757057,state1,8.138138138138139,0.12991014656740635,0.1473688921813101
A,0.12985964912280704,0.14731505515757057,state1,8.148148148148149,0.1299095192651569,0.147368223409596
A,0.12985964912280704,0.14731505515757057,state1,8.158158158158159,0.12990889943653722,0.14736756260516998
A,0.12985964912280704,0.14731505515757057,state1,8.168168168168169,0.12990828698872542,0.14736690966908836
A,0.12985964912280704,0.14731505515757057,state1,8.178178178178179,0.12990768183000337,0.14736626450358373
A,0.12985964912280704,0.14731505515757057,state1,8.188188188188189,0.12990708386974287,0.14736562701205025
A,0.12985964912280704,0.14731505515757057,state1,8.198198198198199,0.12990649301839216,0.14736499709902937
A,0.12985964912280704,0.14731505515757057,state1,8.208208208208209,0.12990590918746261,0.14736437467019559
A,0.12985964912280704,0.14731505515757057,state1,8.218218218218219,0.12990533228951553,0.1473637596323422
A,0.12985964912280704,0.14731505515757057,state1,8.228228228228229,0.1299047622381491,0.14736315189336774
A,0.12985964912280704,0.14731505515757057,state1,8.238238238238239,0.1299041989479854,0.14736255136226195
A,0.12985964912280704,0.14731505515757057,state1,8.248248248248249,0.1299036423346579,0.1473619579490924
A,0.12985964912280704,0.14731505515757057,state1,8.258258258258259,0.12990309231479855,0.147361371564991
A,0.12985964912280704,0.14731505515757057,state1,8.268268268268269,0.12990254880602567,0.14736079212214068
A,0.12985964912280704,0.14731505515757057,state1,8.278278278278279,0.12990201172693144,0.14736021953376247
A,0.12985964912280704,0.14731505515757057,state1,8.288288288288289,0.12990148099706986,0.14735965371410237
A,0.12985964912280704,0.14731505515757057,state1,8.298298298298299,0.12990095653694467,0.1473590945784187
A,0.12985964912280704,0.14731505515757057,state1,8.308308308308309,0.1299004382679975,0.14735854204296941
A,0.12985964912280704,0.14731505515757057,state1,8.318318318318319,0.12989992611259626,0.14735799602499955
A,0.12985964912280704,0.14731505515757057,state1,8.328328328328329,0.12989941999402338,0.14735745644272902
A,0.12985964912280704,0.14731505515757057,state1,8.338338338338339,0.12989891983646448,0.1473569232153402
A,0.12985964912280704,0.14731505515757057,state1,8.348348348348349,0.129898425564997,0.14735639626296612
A,0.12985964912280704,0.14731505515757057,state1,8.358358358358359,0.12989793710557904,0.14735587550667836
A,0.12985964912280704,0.14731505515757057,state1,8.368368368368369,0.12989745438503827,0.14735536086847537
A,0.12985964912280704,0.14731505515757057,state1,8.378378378378379,0.1298969773310611,0.1473548522712707
A,0.12985964912280704,0.14731505515757057,state1,8.388388388388389,0.1298965058721817,0.14735434963888178
A,0.12985964912280704,0.14731505515757057,state1,8.398398398398399,0.12989603993777157,0.14735385289601818
A,0.12985964912280704,0.14731505515757057,state1,8.408408408408409,0.12989557945802876,0.14735336196827062
A,0.12985964912280704,0.14731505515757057,state1,8.418418418418419,0.12989512436396766,0.14735287678209982
A,0.12985964912280704,0.14731505515757057,state1,8.428428428428429,0.12989467458740853,0.14735239726482546
A,0.12985964912280704,0.14731505515757057,state1,8.438438438438439,0.12989423006096734,0.14735192334461544
A,0.12985964912280704,0.14731505515757057,state1,8.448448448448449,0.12989379071804585,0.147351454950475
A,0.12985964912280704,0.14731505515757057,state1,8.458458458458459,0.1298933564928215,0.14735099201223625
A,0.12985964912280704,0.14731505515757057,state1,8.468468468468469,0.12989292732023758,0.14735053446054763
A,0.12985964912280704,0.14731505515757057,state1,8.478478478478479,0.12989250313599368,0.1473500822268636
A,0.12985964912280704,0.14731505515757057,state1,8.488488488488489,0.12989208387653592,0.1473496352434344
A,0.12985964912280704,0.14731505515757057,state1,8.498498498498499,0.12989166947904748,0.1473491934432958
A,0.12985964912280704,0.14731505515757057,state1,8.508508508508509,0.1298912598814393,0.14734875676025935
A,0.12985964912280704,0.14731505515757057,state1,8.518518518518519,0.1298908550223407,0.1473483251289023
A,0.12985964912280704,0.14731505515757057,state1,8.528528528528529,0.12989045484109032,0.14734789848455784
A,0.12985964912280704,0.14731505515757057,state1,8.538538538538539,0.1298900592777269,0.1473474767633056
A,0.12985964912280704,0.14731505515757057,state1,8.548548548548549,0.12988966827298054,0.14734705990196179
A,0.12985964912280704,0.14731505515757057,state1,8.558558558558559,0.12988928176826356,0.14734664783807017
A,0.12985964912280704,0.14731505515757057,state1,8.568568568568569,0.12988889970566203,0.14734624050989237
A,0.12985964912280704,0.14731505515757057,state1,8.578578578578579,0.12988852202792694,0.1473458378563989
A,0.12985964912280704,0.14731505515757057,state1,8.588588588588589,0.12988814867846568,0.14734543981725987
A,0.12985964912280704,0.14731505515757057,state1,8.598598598598599,0.12988777960133363,0.14734504633283604
A,0.12985964912280704,0.14731505515757057,state1,8.608608608608609,0.12988741474122567,0.14734465734416996
A,0.12985964912280704,0.14731505515757057,state1,8.618618618618619,0.12988705404346815,0.1473442727929771
A,0.12985964912280704,0.14731505515757057,state1,8.62862862862863,0.1298866974540104,0.1473438926216371
A,0.12985964912280704,0.14731505515757057,state1,8.63863863863864,0.12988634491941697,0.1473435167731853
A,0.12985964912280704,0.14731505515757057,state1,8.64864864864865,0.12988599638685938,0.147343145191304
A,0.12985964912280704,0.14731505515757057,state1,8.65865865865866,0.1298856518041084,0.1473427778203144
A,0.12985964912280704,0.14731505515757057,state1,8.66866866866867,0.12988531111952617,0.14734241460516784
A,0.12985964912280704,0.14731505515757057,state1,8.67867867867868,0.12988497428205842,0.1473420554914379
A,0.12985964912280704,0.14731505515757057,state1,8.68868868868869,0.129884641241227,0.14734170042531214
A,0.12985964912280704,0.14731505515757057,state1,8.6986986986987,0.1298843119471222,0.1473413493535841
A,0.12985964912280704,0.14731505515757057,state1,8.70870870870871,0.12988398635039522,0.14734100222364524
A,0.12985964912280704,0.14731505515757057,state1,8.71871871871872,0.12988366440225108,0.14734065898347726
A,0.12985964912280704,0.14731505515757057,state1,8.72872872872873,0.12988334605444096,0.1473403195816441
A,0.12985964912280704,0.14731505515757057,state1,8.73873873873874,0.1298830312592552,0.14733998396728448
A,0.12985964912280704,0.14731505515757057,state1,8.74874874874875,0.12988271996951625,0.14733965209010413
A,0.12985964912280704,0.14731505515757057,state1,8.75875875875876,0.12988241213857135,0.14733932390036833
A,0.12985964912280704,0.14731505515757057,state1,8.76876876876877,0.1298821077202857,0.14733899934889447
A,0.12985964912280704,0.14731505515757057,state1,8.77877877877878,0.12988180666903557,0.14733867838704465
A,0.12985964912280704,0.14731505515757057,state1,8.78878878878879,0.12988150893970146,0.1473383609667185
A,0.12985964912280704,0.14731505515757057,state1,8.7987987987988,0.1298812144876614,0.14733804704034598
A,0.12985964912280704,0.14731505515757057,state1,8.80880880880881,0.12988092326878417,0.14733773656088012
A,0.12985964912280704,0.14731505515757057,state1,8.81881881881882,0.1298806352394227,0.14733742948179016
A,0.12985964912280704,0.14731505515757057,state1,8.82882882882883,0.12988035035640766,0.14733712575705443
A,0.12985964912280704,0.14731505515757057,state1,8.83883883883884,0.1298800685770409,0.14733682534115372
A,0.12985964912280704,0.14731505515757057,state1,8.84884884884885,0.12987978985908918,0.14733652818906412
A,0.12985964912280704,0.14731505515757057,state1,8.85885885885886,0.1298795141607776,0.14733623425625061
A,0.12985964912280704,0.14731505515757057,state1,8.86886886886887,0.12987924144078364,0.14733594349866017
A,0.12985964912280704,0.14731505515757057,state1,8.87887887887888,0.12987897165823087,0.14733565587271535
A,0.12985964912280704,0.14731505515757057,state1,8.88888888888889,0.1298787047726827,0.1473353713353076
A,0.12985964912280704,0.14731505515757057,state1,8.8988988988989,0.12987844074413654,0.14733508984379104
A,0.12985964912280704,0.14731505515757057,state1,8.90890890890891,0.1298781795330177,0.1473348113559758
A,0.12985964912280704,0.14731505515757057,state1,8.91891891891892,0.1298779211001735,0.14733453583012188
A,0.12985964912280704,0.14731505515757057,state1,8.92892892892893,0.12987766540686732,0.14733426322493295
A,0.12985964912280704,0.14731505515757057,state1,8.93893893893894,0.129877412414773,0.14733399349955004
A,0.12985964912280704,0.14731505515757057,state1,8.94894894894895,0.12987716208596892,0.14733372661354552
A,0.12985964912280704,0.14731505515757057,state1,8.95895895895896,0.12987691438293242,0.14733346252691693
A,0.12985964912280704,0.14731505515757057,state1,8.96896896896897,0.1298766692685341,0.14733320120008123
A,0.12985964912280704,0.14731505515757057,state1,8.97897897897898,0.1298764267060324,0.14733294259386856
A,0.12985964912280704,0.14731505515757057,state1,8.98898898898899,0.12987618665906794,0.14733268666951668
A,0.12985964912280704,0.14731505515757057,state1,8.998998998999,0.12987594909165823,0.14733243338866497
A,0.12985964912280704,0.14731505515757057,state1,9.00900900900901,0.1298757139681921,0.14733218271334875
A,0.12985964912280704,0.14731505515757057,state1,9.01901901901902,0.1298754812534247,0.14733193460599361
A,0.12985964912280704,0.14731505515757057,state1,9.02902902902903,0.12987525091247173,0.14733168902940982
A,0.12985964912280704,0.14731505515757057,state1,9.03903903903904,0.1298750229108047,0.14733144594678668
A,0.12985964912280704,0.14731505515757057,state1,9.04904904904905,0.1298747972142454,0.14733120532168706
A,0.12985964912280704,0.14731505515757057,state1,9.05905905905906,0.12987457378896114,0.14733096711804194
A,0.12985964912280704,0.14731505515757057,state1,9.06906906906907,0.1298743526014593,0.14733073130014504
A,0.12985964912280704,0.14731505515757057,state1,9.07907907907908,0.12987413361858255,0.1473304978326474
A,0.12985964912280704,0.14731505515757057,state1,9.08908908908909,0.12987391680750388,0.14733026668055219
A,0.12985964912280704,0.14731505515757057,state1,9.0990990990991,0.12987370213572158,0.14733003780920936
A,0.12985964912280704,0.14731505515757057,state1,9.10910910910911,0.1298734895710545,0.14732981118431054
A,0.12985964912280704,0.14731505515757057,state1,9.11911911911912,0.1298732790816371,0.14732958677188393
A,0.12985964912280704,0.14731505515757057,state1,9.12912912912913,0.12987307063591477,0.14732936453828904
A,0.12985964912280704,0.14731505515757057,state1,9.13913913913914,0.1298728642026391,0.14732914445021184
A,0.12985964912280704,0.14731505515757057,state1,9.14914914914915,0.12987265975086318,0.14732892647465973
A,0.12985964912280704,0.14731505515757057,state1,9.15915915915916,0.12987245724993693,0.14732871057895655
A,0.12985964912280704,0.14731505515757057,state1,9.16916916916917,0.1298722566695026,0.1473284967307377
A,0.12985964912280704,0.14731505515757057,state1,9.17917917917918,0.1298720579794901,0.14732828489794533
A,0.12985964912280704,0.14731505515757057,state1,9.18918918918919,0.12987186115011268,0.14732807504882345
A,0.12985964912280704,0.14731505515757057,state1,9.1991991991992,0.12987166615186224,0.14732786715191343
A,0.12985964912280704,0.14731505515757057,state1,9.20920920920921,0.12987147295550508,0.1473276611760488
A,0.12985964912280704,0.14731505515757057,state1,9.21921921921922,0.1298712815320775,0.14732745709035125
A,0.12985964912280704,0.14731505515757057,state1,9.22922922922923,0.12987109185288137,0.14732725486422532
A,0.12985964912280704,0.14731505515757057,state1,9.23923923923924,0.12987090388947997,0.1473270544673543
A,0.12985964912280704,0.14731505515757057,state1,9.24924924924925,0.1298707176136936,0.14732685586969554
A,0.12985964912280704,0.14731505515757057,state1,9.25925925925926,0.12987053299759543,0.1473266590414759
A,0.12985964912280704,0.14731505515757057,state1,9.26926926926927,0.12987035001350733,0.14732646395318735
A,0.12985964912280704,0.14731505515757057,state1,9.27927927927928,0.12987016863399561,0.14732627057558245
A,0.12985964912280704,0.14731505515757057,state1,9.28928928928929,0.12986998883186715,0.14732607887967025
A,0.12985964912280704,0.14731505515757057,state1,9.2992992992993,0.12986981058016503,0.14732588883671155
A,0.12985964912280704,0.14731505515757057,state1,9.30930930930931,0.12986963385216474,0.1473257004182149
A,0.12985964912280704,0.14731505515757057,state1,9.31931931931932,0.12986945862137,0.14732551359593224
A,0.12985964912280704,0.14731505515757057,state1,9.32932932932933,0.1298692848615089,0.1473253283418546
A,0.12985964912280704,0.14731505515757057,state1,9.33933933933934,0.1298691125465299,0.14732514462820803
A,0.12985964912280704,0.14731505515757057,state1,9.34934934934935,0.12986894165059804,0.14732496242744933
A,0.12985964912280704,0.14731505515757057,state1,9.35935935935936,0.12986877214809092,0.14732478171226196
A,0.12985964912280704,0.14731505515757057,state1,9.36936936936937,0.1298686040135949,0.14732460245555198
A,0.12985964912280704,0.14731505515757057,state1,9.37937937937938,0.12986843722190142,0.14732442463044404
A,0.12985964912280704,0.14731505515757057,state1,9.38938938938939,0.12986827174800297,0.14732424821027715
A,0.12985964912280704,0.14731505515757057,state1,9.3993993993994,0.12986810756708972,0.14732407316860088
A,0.12985964912280704,0.14731505515757057,state1,9.40940940940941,0.12986794465454535,0.14732389947917135
A,0.12985964912280704,0.14731505515757057,state1,9.41941941941942,0.12986778298594376,0.1473237271159473
A,0.12985964912280704,0.14731505515757057,state1,9.42942942942943,0.12986762253704515,0.1473235560530861
A,0.12985964912280704,0.14731505515757057,state1,9.43943943943944,0.1298674632837925,0.1473233862649401
A,0.12985964912280704,0.14731505515757057,state1,9.44944944944945,0.12986730520230802,0.14732321772605247
A,0.12985964912280704,0.14731505515757057,state1,9.45945945945946,0.1298671482688894,0.14732305041115362
A,0.12985964912280704,0.14731505515757057,state1,9.46946946946947,0.12986699246000644,0.14732288429515739
A,0.12985964912280704,0.14731505515757057,state1,9.47947947947948,0.12986683775229732,0.14732271935315724
A,0.12985964912280704,0.14731505515757057,state1,9.48948948948949,0.12986668412256536,0.1473225555604225
A,0.12985964912280704,0.14731505515757057,state1,9.4994994994995,0.12986653154777536,0.1473223928923947
A,0.12985964912280704,0.14731505515757057,state1,9.50950950950951,0.12986638000505016,0.14732223132468394
A,0.12985964912280704,0.14731505515757057,state1,9.51951951951952,0.12986622947166726,0.14732207083306512
A,0.12985964912280704,0.14731505515757057,state1,9.52952952952953,0.12986607992505542,0.14732191139347436
A,0.12985964912280704,0.14731505515757057,state1,9.53953953953954,0.12986593134279123,0.14732175298200548
A,0.12985964912280704,0.14731505515757057,state1,9.54954954954955,0.1298657837025958,0.1473215955749063
A,0.12985964912280704,0.14731505515757057,state1,9.55955955955956,0.12986563698233144,0.14732143914857507
A,0.12985964912280704,0.14731505515757057,state1,9.56956956956957,0.12986549115999818,0.1473212836795571
A,0.12985964912280704,0.14731505515757057,state1,9.57957957957958,0.12986534621373075,0.1473211291445411
A,0.12985964912280704,0.14731505515757057,state1,9.58958958958959,0.129865202121795,0.14732097552035567
A,0.12985964912280704,0.14731505515757057,state1,9.5995995995996,0.12986505886258487,0.14732082278396585
A,0.12985964912280704,0.14731505515757057,state1,9.60960960960961,0.12986491641461909,0.14732067091246984
A,0.12985964912280704,0.14731505515757057,state1,9.61961961961962,0.12986477475653788,0.1473205198830953
A,0.12985964912280704,0.14731505515757057,state1,9.62962962962963,0.12986463386709984,0.14732036967319606
A,0.12985964912280704,0.14731505515757057,state1,9.63963963963964,0.12986449372517878,0.14732022026024882
A,0.12985964912280704,0.14731505515757057,state1,9.64964964964965,0.1298643543097604,0.1473200716218496
A,0.12985964912280704,0.14731505515757057,state1,9.65965965965966,0.12986421559993935,0.14731992373571046
A,0.12985964912280704,0.14731505515757057,state1,9.66966966966967,0.12986407757491603,0.14731977657965625
A,0.12985964912280704,0.14731505515757057,state1,9.67967967967968,0.12986394021399325,0.14731963013162108
A,0.12985964912280704,0.14731505515757057,state1,9.68968968968969,0.12986380349657353,0.14731948436964526
A,0.12985964912280704,0.14731505515757057,state1,9.6996996996997,0.12986366740215569,0.14731933927187174
A,0.12985964912280704,0.14731505515757057,state1,9.70970970970971,0.1298635319103319,0.14731919481654313
A,0.12985964912280704,0.14731505515757057,state1,9.71971971971972,0.12986339700078461,0.14731905098199816
A,0.12985964912280704,0.14731505515757057,state1,9.72972972972973,0.12986326265328355,0.14731890774666856
A,0.12985964912280704,0.14731505515757057,state1,9.73973973973974,0.12986312884768253,0.14731876508907593
A,0.12985964912280704,0.14731505515757057,state1,9.74974974974975,0.12986299556391664,0.14731862298782833
A,0.12985964912280704,0.14731505515757057,state1,9.75975975975976,0.12986286278199913,0.1473184814216172
A,0.12985964912280704,0.14731505515757057,state1,9.76976976976977,0.12986273048201838,0.14731834036921407
A,0.12985964912280704,0.14731505515757057,state1,9.77977977977978,0.129862598644135,0.14731819980946748
A,0.12985964912280704,0.14731505515757057,state1,9.78978978978979,0.12986246724857878,0.14731805972129972
A,0.12985964912280704,0.14731505515757057,state1,9.7997997997998,0.1298623362756458,0.14731792008370378
A,0.12985964912280704,0.14731505515757057,state1,9.80980980980981,0.1298622057056954,0.14731778087574007
A,0.12985964912280704,0.14731505515757057,state1,9.81981981981982,0.12986207551914727,0.1473176420765334
A,0.12985964912280704,0.14731505515757057,state1,9.82982982982983,0.12986194569647855,0.1473175036652697
A,0.12985964912280704,0.14731505515757057,state1,9.83983983983984,0.1298618162182208,0.1473173656211931
A,0.12985964912280704,0.14731505515757057,state1,9.84984984984985,0.12986168706495724,0.14731722792360263
A,0.12985964912280704,0.14731505515757057,state1,9.85985985985986,0.1298615582173197,0.14731709055184927
A,0.12985964912280704,0.14731505515757057,state1,9.86986986986987,0.12986142965598574,0.14731695348533272
A,0.12985964912280704,0.14731505515757057,state1,9.87987987987988,0.1298613013616758,0.14731681670349844
A,0.12985964912280704,0.14731505515757057,state1,9.88988988988989,0.12986117331515035,0.14731668018583444
A,0.12985964912280704,0.14731505515757057,state1,9.8998998998999,0.12986104549720678,0.14731654391186833
A,0.12985964912280704,0.14731505515757057,state1,9.90990990990991,0.12986091788867682,0.1473164078611641
A,0.12985964912280704,0.14731505515757057,state1,9.91991991991992,0.12986079047042348,0.14731627201331918
A,0.12985964912280704,0.14731505515757057,state1,9.92992992992993,0.12986066322333822,0.14731613634796145
A,0.12985964912280704,0.14731505515757057,state1,9.93993993993994,0.12986053612833812,0.14731600084474594
A,0.12985964912280704,0.14731505515757057,state1,9.94994994994995,0.1298604091663629,0.14731586548335202
A,0.12985964912280704,0.14731505515757057,state1,9.95995995995996,0.1298602823183723,0.14731573024348016
A,0.12985964912280704,0.14731505515757057,state1,9.96996996996997,0.12986015556534294,0.14731559510484904
A,0.12985964912280704,0.14731505515757057,state1,9.97997997997998,0.12986002888826564,0.14731546004719245
A,0.12985964912280704,0.14731505515757057,state1,9.98998998998999,0.12985990226814256,0.14731532505025624
A,0.12985964912280704,0.14731505515757057,state1,10.0,0.12985977568598428,0.14731519009379532
B,0.17995989974937346,0.1187894567264485,state0,0.0,0.1845024169200867,0.28675948485360414
B,0.17995989974937346,0.1187894567264485,state0,0.01001001001001001,0.18694878498149436,0.28306209637078145
B,0.17995989974937346,0.1187894567264485,state0,0.02002002002002002,0.1892871162893746,0.27947381769995483
B,0.17995989974937346,0.1187894567264485,state0,0.03003003003003003,0.19152147647087653,0.275991142916617
B,0.17995989974937346,0.1187894567264485,state0,0.04004004004004004,0.19365577239882983,0.2726106773387585
B,0.17995989974937346,0.1187894567264485,state0,0.050050050050050046,0.19569375944765738,0.2693291340810355
B,0.17995989974937346,0.1187894567264485,state0,0.06006006006006006,0.19763904830309753,0.26614333072099783
B,0.17995989974937346,0.1187894567264485,state0,0.07007007007007007,0.19949511136527912,0.2630501860727229
B,0.17995989974937346,0.1187894567264485,state0,0.08008008008008008,0.20126528877997302,0.26004671706349025
B,0.17995989974937346,0.1187894567264485,state0,0.09009009009009009,0.2029527941288132,0.2571300357093986
B,0.17995989974937346,0.1187894567264485,state0,0.10010010010010009,0.20456071980582097,0.25429734618606453
B,0.17995989974937346,0.1187894567264485,state0,0.11011011011011011,0.20609204210458443,0.2515459419907704
B,0.17995989974937346,0.1187894567264485,state0,0.12012012012012012,0.20754962603786684,0.24887320319262873
B,0.17995989974937346,0.1187894567264485,state0,0.13013013013013014,0.2089362299091769,0.2462765937675229
B,0.17995989974937346,0.1187894567264485,state0,0.14014014014014015,0.21025450965388037,0.24375365901475676
B,0.17995989974937346,0.1187894567264485,state0,0.15015015015015015,0.21150702296572524,0.2413020230525079
B,0.17995989974937346,0.1187894567264485,state0,0.16016016016016016,0.21269623322315126,0.23891938638932894
B,0.17995989974937346,0.1187894567264485,state0,0.17017017017017017,0.21382451322843507,0.2366035235690797
B,0.17995989974937346,0.1187894567264485,state0,0.18018018018018017,0.2148941487715537,0.23435228088680232
B,0.17995989974937346,0.1187894567264485,state0,0.19019019019019018,0.21590734202961578,0.2321635741731715
B,0.17995989974937346,0.1187894567264485,state0,0.20020020020020018,0.21686621481179025,0.23003538664526244
B,0.17995989974937346,0.1187894567264485,state0,0.21021021021021022,0.21777281165884196,0.2279657668214854
B,0.17995989974937346,0.1187894567264485,state0,0.22022022022022023,0.21862910280565342,0.2259528264986297
B,0.17995989974937346,0.1187894567264485,state0,0.23023023023023023,0.21943698701445213,0.22399473878905277
B,0.17995989974937346,0.1187894567264485,state0,0.24024024024024024,0.22019829428587664,0.22208973621613437
B,0.17995989974937346,0.1187894567264485,state0,0.2502502502502503,0.22091478845448007,0.22023610886619321
B,0.17995989974937346,0.1187894567264485,state0,0.2602602602602603,0.22158816967479272,0.2184322025951403
B,0.17995989974937346,0.1187894567264485,state0,0.2702702702702703,0.22222007680362918,0.21667641728820997
B,0.17995989974937346,0.1187894567264485,state0,0.2802802802802803,0.2228120896839327,0.21496720517117618
B,0.17995989974937346,0.1187894567264485,state0,0.2902902902902903,0.22336573133509105,0.21330306917152345
B,0.17995989974937346,0.1187894567264485,state0,0.3003003003003003,0.22388247005433162,0.2116825613280965
B,0.17995989974937346,0.1187894567264485,state0,0.3103103103103103,0.22436372143350622,0.21010428124781036
B,0.17995989974937346,0.1187894567264485,state0,0.3203203203203203,0.22481085029530265,0.20856687460805107
B,0.17995989974937346,0.1187894567264485,state0,0.3303303303303303,0.22522517255267105,0.20706903170344584
B,0.17995989974937346,0.1187894567264485,state0,0.34034034034034033,0.2256079569950231,0.2056094860357277
B,0.17995989974937346,0.1187894567264485,state0,0.35035035035035034,0.22596042700455105,0.20418701294546082
B,0.17995989974937346,0.1187894567264485,state0,0.36036036036036034,0.22628376220581908,0.2028004282844354
B,0.17995989974937346,0.1187894567264485,state0,0.37037037037037035,0.22657910005159906,0.20144858712757788
B,0.17995989974937346,0.1187894567264485,state0,0.38038038038038036,0.22684753734775792,0.20013038252325915
B,0.17995989974937346,0.1187894567264485,state0,0.39039039039039036,0.22709013171984782,0.19884474428091858
B,0.17995989974937346,0.1187894567264485,state0,0.40040040040040037,0.22730790302390913,0.19759063779495417
B,0.17995989974937346,0.1187894567264485,state0,0.41041041041041043,0.22750183470386168,0.19636706290386066
B,0.17995989974937346,0.1187894567264485,state0,0.42042042042042044,0.22767287509773756,0.19517305278362773
B,0.17995989974937346,0.1187894567264485,state0,0.43043043043043044,0.2278219386948919,0.1940076728744391
B,0.17995989974937346,0.1187894567264485,state0,0.44044044044044045,0.22794990734622145,0.19287001983973986
B,0.17995989974937346,0.1187894567264485,state0,0.45045045045045046,0.22805763142931937,0.19175922055676736
B,0.17995989974937346,0.1187894567264485,state0,0.46046046046046046,0.22814593097040092,0.1906744311376647
B,0.17995989974937346,0.1187894567264485,state0,0.47047047047047047,0.22821559672474576,0.18961483598032067
B,0.17995989974937346,0.1187894567264485,state0,0.4804804804804805,0.22826739121732004,0.18857964684810355
B,0.17995989974937346,0.1187894567264485,state0,0.4904904904904905,0.22830204974516344,0.18756810197767845
B,0.17995989974937346,0.1187894567264485,state0,0.5005005005005005,0.22832028134305307,0.18657946521411936
B,0.17995989974937346,0.1187894567264485,state0,0.5105105105105106,0.22832276971388685,0.18561302517254813
B,0.17995989974937346,0.1187894567264485,state0,0.5205205205205206,0.22831017412516394,0.1846680944255535
B,0.17995989974937346,0.1187894567264485,state0,0.5305305305305306,0.22828313027287864,0.18374400871566143
B,0.17995989974937346,0.1187894567264485,state0,0.5405405405405406,0.22824225111408583,0.18284012619214884
B,0.17995989974937346,0.1187894567264485,state0,0.5505505505505506,0.22818812766934127,0.18195582667150936
B,0.17995989974937346,0.1187894567264485,state0,0.5605605605605606,0.228121329796168,0.18109051092089942
B,0.17995989974937346,0.1187894567264485,state0,0.5705705705705706,0.22804240693465083,0.1802435999639087
B,0.17995989974937346,0.1187894567264485,state0,0.5805805805805806,0.22795188882621467,0.17941453440801747
B,0.17995989974937346,0.1187894567264485,state0,0.5905905905905906,0.22785028620659767,0.1786027737931182
B,0.17995989974937346,0.1187894567264485,state0,0.6006006006006006,0.22773809147398788,0.17780779596049612
B,0.17995989974937346,0.1187894567264485,state0,0.6106106106106106,0.22761577933325344,0.17702909644167847
B,0.17995989974937346,0.1187894567264485,state0,0.6206206206206206,0.22748380741715643,0.1762661878665771
B,0.17995989974937346,0.1187894567264485,state0,0.6306306306306306,0.22734261688540572,0.1755185993903649
B,0.17995989974937346,0.1187894567264485,state0,0.6406406406406406,0.22719263300236964,0.1747858761385395
B,0.17995989974937346,0.1187894567264485,state0,0.6506506506506506,0.22703426569423538,0.17406757866964342
B,0.17995989974937346,0.1187894567264485,state0,0.6606606606606606,0.22686791008637186,0.17336328245512272
B,0.17995989974937346,0.1187894567264485,state0,0.6706706706706707,0.22669394702162243,0.17267257737581976
B,0.17995989974937346,0.1187894567264485,state0,0.6806806806806807,0.22651274356022552,0.17199506723460892
B,0.17995989974937346,0.1187894567264485,state0,0.6906906906906907,0.2263246534620332,0.17133036928469758
B,0.17995989974937346,0.1187894567264485,state0,0.7007007007007007,0.2261300176516733,0.17067811377312583
B,0.17995989974937346,0.1187894567264485,state0,0.7107107107107107,0.22592916466727408,0.17003794349901263
B,0.17995989974937346,0.1187894567264485,state0,0.7207207207207207,0.22572241109334779,0.1694095133861062
B,0.17995989974937346,0.1187894567264485,state0,0.7307307307307307,0.22551006197840587,0.16879249006920952
B,0.17995989974937346,0.1187894567264485,state0,0.7407407407407407,0.22529241123785787,0.16818655149406309
B,0.17995989974937346,0.1187894567264485,state0,0.7507507507507507,0.2250697420427238,0.1675913865302774
B,0.17995989974937346,0.1187894567264485,state0,0.7607607607607607,0.22484232719467065,0.16700669459692014
B,0.17995989974937346,0.1187894567264485,state0,0.7707707707707707,0.22461042948786464,0.16643218530037207
B,0.17995989974937346,0.1187894567264485,state0,0.7807807807807807,0.22437430205811162,0.16586757808407807
B,0.17995989974937346,0.1187894567264485,state0,0.7907907907907907,0.22413418871974114,0.1653126018898278
B,0.17995989974937346,0.1187894567264485,state0,0.8008008008008007,0.22389032429067232,0.16476699483021257
B,0.17995989974937346,0.1187894567264485,state0,0.8108108108108109,0.22364293490608383,0.1642305038719133
B,0.17995989974937346,0.1187894567264485,state0,0.8208208208208209,0.2233922383210943,0.16370288452948492
B,0.17995989974937346,0.1187894567264485,state0,0.8308308308308309,0.22313844420284462,0.16318390056931137
B,0.17995989974937346,0.1187894567264485,state0,0.8408408408408409,0.22288175441235952,0.16267332372341484
B,0.17995989974937346,0.1187894567264485,state0,0.8508508508508509,0.22262236327655133,0.1621709334128114
B,0.17995989974937346,0.1187894567264485,state0,0.8608608608608609,0.22236045785071631,0.16167651648011472
B,0.17995989974937346,0.1187894567264485,state0,0.8708708708708709,0.22209621817186098,0.16118986693109663
B,0.17995989974937346,0.1187894567264485,state0,0.8808808808808809,0.22182981750318245,0.16071078568492334
B,0.17995989974937346,0.1187894567264485,state0,0.8908908908908909,0.22156142257001776,0.16023908033279272
B,0.17995989974937346,0.1187894567264485,state0,0.9009009009009009,0.22129119378756212,0.15977456490470676
B,0.17995989974937346,0.1187894567264485,state0,0.9109109109109109,0.22101928548064834,0.1593170596441209
B,0.17995989974937346,0.1187894567264485,state0,0.9209209209209209,0.2207458460958675,0.15886639079021914
B,0.17995989974937346,0.1187894567264485,state0,0.9309309309309309,0.22047101840630132,0.1584223903675716
B,0.17995989974937346,0.1187894567264485,state0,0.9409409409409409,0.22019493970912632,0.15798489598293827
B,0.17995989974937346,0.1187894567264485,state0,0.950950950950951,0.21991774201634207,0.15755375062898894
B,0.17995989974937346,0.1187894567264485,state0,0.960960960960961,0.2196395522388645,0.1571288024947174
B,0.17995989974937346,0.1187894567264485,state0,0.970970970970971,0.2193604923642195,0.15670990478233332
B,0.17995989974937346,0.1187894567264485,state0,0.980980980980981,0.21908067962806,0.15629691553042263
B,0.17995989974937346,0.1187894567264485,state0,0.990990990990991,0.2188002266797257,0.1558896974431728
B,0.17995989974937346,0.1187894567264485,state0,1.001001001001001,0.2185192417420535,0.1554881177254658
B,0.17995989974937346,0.1187894567264485,state0,1.011011011011011,0.21823782876564143,0.1550920479236481
B,0.17995989974937346,0.1187894567264485,state0,1.021021021021021,0.21795608757776014,0.15470136377179114
B,0.17995989974937346,0.1187894567264485,state0,1.031031031031031,0.21767411402610085,0.15431594504326365
B,0.17995989974937346,0.1187894567264485,state0,1.0410410410410411,0.21739200011753948,0.15393567540744063
B,0.17995989974937346,0.1187894567264485,state0,1.0510510510510511,0.2171098341520935,0.15356044229138024
B,0.17995989974937346,0.1187894567264485,state0,1.0610610610610611,0.21682770085223815,0.15319013674630516
B,0.17995989974937346,0.1187894567264485,state0,1.0710710710710711,0.2165456814877462,0.15282465331872908
B,0.17995989974937346,0.1187894567264485,state0,1.0810810810810811,0.21626385399620707,0.1524638899260746
B,0.17995989974937346,0.1187894567264485,state0,1.0910910910910911,0.21598229309937741,0.15210774773663405
B,0.17995989974937346,0.1187894567264485,state0,1.1011011011011012,0.2157010704155077,0.1517561310537279
B,0.17995989974937346,0.1187894567264485,state0,1.1111111111111112,0.2154202545677874,0.15140894720392134
B,0.17995989974937346,0.1187894567264485,state0,1.1211211211211212,0.21513991128904308,0.15106610642916363
B,0.17995989974937346,0.1187894567264485,state0,1.1311311311311312,0.21486010352282092,0.1507275217827183
B,0.17995989974937346,0.1187894567264485,state0,1.1411411411411412,0.21458089152098025,0.15039310902875783
B,0.17995989974937346,0.1187894567264485,state0,1.1511511511511512,0.21430233293791964,0.15006278654549876
B,0.17995989974937346,0.1187894567264485,state0,1.1611611611611612,0.2140244829215533,0.1497364752317591
B,0.17995989974937346,0.1187894567264485,state0,1.1711711711711712,0.21374739420115127,0.14941409841682135
B,0.17995989974937346,0.1187894567264485,state0,1.1811811811811812,0.21347111717215284,0.14909558177349033
B,0.17995989974937346,0.1187894567264485,state0,1.1911911911911912,0.21319569997805868,0.14878085323423712
B,0.17995989974937346,0.1187894567264485,state0,1.2012012012012012,0.21292118858950393,0.1484698429103245
B,0.17995989974937346,0.1187894567264485,state0,1.2112112112112112,0.2126476268806101,0.14816248301381238
B,0.17995989974937346,0.1187894567264485,state0,1.2212212212212212,0.21237505670271095,0.14785870778234533
B,0.17995989974937346,0.1187894567264485,state0,1.2312312312312312,0.2121035179555437,0.14755845340662696
B,0.17995989974937346,0.1187894567264485,state0,1.2412412412412412,0.2118330486559937,0.14726165796048954
B,0.17995989974937346,0.1187894567264485,state0,1.2512512512512513,0.21156368500447856,0.14696826133346963
B,0.17995989974937346,0.1187894567264485,state0,1.2612612612612613,0.21129546144905215,0.14667820516580413
B,0.17995989974937346,0.1187894567264485,state0,1.2712712712712713,0.21102841074731032,0.14639143278576294
B,0.17995989974937346,0.1187894567264485,state0,1.2812812812812813,0.21076256402617222,0.14610788914923833
B,0.17995989974937346,0.1187894567264485,state0,1.2912912912912913,0.21049795083961306,0.1458275207815128
B,0.17995989974937346,0.1187894567264485,state0,1.3013013013013013,0.21023459922441812,0.14555027572112977
B,0.17995989974937346,0.1187894567264485,state0,1.3113113113113113,0.20997253575402802,0.14527610346579542
B,0.17995989974937346,0.1187894567264485,state0,1.3213213213213213,0.20971178559054016,0.1450049549202397
B,0.17995989974937346,0.1187894567264485,state0,1.3313313313313313,0.20945237253493162,0.14473678234596948
B,0.17995989974937346,0.1187894567264485,state0,1.3413413413413413,0.20919431907556452,0.14447153931284756
B,0.17995989974937346,0.1187894567264485,state0,1.3513513513513513,0.2089376464350331,0.14420918065243393
B,0.17995989974937346,0.1187894567264485,state0,1.3613613613613613,0.20868237461541128,0.14394966241302745
B,0.17995989974937346,0.1187894567264485,state0,1.3713713713713713,0.20842852244195456,0.14369294181634898
B,0.17995989974937346,0.1187894567264485,state0,1.3813813813813813,0.20817610760531116,0.14343897721580762
B,0.17995989974937346,0.1187894567264485,state0,1.3913913913913913,0.20792514670229278,0.14318772805629523
B,0.17995989974937346,0.1187894567264485,state0,1.4014014014014013,0.20767565527525608,0.1429391548354549
B,0.17995989974937346,0.1187894567264485,state0,1.4114114114114114,0.2074276478501419,0.14269321906637153
B,0.17995989974937346,0.1187894567264485,state0,1.4214214214214214,0.20718113797321913,0.14244988324163457
B,0.17995989974937346,0.1187894567264485,state0,1.4314314314314314,0.20693613824657792,0.1422091107987239
B,0.17995989974937346,0.1187894567264485,state0,1.4414414414414414,0.20669266036241535,0.14197086608667245
B,0.17995989974937346,0.1187894567264485,state0,1.4514514514514514,0.20645071513615526,0.14173511433395986
B,0.17995989974937346,0.1187894567264485,state0,1.4614614614614614,0.20621031253844246,0.14150182161759353
B,0.17995989974937346,0.1187894567264485,state0,1.4714714714714714,0.20597146172605024,0.14127095483333496
B,0.17995989974937346,0.1187894567264485,state0,1.4814814814814814,0.20573417107173833,0.14104248166703
B,0.17995989974937346,0.1187894567264485,state0,1.4914914914914914,0.2054984481930978,0.1408163705670043
B,0.17995989974937346,0.1187894567264485,state0,1.5015015015015014,0.20526429998041737,0.14059259071748478
B,0.17995989974937346,0.1187894567264485,state0,1.5115115115115114,0.20503173262360536,0.14037111201301153
B,0.17995989974937346,0.1187894567264485,state0,1.5215215215215214,0.20480075163819914,0.1401519050338035
B,0.17995989974937346,0.1187894567264485,state0,1.5315315315315314,0.2045713618904935,0.13993494102204415
B,0.17995989974937346,0.1187894567264485,state0,1.5415415415415414,0.2043435676218188,0.13972019185905402
B,0.17995989974937346,0.1187894567264485,state0,1.5515515515515514,0.2041173724719973,0.1395076300433174
B,0.17995989974937346,0.1187894567264485,state0,1.5615615615615615,0.2038927795020059,0.13929722866933342
B,0.17995989974937346,0.1187894567264485,state0,1.5715715715715715,0.20366979121587342,0.1390889614072603
B,0.17995989974937346,0.1187894567264485,state0,1.5815815815815815,0.20344840958183705,0.13888280248332516
B,0.17995989974937346,0.1187894567264485,state0,1.5915915915915915,0.20322863605278485,0.13867872666097067
B,0.17995989974937346,0.1187894567264485,state0,1.6016016016016015,0.2030104715860074,0.138476709222712
B,0.17995989974937346,0.1187894567264485,state0,1.6116116116116117,0.20279391666228333,0.13827672595267826
B,0.17995989974937346,0.1187894567264485,state0,1.6216216216216217,0.20257897130432043,0.1380787531198132
B,0.17995989974937346,0.1187894567264485,state0,1.6316316316316317,0.202365635094575,0.13788276746171102
B,0.17995989974937346,0.1187894567264485,state0,1.6416416416416417,0.20215390719247034,0.1376887461690638
B,0.17995989974937346,0.1187894567264485,state0,1.6516516516516517,0.20194378635103488,0.13749666687069861
B,0.17995989974937346,0.1187894567264485,state0,1.6616616616616617,0.20173527093297955,0.1373065076191819
B,0.17995989974937346,0.1187894567264485,state0,1.6716716716716717,0.2015283589262336,0.13711824687697063
B,0.17995989974937346,0.1187894567264485,state0,1.6816816816816818,0.20132304795895734,0.13693186350308975
B,0.17995989974937346,0.1187894567264485,state0,1.6916916916916918,0.2011193353140489,0.1367473367403164
B,0.17995989974937346,0.1187894567264485,state0,1.7017017017017018,0.20091721794316336,0.13656464620285247
B,0.17995989974937346,0.1187894567264485,state0,1.7117117117117118,0.20071669248025914,0.1363837718644668
B,0.17995989974937346,0.1187894567264485,state0,1.7217217217217218,0.20051775525468915,0.1362046940470897
B,0.17995989974937346,0.1187894567264485,state0,1.7317317317317318,0.20032040230385115,0.13602739340984335
B,0.17995989974937346,0.1187894567264485,state0,1.7417417417417418,0.20012462938541234,0.1358518509384906
B,0.17995989974937346,0.1187894567264485,state0,1.7517517517517518,0.19993043198912275,0.13567804793528795
B,0.17995989974937346,0.1187894567264485,state0,1.7617617617617618,0.1997378053482313,0.13550596600922654
B,0.17995989974937346,0.1187894567264485,state0,1.7717717717717718,0.19954674445051718,0.1353355870666466
B,0.17995989974937346,0.1187894567264485,state0,1.7817817817817818,0.19935724404895075,0.13516689330221174
B,0.17995989974937346,0.1187894567264485,state0,1.7917917917917918,0.19916929867199493,0.13499986719022913
B,0.17995989974937346,0.1187894567264485,state0,1.8018018018018018,0.19898290263356044,0.1348344914763024
B,0.17995989974937346,0.1187894567264485,state0,1.8118118118118118,0.19879805004262546,0.13467074916930502
B,0.17995989974937346,0.1187894567264485,state0,1.8218218218218218,0.19861473481253153,0.13450862353366155
B,0.17995989974937346,0.1187894567264485,state0,1.8318318318318318,0.19843295066996622,0.13434809808192522
B,0.17995989974937346,0.1187894567264485,state0,1.8418418418418419,0.19825269116364325,0.1341891565676405
B,0.17995989974937346,0.1187894567264485,state0,1.8518518518518519,0.19807394967268974,0.1340317829784799
B,0.17995989974937346,0.1187894567264485,state0,1.8618618618618619,0.19789671941475098,0.13387596152964404
B,0.17995989974937346,0.1187894567264485,state0,1.8718718718718719,0.19772099345382108,0.1337216766575155
B,0.17995989974937346,0.1187894567264485,state0,1.8818818818818819,0.19754676470781002,0.13356891301355606
B,0.17995989974937346,0.1187894567264485,state0,1.8918918918918919,0.19737402595585424,0.13341765545843845
B,0.17995989974937346,0.1187894567264485,state0,1.901901901901902,0.19720276984538074,0.1332678890564031
B,0.17995989974937346,0.1187894567264485,state0,1.911911911911912,0.19703298889893156,0.13311959906983153
B,0.17995989974937346,0.1187894567264485,state0,1.921921921921922,0.19686467552075768,0.1329727709540278
B,0.17995989974937346,0.1187894567264485,state0,1.931931931931932,0.19669782200318894,0.13282739035219973
B,0.17995989974937346,0.1187894567264485,state0,1.941941941941942,0.19653242053278816,0.13268344309063262
B,0.17995989974937346,0.1187894567264485,state0,1.951951951951952,0.19636846319629603,0.13254091517404737
B,0.17995989974937346,0.1187894567264485,state0,1.961961961961962,0.19620594198637395,0.13239979278113603
B,0.17995989974937346,0.1187894567264485,state0,1.971971971971972,0.1960448488071511,0.13226006226026799
B,0.17995989974937346,0.1187894567264485,state0,1.981981981981982,0.1958851754795827,0.13212171012535953
B,0.17995989974937346,0.1187894567264485,state0,1.991991991991992,0.1957269137466251,0.13198472305190123
B,0.17995989974937346,0.1187894567264485,state0,2.002002002002002,0.19557005527823385,0.13184908787313576
B,0.17995989974937346,0.1187894567264485,state0,2.012012012012012,0.1954145916761908,0.13171479157638127
B,0.17995989974937346,0.1187894567264485,state0,2.022022022022022,0.19526051447876522,0.13158182129949378
B,0.17995989974937346,0.1187894567264485,state0,2.032032032032032,0.19510781516521516,0.13145016432746331
B,0.17995989974937346,0.1187894567264485,state0,2.042042042042042,0.1949564851601334,0.13131980808913893
B,0.17995989974937346,0.1187894567264485,state0,2.052052052052052,0.1948065158376433,0.13119074015407617
B,0.17995989974937346,0.1187894567264485,state0,2.062062062062062,0.19465789852545012,0.1310629482295037
B,0.17995989974937346,0.1187894567264485,state0,2.0720720720720722,0.19451062450875126,0.13093642015740298
B,0.17995989974937346,0.1187894567264485,state0,2.0820820820820822,0.19436468503401072,0.1308111439116971
B,0.17995989974937346,0.1187894567264485,state0,2.0920920920920922,0.19422007131260255,0.13068710759554428
B,0.17995989974937346,0.1187894567264485,state0,2.1021021021021022,0.19407677452432623,0.13056429943873177
B,0.17995989974937346,0.1187894567264485,state0,2.1121121121121122,0.19393478582079957,0.13044270779516573
B,0.17995989974937346,0.1187894567264485,state0,2.1221221221221223,0.1937940963287319,0.13032232114045386
B,0.17995989974937346,0.1187894567264485,state0,2.1321321321321323,0.19365469715308223,0.1302031280695765
B,0.17995989974937346,0.1187894567264485,state0,2.1421421421421423,0.19351657938010544,0.13008511729464262
B,0.17995989974937346,0.1187894567264485,state0,2.1521521521521523,0.1933797340802905,0.12996827764272745
B,0.17995989974937346,0.1187894567264485,state0,2.1621621621621623,0.193244152311194,0.12985259805378815
B,0.17995989974937346,0.1187894567264485,state0,2.1721721721721723,0.1931098251201725,0.12973806757865455
B,0.17995989974937346,0.1187894567264485,state0,2.1821821821821823,0.19297674354701655,0.12962467537709174
B,0.17995989974937346,0.1187894567264485,state0,2.1921921921921923,0.1928448986264899,0.12951241071593128
B,0.17995989974937346,0.1187894567264485,state0,2.2022022022022023,0.19271428139077684,0.12940126296726873
B,0.17995989974937346,0.1187894567264485,state0,2.2122122122122123,0.19258488287184056,0.1292912216067244
B,0.17995989974937346,0.1187894567264485,state0,2.2222222222222223,0.192456694103695,0.1291822762117645
B,0.17995989974937346,0.1187894567264485,state0,2.2322322322322323,0.1923297061245938,0.12907441646008086
B,0.17995989974937346,0.1187894567264485,state0,2.2422422422422423,0.19220390997913797,0.12896763212802578
B,0.17995989974937346,0.1187894567264485,state0,2.2522522522522523,0.19207929672030555,0.12886191308910053
B,0.17995989974937346,0.1187894567264485,state0,2.2622622622622623,0.1919558574114056,0.12875724931249502
B,0.17995989974937346,0.1187894567264485,state0,2.2722722722722724,0.19183358312795865,0.12865363086167628
B,0.17995989974937346,0.1187894567264485,state0,2.2822822822822824,0.19171246495950597,0.12855104789302363
B,0.17995989974937346,0.1187894567264485,state0,2.2922922922922924,0.19159249401135053,0.12844949065450917
B,0.17995989974937346,0.1187894567264485,state0,2.3023023023023024,0.1914736614062309,0.12834894948442077
B,0.17995989974937346,0.1187894567264485,state0,2.3123123123123124,0.19135595828593055,0.12824941481012675
B,0.17995989974937346,0.1187894567264485,state0,2.3223223223223224,0.19123937581282505,0.1281508771468794
B,0.17995989974937346,0.1187894567264485,state0,2.3323323323323324,0.1911239051713684,0.1280533270966565
B,0.17995989974937346,0.1187894567264485,state0,2.3423423423423424,0.19100953756952085,0.12795675534703924
B,0.17995989974937346,0.1187894567264485,state0,2.3523523523523524,0.19089626424011977,0.1278611526701238
B,0.17995989974937346,0.1187894567264485,state0,2.3623623623623624,0.19078407644219586,0.12776650992146713
B,0.17995989974937346,0.1187894567264485,state0,2.3723723723723724,0.19067296546223564,0.1276728180390635
B,0.17995989974937346,0.1187894567264485,state0,2.3823823823823824,0.19056292261539262,0.12758006804235167
B,0.17995989974937346,0.1187894567264485,state0,2.3923923923923924,0.19045393924664838,0.127488251031251
B,0.17995989974937346,0.1187894567264485,state0,2.4024024024024024,0.19034600673192523,0.1273973581852253
B,0.17995989974937346,0.1187894567264485,state0,2.4124124124124124,0.1902391164791519,0.12730738076237305
B,0.17995989974937346,0.1187894567264485,state0,2.4224224224224224,0.19013325992928395,0.12721831009854315
B,0.17995989974937346,0.1187894567264485,state0,2.4324324324324325,0.19002842855727992,0.12713013760647476
B,0.17995989974937346,0.1187894567264485,state0,2.4424424424424425,0.1899246138730351,0.12704285477496047
B,0.17995989974937346,0.1187894567264485,state0,2.4524524524524525,0.18982180742227378,0.12695645316803147
B,0.17995989974937346,0.1187894567264485,state0,2.4624624624624625,0.18972000078740153,0.12687092442416426
B,0.17995989974937346,0.1187894567264485,state0,2.4724724724724725,0.189619185588319,0.1267862602555071
B,0.17995989974937346,0.1187894567264485,state0,2.4824824824824825,0.18951935348319765,0.12670245244712638
B,0.17995989974937346,0.1187894567264485,state0,2.4924924924924925,0.18942049616921958,0.12661949285627136
B,0.17995989974937346,0.1187894567264485,state0,2.5025025025025025,0.18932260538328197,0.12653737341165638
B,0.17995989974937346,0.1187894567264485,state0,2.5125125125125125,0.18922567290266729,0.12645608611276038
B,0.17995989974937346,0.1187894567264485,state0,2.5225225225225225,0.18912969054568068,0.12637562302914235
B,0.17995989974937346,0.1187894567264485,state0,2.5325325325325325,0.18903465017225507,0.12629597629977252
B,0.17995989974937346,0.1187894567264485,state0,2.5425425425425425,0.18894054368452554,0.12621713813237798
B,0.17995989974937346,0.1187894567264485,state0,2.5525525525525525,0.18884736302737337,0.12613910080280297
B,0.17995989974937346,0.1187894567264485,state0,2.5625625625625625,0.18875510018894132,0.1260618566543821
B,0.17995989974937346,0.1187894567264485,state0,2.5725725725725725,0.1886637472011205,0.12598539809732703
B,0.17995989974937346,0.1187894567264485,state0,2.5825825825825826,0.18857329614001,0.12590971760812517
B,0.17995989974937346,0.1187894567264485,state0,2.5925925925925926,0.18848373912635022,0.12583480772895037
B,0.17995989974937346,0.1187894567264485,state0,2.6026026026026026,0.18839506832593048,0.12576066106708486
B,0.17995989974937346,0.1187894567264485,state0,2.6126126126126126,0.18830727594997185,0.12568727029435198
B,0.17995989974937346,0.1187894567264485,state0,2.6226226226226226,0.1882203542554861,0.1256146281465593
B,0.17995989974937346,0.1187894567264485,state0,2.6326326326326326,0.18813429554561148,0.12554272742295144
B,0.17995989974937346,0.1187894567264485,state0,2.6426426426426426,0.1880490921699256,0.12547156098567278
B,0.17995989974937346,0.1187894567264485,state0,2.6526526526526526,0.18796473652473716,0.12540112175923854
B,0.17995989974937346,0.1187894567264485,state0,2.6626626626626626,0.18788122105335606,0.12533140273001514
B,0.17995989974937346,0.1187894567264485,state0,2.6726726726726726,0.1877985382463434,0.1252623969457085
B,0.17995989974937346,0.1187894567264485,state0,2.6826826826826826,0.18771668064174166,0.12519409751486027
B,0.17995989974937346,0.1187894567264485,state0,2.6926926926926926,0.18763564082528583,0.12512649760635178
B,0.17995989974937346,0.1187894567264485,state0,2.7027027027027026,0.18755541143059587,0.12505959044891513
B,0.17995989974937346,0.1187894567264485,state0,2.7127127127127126,0.18747598513935143,0.12499336933065118
B,0.17995989974937346,0.1187894567264485,state0,2.7227227227227226,0.18739735468144927,0.12492782759855442
B,0.17995989974937346,0.1187894567264485,state0,2.7327327327327327,0.18731951283514378,0.12486295865804395
B,0.17995989974937346,0.1187894567264485,state0,2.7427427427427427,0.1872424524271714,0.12479875597250076
B,0.17995989974937346,0.1187894567264485,state0,2.7527527527527527,0.1871661663328594,0.12473521306281067
B,0.17995989974937346,0.1187894567264485,state0,2.7627627627627627,0.1870906474762194,0.12467232350691315
B,0.17995989974937346,0.1187894567264485,state0,2.7727727727727727,0.1870158888300262,0.12461008093935534
B,0.17995989974937346,0.1187894567264485,state0,2.7827827827827827,0.18694188341588266,0.12454847905085122
B,0.17995989974937346,0.1187894567264485,state0,2.7927927927927927,0.18686862430427054,0.12448751158784582
B,0.17995989974937346,0.1187894567264485,state0,2.8028028028028027,0.18679610461458834,0.12442717235208438
B,0.17995989974937346,0.1187894567264485,state0,2.8128128128128127,0.18672431751517632,0.12436745520018558
B,0.17995989974937346,0.1187894567264485,state0,2.8228228228228227,0.18665325622332904,0.12430835404321974
B,0.17995989974937346,0.1187894567264485,state0,2.8328328328328327,0.18658291400529592,0.12424986284629098
B,0.17995989974937346,0.1187894567264485,state0,2.8428428428428427,0.18651328417627047,0.12419197562812345
B,0.17995989974937346,0.1187894567264485,state0,2.8528528528528527,0.1864443601003681,0.12413468646065151
B,0.17995989974937346,0.1187894567264485,state0,2.8628628628628627,0.18637613519059332,0.12407798946861383
B,0.17995989974937346,0.1187894567264485,state0,2.8728728728728727,0.18630860290879656,0.12402187882915101
B,0.17995989974937346,0.1187894567264485,state0,2.8828828828828827,0.18624175676562074,0.1239663487714067
B,0.17995989974937346,0.1187894567264485,state0,2.8928928928928928,0.18617559032043848,0.12391139357613228
B,0.17995989974937346,0.1187894567264485,state0,2.9029029029029028,0.1861100971812797,0.12385700757529466
B,0.17995989974937346,0.1187894567264485,state0,2.9129129129129128,0.18604527100475032,0.12380318515168737
B,0.17995989974937346,0.1187894567264485,state0,2.9229229229229228,0.18598110549594218,0.12374992073854475
B,0.17995989974937346,0.1187894567264485,state0,2.932932932932933,0.18591759440833483,0.12369720881915897
B,0.17995989974937346,0.1187894567264485,state0,2.942942942942943,0.18585473154368876,0.12364504392650018
B,0.17995989974937346,0.1187894567264485,state0,2.952952952952953,0.18579251075193146,0.12359342064283929
B,0.17995989974937346,0.1187894567264485,state0,2.962962962962963,0.1857309259310354,0.12354233359937351
B,0.17995989974937346,0.1187894567264485,state0,2.972972972972973,0.1856699710268893,0.12349177747585457
B,0.17995989974937346,0.1187894567264485,state0,2.982982982982983,0.185609640033162,0.12344174700021956
B,0.17995989974937346,0.1187894567264485,state0,2.992992992992993,0.18554992699115994,0.12339223694822422
B,0.17995989974937346,0.1187894567264485,state0,3.003003003003003,0.1854908259896782,0.12334324214307874
B,0.17995989974937346,0.1187894567264485,state0,3.013013013013013,0.18543233116484512,0.1232947574550858
B,0.17995989974937346,0.1187894567264485,state0,3.023023023023023,0.1853744366999613,0.1232467778012812
B,0.17995989974937346,0.1187894567264485,state0,3.033033033033033,0.18531713682533255,0.12319929814507655
B,0.17995989974937346,0.1187894567264485,state0,3.043043043043043,0.1852604258180978,0.12315231349590432
B,0.17995989974937346,0.1187894567264485,state0,3.053053053053053,0.18520429800205115,0.12310581890886503
B,0.17995989974937346,0.1187894567264485,state0,3.063063063063063,0.18514874774745946,0.1230598094843766
B,0.17995989974937346,0.1187894567264485,state0,3.073073073073073,0.1850937694708747,0.12301428036782577
B,0.17995989974937346,0.1187894567264485,state0,3.083083083083083,0.1850393576349419,0.12296922674922164
B,0.17995989974937346,0.1187894567264485,state0,3.093093093093093,0.1849855067482025,0.12292464386285132
B,0.17995989974937346,0.1187894567264485,state0,3.103103103103103,0.18493221136489352,0.12288052698693724
B,0.17995989974937346,0.1187894567264485,state0,3.113113113113113,0.18487946608474268,0.12283687144329701
B,0.17995989974937346,0.1187894567264485,state0,3.123123123123123,0.18482726555275955,0.1227936725970046
B,0.17995989974937346,0.1187894567264485,state0,3.133133133133133,0.1847756044590232,0.12275092585605388
B,0.17995989974937346,0.1187894567264485,state0,3.143143143143143,0.18472447753846585,0.12270862667102386
B,0.17995989974937346,0.1187894567264485,state0,3.153153153153153,0.1846738795706539,0.12266677053474585
B,0.17995989974937346,0.1187894567264485,state0,3.163163163163163,0.18462380537956477,0.12262535298197244
B,0.17995989974937346,0.1187894567264485,state0,3.173173173173173,0.18457424983336165,0.12258436958904839
B,0.17995989974937346,0.1187894567264485,state0,3.183183183183183,0.1845252078441646,0.12254381597358315
B,0.17995989974937346,0.1187894567264485,state0,3.193193193193193,0.18447667436781925,0.12250368779412543
B,0.17995989974937346,0.1187894567264485,state0,3.203203203203203,0.18442864440366294,0.12246398074983937
B,0.17995989974937346,0.1187894567264485,state0,3.2132132132132134,0.18438111299428797,0.12242469058018253
B,0.17995989974937346,0.1187894567264485,state0,3.2232232232232234,0.184334075225303,0.12238581306458561
B,0.17995989974937346,0.1187894567264485,state0,3.2332332332332334,0.18428752622509192,0.12234734402213396
B,0.17995989974937346,0.1187894567264485,state0,3.2432432432432434,0.18424146116457063,0.12230927931125084
B,0.17995989974937346,0.1187894567264485,state0,3.2532532532532534,0.18419587525694203,0.12227161482938229
B,0.17995989974937346,0.1187894567264485,state0,3.2632632632632634,0.18415076375744904,0.12223434651268388
B,0.17995989974937346,0.1187894567264485,state0,3.2732732732732734,0.18410612196312584,0.12219747033570899
B,0.17995989974937346,0.1187894567264485,state0,3.2832832832832834,0.18406194521254757,0.12216098231109894
B,0.17995989974937346,0.1187894567264485,state0,3.2932932932932935,0.18401822888557856,0.12212487848927475
B,0.17995989974937346,0.1187894567264485,state0,3.3033033033033035,0.18397496840311897,0.1220891549581306
B,0.17995989974937346,0.1187894567264485,state0,3.3133133133133135,0.18393215922685033,0.1220538078427289
B,0.17995989974937346,0.1187894567264485,state0,3.3233233233233235,0.18388979685897974,0.12201883330499726
B,0.17995989974937346,0.1187894567264485,state0,3.3333333333333335,0.183847876841983,0.12198422754342675
B,0.17995989974937346,0.1187894567264485,state0,3.3433433433433435,0.18380639475834673,0.12194998679277237
B,0.17995989974937346,0.1187894567264485,state0,3.3533533533533535,0.18376534623030966,0.12191610732375457
B,0.17995989974937346,0.1187894567264485,state0,3.3633633633633635,0.18372472691960276,0.12188258544276301
B,0.17995989974937346,0.1187894567264485,state0,3.3733733733733735,0.1836845325271891,0.12184941749156161
B,0.17995989974937346,0.1187894567264485,state0,3.3833833833833835,0.1836447587930026,0.12181659984699532
B,0.17995989974937346,0.1187894567264485,state0,3.3933933933933935,0.18360540149568647,0.12178412892069879
B,0.17995989974937346,0.1187894567264485,state0,3.4034034034034035,0.183566456452331,0.12175200115880633
B,0.17995989974937346,0.1187894567264485,state0,3.4134134134134135,0.183527919518211,0.12172021304166386
B,0.17995989974937346,0.1187894567264485,state0,3.4234234234234235,0.1834897865865229,0.12168876108354232
B,0.17995989974937346,0.1187894567264485,state0,3.4334334334334335,0.18345205358812128,0.12165764183235275
B,0.17995989974937346,0.1187894567264485,state0,3.4434434434434436,0.18341471649125565,0.12162685186936316
B,0.17995989974937346,0.1187894567264485,state0,3.4534534534534536,0.18337777130130672,0.12159638780891692
B,0.17995989974937346,0.1187894567264485,state0,3.4634634634634636,0.18334121406052264,0.12156624629815288
B,0.17995989974937346,0.1187894567264485,state0,3.4734734734734736,0.18330504084775529,0.12153642401672701
B,0.17995989974937346,0.1187894567264485,state0,3.4834834834834836,0.18326924777819656,0.12150691767653601
B,0.17995989974937346,0.1187894567264485,state0,3.4934934934934936,0.1832338310031148,0.12147772402144213
B,0.17995989974937346,0.1187894567264485,state0,3.5035035035035036,0.18319878670959117,0.1214488398270001
B,0.17995989974937346,0.1187894567264485,state0,3.5135135135135136,0.18316411112025652,0.12142026190018528
B,0.17995989974937346,0.1187894567264485,state0,3.5235235235235236,0.18312980049302827,0.12139198707912388
B,0.17995989974937346,0.1187894567264485,state0,3.5335335335335336,0.18309585112084778,0.12136401223282453
B,0.17995989974937346,0.1187894567264485,state0,3.5435435435435436,0.18306225933141787,0.12133633426091164
B,0.17995989974937346,0.1187894567264485,state0,3.5535535535535536,0.1830290214869409,0.12130895009336039
B,0.17995989974937346,0.1187894567264485,state0,3.5635635635635636,0.18299613398385733,0.12128185669023327
B,0.17995989974937346,0.1187894567264485,state0,3.5735735735735736,0.18296359325258463,0.12125505104141858
B,0.17995989974937346,0.1187894567264485,state0,3.5835835835835836,0.18293139575725673,0.12122853016637022
B,0.17995989974937346,0.1187894567264485,state0,3.5935935935935936,0.18289953799546427,0.12120229111384931
B,0.17995989974937346,0.1187894567264485,state0,3.6036036036036037,0.18286801649799522,0.12117633096166747
B,0.17995989974937346,0.1187894567264485,state0,3.6136136136136137,0.18283682782857616,0.12115064681643176
B,0.17995989974937346,0.1187894567264485,state0,3.6236236236236237,0.18280596858361461,0.12112523581329113
B,0.17995989974937346,0.1187894567264485,state0,3.6336336336336337,0.18277543539194144,0.12110009511568474
B,0.17995989974937346,0.1187894567264485,state0,3.6436436436436437,0.1827452249145548,0.12107522191509185
B,0.17995989974937346,0.1187894567264485,state0,3.6536536536536537,0.18271533384436425,0.12105061343078308
B,0.17995989974937346,0.1187894567264485,state0,3.6636636636636637,0.182685758905936,0.12102626690957387
B,0.17995989974937346,0.1187894567264485,state0,3.6736736736736737,0.18265649685523896,0.12100217962557915
B,0.17995989974937346,0.1187894567264485,state0,3.6836836836836837,0.1826275444793917,0.12097834887996971
B,0.17995989974937346,0.1187894567264485,state0,3.6936936936936937,0.18259889859641032,0.12095477200073046
B,0.17995989974937346,0.1187894567264485,state0,3.7037037037037037,0.18257055605495726,0.12093144634242003
B,0.17995989974937346,0.1187894567264485,state0,3.7137137137137137,0.18254251373409094,0.1209083692859322
B,0.17995989974937346,0.1187894567264485,state0,3.7237237237237237,0.1825147685430168,0.12088553823825887
B,0.17995989974937346,0.1187894567264485,state0,3.7337337337337337,0.1824873174208389,0.12086295063225481
B,0.17995989974937346,0.1187894567264485,state0,3.7437437437437437,0.18246015733631282,0.12084060392640385
B,0.17995989974937346,0.1187894567264485,state0,3.7537537537537538,0.18243328528759972,0.12081849560458675
B,0.17995989974937346,0.1187894567264485,state0,3.7637637637637638,0.1824066983020211,0.12079662317585096
B,0.17995989974937346,0.1187894567264485,state0,3.7737737737737738,0.1823803934358153,0.12077498417418155
B,0.17995989974937346,0.1187894567264485,state0,3.7837837837837838,0.1823543677738943,0.12075357615827409
B,0.17995989974937346,0.1187894567264485,state0,3.793793793793794,0.1823286184296026,0.12073239671130918
B,0.17995989974937346,0.1187894567264485,state0,3.803803803803804,0.18230314254447647,0.12071144344072833
B,0.17995989974937346,0.1187894567264485,state0,3.813813813813814,0.18227793728800484,0.12069071397801169
B,0.17995989974937346,0.1187894567264485,state0,3.823823823823824,0.18225299985739138,0.12067020597845729
B,0.17995989974937346,0.1187894567264485,state0,3.833833833833834,0.18222832747731751,0.12064991712096193
B,0.17995989974937346,0.1187894567264485,state0,3.843843843843844,0.1822039173997069,0.12062984510780364
B,0.17995989974937346,0.1187894567264485,state0,3.853853853853854,0.18217976690349122,0.12060998766442581
B,0.17995989974937346,0.1187894567264485,state0,3.863863863863864,0.18215587329437696,0.1205903425392227
B,0.17995989974937346,0.1187894567264485,state0,3.873873873873874,0.18213223390461375,0.12057090750332694
B,0.17995989974937346,0.1187894567264485,state0,3.883883883883884,0.1821088460927637,0.12055168035039825
B,0.17995989974937346,0.1187894567264485,state0,3.893893893893894,0.18208570724347242,0.12053265889641385
B,0.17995989974937346,0.1187894567264485,state0,3.903903903903904,0.18206281476724095,0.12051384097946059
B,0.17995989974937346,0.1187894567264485,state0,3.913913913913914,0.18204016610019916,0.12049522445952844
B,0.17995989974937346,0.1187894567264485,state0,3.923923923923924,0.18201775870388065,0.12047680721830573
B,0.17995989974937346,0.1187894567264485,state0,3.933933933933934,0.1819955900649987,0.12045858715897582
B,0.17995989974937346,0.1187894567264485,state0,3.943943943943944,0.18197365769522383,0.12044056220601551
B,0.17995989974937346,0.1187894567264485,state0,3.953953953953954,0.1819519591309624,0.12042273030499472
B,0.17995989974937346,0.1187894567264485,state0,3.963963963963964,0.1819304919331369,0.120405089422378
B,0.17995989974937346,0.1187894567264485,state0,3.973973973973974,0.18190925368696742,0.12038763754532748
B,0.17995989974937346,0.1187894567264485,state0,3.983983983983984,0.18188824200175452,0.12037037268150728
B,0.17995989974937346,0.1187894567264485,state0,3.993993993993994,0.18186745451066352,0.1203532928588896
B,0.17995989974937346,0.1187894567264485,state0,4.004004004004004,0.18184688887051004,0.12033639612556224
B,0.17995989974937346,0.1187894567264485,state0,4.014014014014014,0.18182654276154722,0.12031968054953762
B,0.17995989974937346,0.1187894567264485,state0,4.024024024024024,0.18180641388725396,0.12030314421856346
B,0.17995989974937346,0.1187894567264485,state0,4.034034034034034,0.1817864999741249,0.12028678523993486
B,0.17995989974937346,0.1187894567264485,state0,4.044044044044044,0.18176679877146149,0.12027060174030778
B,0.17995989974937346,0.1187894567264485,state0,4.054054054054054,0.1817473080511647,0.1202545918655143
B,0.17995989974937346,0.1187894567264485,state0,4.064064064064064,0.1817280256075291,0.12023875378037913
B,0.17995989974937346,0.1187894567264485,state0,4.074074074074074,0.1817089492570382,0.12022308566853768
B,0.17995989974937346,0.1187894567264485,state0,4.084084084084084,0.18169007683816135,0.12020758573225565
B,0.17995989974937346,0.1187894567264485,state0,4.094094094094094,0.181671406211152,0.12019225219225003
B,0.17995989974937346,0.1187894567264485,state0,4.104104104104104,0.18165293525784734,0.12017708328751169
B,0.17995989974937346,0.1187894567264485,state0,4.114114114114114,0.18163466188146948,0.1201620772751291
B,0.17995989974937346,0.1187894567264485,state0,4.124124124124124,0.18161658400642783,0.12014723243011406
B,0.17995989974937346,0.1187894567264485,state0,4.134134134134134,0.18159869957812305,0.12013254704522829
B,0.17995989974937346,0.1187894567264485,state0,4.1441441441441444,0.1815810065627525,0.12011801943081184
B,0.17995989974937346,0.1187894567264485,state0,4.1541541541541545,0.1815635029471167,0.12010364791461278
B,0.17995989974937346,0.1187894567264485,state0,4.1641641641641645,0.18154618673842787,0.12008943084161837
B,0.17995989974937346,0.1187894567264485,state0,4.1741741741741745,0.18152905596411908,0.1200753665738876
B,0.17995989974937346,0.1187894567264485,state0,4.1841841841841845,0.1815121086716556,0.12006145349038518
B,0.17995989974937346,0.1187894567264485,state0,4.1941941941941945,0.18149534292834696,0.12004768998681692
B,0.17995989974937346,0.1187894567264485,state0,4.2042042042042045,0.181478756821161,0.12003407447546642
B,0.17995989974937346,0.1187894567264485,state0,4.2142142142142145,0.18146234845653883,0.12002060538503342
B,0.17995989974937346,0.1187894567264485,state0,4.2242242242242245,0.18144611596021165,0.12000728116047316
B,0.17995989974937346,0.1187894567264485,state0,4.2342342342342345,0.18143005747701854,0.11999410026283729
B,0.17995989974937346,0.1187894567264485,state0,4.2442442442442445,0.181414171170726,0.11998106116911629
B,0.17995989974937346,0.1187894567264485,state0,4.2542542542542545,0.1813984552238486,0.11996816237208299
B,0.17995989974937346,0.1187894567264485,state0,4.2642642642642645,0.18138290783747124,0.11995540238013758
B,0.17995989974937346,0.1187894567264485,state0,4.2742742742742745,0.1813675272310727,0.11994277971715396
B,0.17995989974937346,0.1187894567264485,state0,4.2842842842842845,0.18135231164235052,0.11993029292232735
B,0.17995989974937346,0.1187894567264485,state0,4.2942942942942945,0.1813372593270474,0.11991794055002332
B,0.17995989974937346,0.1187894567264485,state0,4.3043043043043046,0.18132236855877876,0.11990572116962811
B,0.17995989974937346,0.1187894567264485,state0,4.314314314314315,0.18130763762886196,0.11989363336540015
B,0.17995989974937346,0.1187894567264485,state0,4.324324324324325,0.1812930648461466,0.11988167573632309
B,0.17995989974937346,0.1187894567264485,state0,4.334334334334335,0.18127864853684633,0.11986984689595997
B,0.17995989974937346,0.1187894567264485,state0,4.344344344344345,0.18126438704437214,0.11985814547230866
B,0.17995989974937346,0.1187894567264485,state0,4.354354354354355,0.1812502787291666,0.11984657010765876
B,0.17995989974937346,0.1187894567264485,state0,4.364364364364365,0.18123632196853987,0.11983511945844949
B,0.17995989974937346,0.1187894567264485,state0,4.374374374374375,0.18122251515650684,0.1198237921951292
B,0.17995989974937346,0.1187894567264485,state0,4.384384384384385,0.18120885670362563,0.11981258700201575
B,0.17995989974937346,0.1187894567264485,state0,4.394394394394395,0.1811953450368375,0.11980150257715838
B,0.17995989974937346,0.1187894567264485,state0,4.404404404404405,0.18118197859930793,0.11979053763220085
B,0.17995989974937346,0.1187894567264485,state0,4.414414414414415,0.1811687558502692,0.11977969089224555
B,0.17995989974937346,0.1187894567264485,state0,4.424424424424425,0.1811556752648641,0.11976896109571918
B,0.17995989974937346,0.1187894567264485,state0,4.434434434434435,0.18114273533399106,0.11975834699423935
B,0.17995989974937346,0.1187894567264485,state0,4.444444444444445,0.18112993456415072,0.11974784735248249
B,0.17995989974937346,0.1187894567264485,state0,4.454454454454455,0.18111727147729337,0.11973746094805308
B,0.17995989974937346,0.1187894567264485,state0,4.464464464464465,0.18110474461066808,0.11972718657135387
B,0.17995989974937346,0.1187894567264485,state0,4.474474474474475,0.18109235251667313,0.11971702302545735
B,0.17995989974937346,0.1187894567264485,state0,4.484484484484485,0.1810800937627072,0.1197069691259785
B,0.17995989974937346,0.1187894567264485,state0,4.494494494494495,0.1810679669310225,0.11969702370094853
B,0.17995989974937346,0.1187894567264485,state0,4.504504504504505,0.1810559706185788,0.11968718559068996
B,0.17995989974937346,0.1187894567264485,state0,4.514514514514515,0.1810441034368986,0.1196774536476926
B,0.17995989974937346,0.1187894567264485,state0,4.524524524524525,0.181032364011924,0.11966782673649097
B,0.17995989974937346,0.1187894567264485,state0,4.534534534534535,0.18102075098387418,0.11965830373354266
B,0.17995989974937346,0.1187894567264485,state0,4.544544544544545,0.1810092630071048,0.11964888352710787
B,0.17995989974937346,0.1187894567264485,state0,4.554554554554555,0.1809978987499681,0.11963956501712993
B,0.17995989974937346,0.1187894567264485,state0,4.564564564564565,0.1809866568946745,0.11963034711511727
B,0.17995989974937346,0.1187894567264485,state0,4.574574574574575,0.18097553613715522,0.11962122874402607
B,0.17995989974937346,0.1187894567264485,state0,4.584584584584585,0.18096453518692646,0.11961220883814434
B,0.17995989974937346,0.1187894567264485,state0,4.594594594594595,0.18095365276695424,0.11960328634297689
B,0.17995989974937346,0.1187894567264485,state0,4.604604604604605,0.18094288761352095,0.1195944602151314
B,0.17995989974937346,0.1187894567264485,state0,4.614614614614615,0.1809322384760927,0.11958572942220563
B,0.17995989974937346,0.1187894567264485,state0,4.624624624624625,0.1809217041171882,0.11957709294267567
B,0.17995989974937346,0.1187894567264485,state0,4.634634634634635,0.1809112833122485,0.11956854976578515
B,0.17995989974937346,0.1187894567264485,state0,4.644644644644645,0.1809009748495081,0.11956009889143565
B,0.17995989974937346,0.1187894567264485,state0,4.654654654654655,0.18089077752986701,0.11955173933007793
B,0.17995989974937346,0.1187894567264485,state0,4.664664664664665,0.1808806901667642,0.11954347010260447
B,0.17995989974937346,0.1187894567264485,state0,4.674674674674675,0.1808707115860521,0.11953529024024272
B,0.17995989974937346,0.1187894567264485,state0,4.684684684684685,0.1808608406258721,0.1195271987844496
B,0.17995989974937346,0.1187894567264485,state0,4.694694694694695,0.1808510761365314,0.11951919478680693
B,0.17995989974937346,0.1187894567264485,state0,4.704704704704705,0.18084141698038075,0.11951127730891781
B,0.17995989974937346,0.1187894567264485,state0,4.714714714714715,0.1808318620316936,0.11950344542230397
B,0.17995989974937346,0.1187894567264485,state0,4.724724724724725,0.18082241017654596,0.11949569820830423
B,0.17995989974937346,0.1187894567264485,state0,4.734734734734735,0.1808130603126977,0.1194880347579738
B,0.17995989974937346,0.1187894567264485,state0,4.744744744744745,0.1808038113494748,0.11948045417198465
B,0.17995989974937346,0.1187894567264485,state0,4.754754754754755,0.18079466220765267,0.11947295556052671
B,0.17995989974937346,0.1187894567264485,state0,4.764764764764765,0.18078561181934055,0.11946553804321011
B,0.17995989974937346,0.1187894567264485,state0,4.774774774774775,0.18077665912786708,0.11945820074896837
B,0.17995989974937346,0.1187894567264485,state0,4.784784784784785,0.18076780308766668,0.1194509428159625
B,0.17995989974937346,0.1187894567264485,state0,4.794794794794795,0.18075904266416723,0.1194437633914859
B,0.17995989974937346,0.1187894567264485,state0,4.804804804804805,0.18075037683367878,0.1194366616318705
B,0.17995989974937346,0.1187894567264485,state0,4.814814814814815,0.1807418045832831,0.11942963670239341
B,0.17995989974937346,0.1187894567264485,state0,4.824824824824825,0.18073332491072436,0.11942268777718477
B,0.17995989974937346,0.1187894567264485,state0,4.834834834834835,0.18072493682430107,0.11941581403913641
B,0.17995989974937346,0.1187894567264485,state0,4.844844844844845,0.1807166393427585,0.11940901467981128
B,0.17995989974937346,0.1187894567264485,state0,4.854854854854855,0.1807084314951826,0.11940228889935403
B,0.17995989974937346,0.1187894567264485,state0,4.864864864864865,0.18070031232089478,0.11939563590640208
B,0.17995989974937346,0.1187894567264485,state0,4.874874874874875,0.18069228086934752,0.11938905491799795
B,0.17995989974937346,0.1187894567264485,state0,4.884884884884885,0.18068433620002114,0.11938254515950217
B,0.17995989974937346,0.1187894567264485,state0,4.894894894894895,0.1806764773823214,0.11937610586450725
B,0.17995989974937346,0.1187894567264485,state0,4.904904904904905,0.18066870349547834,0.11936973627475223
B,0.17995989974937346,0.1187894567264485,state0,4.914914914914915,0.1806610136284457,0.1193634356400383
B,0.17995989974937346,0.1187894567264485,state0,4.924924924924925,0.18065340687980155,0.11935720321814522
B,0.17995989974937346,0.1187894567264485,state0,4.934934934934935,0.1806458823576499,0.11935103827474841
B,0.17995989974937346,0.1187894567264485,state0,4.944944944944945,0.18063843917952302,0.11934494008333701
B,0.17995989974937346,0.1187894567264485,state0,4.954954954954955,0.18063107647228485,0.11933890792513277
B,0.17995989974937346,0.1187894567264485,state0,4.964964964964965,0.18062379337203532,0.11933294108900945
B,0.17995989974937346,0.1187894567264485,state0,4.974974974974975,0.18061658902401573,0.11932703887141348
B,0.17995989974937346,0.1187894567264485,state0,4.984984984984985,0.18060946258251454,0.11932120057628497
B,0.17995989974937346,0.1187894567264485,state0,4.994994994994995,0.18060241321077464,0.11931542551497981
B,0.17995989974937346,0.1187894567264485,state0,5.005005005005005,0.1805954400809013,0.11930971300619236
B,0.17995989974937346,0.1187894567264485,state0,5.015015015015015,0.18058854237377092,0.119304062375879
B,0.17995989974937346,0.1187894567264485,state0,5.025025025025025,0.1805817192789406,0.1192984729571823
B,0.17995989974937346,0.1187894567264485,state0,5.035035035035035,0.18057496999455896,0.11929294409035622
B,0.17995989974937346,0.1187894567264485,state0,5.045045045045045,0.18056829372727734,0.11928747512269176
B,0.17995989974937346,0.1187894567264485,state0,5.055055055055055,0.18056168969216224,0.11928206540844356
B,0.17995989974937346,0.1187894567264485,state0,5.065065065065065,0.1805551571126084,0.11927671430875704
B,0.17995989974937346,0.1187894567264485,state0,5.075075075075075,0.18054869522025274,0.1192714211915965
B,0.17995989974937346,0.1187894567264485,state0,5.085085085085085,0.18054230325488935,0.11926618543167376
B,0.17995989974937346,0.1187894567264485,state0,5.095095095095095,0.1805359804643849,0.11926100641037747
B,0.17995989974937346,0.1187894567264485,state0,5.105105105105105,0.1805297261045954,0.11925588351570345
B,0.17995989974937346,0.1187894567264485,state0,5.115115115115115,0.18052353943928312,0.11925081614218527
B,0.17995989974937346,0.1187894567264485,state0,5.125125125125125,0.1805174197400351,0.11924580369082595
B,0.17995989974937346,0.1187894567264485,state0,5.135135135135135,0.18051136628618175,0.11924084556903004
B,0.17995989974937346,0.1187894567264485,state0,5.145145145145145,0.18050537836471675,0.11923594119053652
B,0.17995989974937346,0.1187894567264485,state0,5.155155155155155,0.18049945527021735,0.11923108997535242
B,0.17995989974937346,0.1187894567264485,state0,5.165165165165165,0.1804935963047658,0.11922629134968696
B,0.17995989974937346,0.1187894567264485,state0,5.175175175175175,0.18048780077787133,0.11922154474588648
B,0.17995989974937346,0.1187894567264485,state0,5.185185185185185,0.1804820680063929,0.11921684960237
B,0.17995989974937346,0.1187894567264485,state0,5.195195195195195,0.18047639731446294,0.11921220536356542
B,0.17995989974937346,0.1187894567264485,state0,5.205205205205205,0.1804707880334115,0.11920761147984625
B,0.17995989974937346,0.1187894567264485,state0,5.215215215215215,0.18046523950169138,0.11920306740746933
B,0.17995989974937346,0.1187894567264485,state0,5.225225225225225,0.1804597510648041,0.11919857260851263
B,0.17995989974937346,0.1187894567264485,state0,5.235235235235235,0.18045432207522627,0.1191941265508143
B,0.17995989974937346,0.1187894567264485,state0,5.245245245245245,0.1804489518923369,0.11918972870791178
B,0.17995989974937346,0.1187894567264485,state0,5.255255255255255,0.18044363988234546,0.11918537855898195
B,0.17995989974937346,0.1187894567264485,state0,5.265265265265265,0.1804383854182207,0.11918107558878163
B,0.17995989974937346,0.1187894567264485,state0,5.275275275275275,0.18043318787961976,0.11917681928758879
B,0.17995989974937346,0.1187894567264485,state0,5.285285285285285,0.18042804665281875,0.11917260915114439
B,0.17995989974937346,0.1187894567264485,state0,5.295295295295295,0.18042296113064324,0.11916844468059463
B,0.17995989974937346,0.1187894567264485,state0,5.305305305305305,0.18041793071239987,0.11916432538243409
B,0.17995989974937346,0.1187894567264485,state0,5.315315315315315,0.18041295480380865,0.11916025076844916
B,0.17995989974937346,0.1187894567264485,state0,5.325325325325325,0.18040803281693582,0.11915622035566224
B,0.17995989974937346,0.1187894567264485,state0,5.335335335335335,0.1804031641701273,0.11915223366627638
B,0.17995989974937346,0.1187894567264485,state0,5.345345345345345,0.1803983482879431,0.11914829022762059
B,0.17995989974937346,0.1187894567264485,state0,5.355355355355355,0.18039358460109195,0.11914438957209558
B,0.17995989974937346,0.1187894567264485,state0,5.365365365365365,0.18038887254636715,0.11914053123712033
B,0.17995989974937346,0.1187894567264485,state0,5.375375375375375,0.18038421156658258,0.11913671476507877
B,0.17995989974937346,0.1187894567264485,state0,5.385385385385385,0.18037960111050946,0.11913293970326747
B,0.17995989974937346,0.1187894567264485,state0,5.395395395395395,0.1803750406328141,0.11912920560384346
B,0.17995989974937346,0.1187894567264485,state0,5.405405405405405,0.18037052959399563,0.11912551202377294
B,0.17995989974937346,0.1187894567264485,state0,5.415415415415415,0.18036606746032502,0.11912185852478033
B,0.17995989974937346,0.1187894567264485,state0,5.425425425425425,0.18036165370378437,0.11911824467329765
B,0.17995989974937346,0.1187894567264485,state0,5.435435435435435,0.18035728780200672,0.11911467004041498
B,0.17995989974937346,0.1187894567264485,state0,5.445445445445445,0.18035296923821673,0.11911113420183082
B,0.17995989974937346,0.1187894567264485,state0,5.455455455455455,0.18034869750117186,0.11910763673780335
B,0.17995989974937346,0.1187894567264485,state0,5.465465465465465,0.18034447208510412,0.11910417723310203
B,0.17995989974937346,0.1187894567264485,state0,5.475475475475475,0.18034029248966238,0.11910075527695978
B,0.17995989974937346,0.1187894567264485,state0,5.485485485485485,0.18033615821985535,0.11909737046302556
B,0.17995989974937346,0.1187894567264485,state0,5.495495495495495,0.18033206878599511,0.11909402238931753
B,0.17995989974937346,0.1187894567264485,state0,5.505505505505505,0.18032802370364112,0.1190907106581766
B,0.17995989974937346,0.1187894567264485,state0,5.515515515515515,0.180324022493545,0.11908743487622064
B,0.17995989974937346,0.1187894567264485,state0,5.525525525525525,0.18032006468159578,0.11908419465429892
B,0.17995989974937346,0.1187894567264485,state0,5.535535535535535,0.18031614979876548,0.11908098960744717
B,0.17995989974937346,0.1187894567264485,state0,5.545545545545545,0.18031227738105562,0.11907781935484311
B,0.17995989974937346,0.1187894567264485,state0,5.555555555555555,0.18030844696944412,0.1190746835197624
B,0.17995989974937346,0.1187894567264485,state0,5.565565565565565,0.18030465810983265,0.11907158172953501
B,0.17995989974937346,0.1187894567264485,state0,5.575575575575575,0.18030091035299461,0.11906851361550215
B,0.17995989974937346,0.1187894567264485,state0,5.585585585585585,0.18029720325452367,0.11906547881297358
B,0.17995989974937346,0.1187894567264485,state0,5.595595595595595,0.1802935363747828,0.11906247696118527
B,0.17995989974937346,0.1187894567264485,state0,5.605605605605605,0.1802899092788537,0.11905950770325778
B,0.17995989974937346,0.1187894567264485,state0,5.615615615615615,0.18028632153648705,0.11905657068615468
B,0.17995989974937346,0.1187894567264485,state0,5.625625625625625,0.18028277272205298,0.11905366556064176
B,0.17995989974937346,0.1187894567264485,state0,5.635635635635635,0.1802792624144922,0.11905079198124648
B,0.17995989974937346,0.1187894567264485,state0,5.645645645645645,0.18027579019726747,0.1190479496062179
B,0.17995989974937346,0.1187894567264485,state0,5.655655655655655,0.18027235565831592,0.11904513809748687
B,0.17995989974937346,0.1187894567264485,state0,5.665665665665665,0.18026895839000143,0.11904235712062705
B,0.17995989974937346,0.1187894567264485,state0,5.675675675675675,0.1802655979890677,0.11903960634481575
B,0.17995989974937346,0.1187894567264485,state0,5.685685685685685,0.180262274056592,0.11903688544279574
B,0.17995989974937346,0.1187894567264485,state0,5.6956956956956954,0.18025898619793895,0.11903419409083696
B,0.17995989974937346,0.1187894567264485,state0,5.7057057057057055,0.18025573402271525,0.11903153196869913
B,0.17995989974937346,0.1187894567264485,state0,5.7157157157157155,0.18025251714472443,0.11902889875959433
B,0.17995989974937346,0.1187894567264485,state0,5.7257257257257255,0.1802493351819225,0.11902629415015017
B,0.17995989974937346,0.1187894567264485,state0,5.7357357357357355,0.18024618775637372,0.11902371783037337
B,0.17995989974937346,0.1187894567264485,state0,5.7457457457457455,0.18024307449420698,0.11902116949361356
B,0.17995989974937346,0.1187894567264485,state0,5.7557557557557555,0.1802399950255727,0.11901864883652769
B,0.17995989974937346,0.1187894567264485,state0,5.7657657657657655,0.18023694898459988,0.11901615555904456
B,0.17995989974937346,0.1187894567264485,state0,5.7757757757757755,0.18023393600935406,0.11901368936432992
B,0.17995989974937346,0.1187894567264485,state0,5.7857857857857855,0.18023095574179518,0.11901124995875186
B,0.17995989974937346,0.1187894567264485,state0,5.7957957957957955,0.18022800782773643,0.11900883705184653
B,0.17995989974937346,0.1187894567264485,state0,5.8058058058058055,0.18022509191680305,0.11900645035628431
B,0.17995989974937346,0.1187894567264485,state0,5.8158158158158155,0.18022220766239183,0.1190040895878362
B,0.17995989974937346,0.1187894567264485,state0,5.8258258258258255,0.1802193547216309,0.11900175446534073
B,0.17995989974937346,0.1187894567264485,state0,5.8358358358358355,0.1802165327553401,0.11899944471067105
B,0.17995989974937346,0.1187894567264485,state0,5.8458458458458455,0.1802137414279916,0.11899716004870253
B,0.17995989974937346,0.1187894567264485,state0,5.8558558558558556,0.1802109804076709,0.11899490020728053
B,0.17995989974937346,0.1187894567264485,state0,5.865865865865866,0.18020824936603852,0.11899266491718868
B,0.17995989974937346,0.1187894567264485,state0,5.875875875875876,0.18020554797829175,0.11899045391211731
B,0.17995989974937346,0.1187894567264485,state0,5.885885885885886,0.1802028759231269,0.1189882669286324
B,0.17995989974937346,0.1187894567264485,state0,5.895895895895896,0.18020023288270215,0.11898610370614475
B,0.17995989974937346,0.1187894567264485,state0,5.905905905905906,0.18019761854260047,0.11898396398687944
B,0.17995989974937346,0.1187894567264485,state0,5.915915915915916,0.1801950325917931,0.11898184751584574
B,0.17995989974937346,0.1187894567264485,state0,5.925925925925926,0.18019247472260352,0.11897975404080718
B,0.17995989974937346,0.1187894567264485,state0,5.935935935935936,0.18018994463067153,0.11897768331225214
B,0.17995989974937346,0.1187894567264485,state0,5.945945945945946,0.18018744201491785,0.11897563508336444
B,0.17995989974937346,0.1187894567264485,state0,5.955955955955956,0.18018496657750913,0.11897360910999462
B,0.17995989974937346,0.1187894567264485,state0,5.965965965965966,0.18018251802382326,0.11897160515063121
B,0.17995989974937346,0.1187894567264485,state0,5.975975975975976,0.18018009606241503,0.11896962296637249
B,0.17995989974937346,0.1187894567264485,state0,5.985985985985986,0.1801777004049823,0.11896766232089839
B,0.17995989974937346,0.1187894567264485,state0,5.995995995995996,0.18017533076633221,0.11896572298044293
B,0.17995989974937346,0.1187894567264485,state0,6.006006006006006,0.1801729868643481,0.11896380471376662
B,0.17995989974937346,0.1187894567264485,state0,6.016016016016016,0.1801706684199565,0.1189619072921295
B,0.17995989974937346,0.1187894567264485,state0,6.026026026026026,0.18016837515709472,0.11896003048926422
B,0.17995989974937346,0.1187894567264485,state0,6.036036036036036,0.18016610680267844,0.1189581740813494
B,0.17995989974937346,0.1187894567264485,state0,6.046046046046046,0.18016386308657006,0.11895633784698352
B,0.17995989974937346,0.1187894567264485,state0,6.056056056056056,0.18016164374154706,0.1189545215671588
B,0.17995989974937346,0.1187894567264485,state0,6.066066066066066,0.1801594485032707,0.11895272502523553
B,0.17995989974937346,0.1187894567264485,state0,6.076076076076076,0.18015727711025534,0.11895094800691658
B,0.17995989974937346,0.1187894567264485,state0,6.086086086086086,0.1801551293038377,0.11894919030022229
B,0.17995989974937346,0.1187894567264485,state0,6.096096096096096,0.1801530048281468,0.11894745169546542
B,0.17995989974937346,0.1187894567264485,state0,6.106106106106106,0.18015090343007392,0.11894573198522666
B,0.17995989974937346,0.1187894567264485,state0,6.116116116116116,0.18014882485924302,0.11894403096433014
B,0.17995989974937346,0.1187894567264485,state0,6.126126126126126,0.18014676886798156,0.11894234842981934
B,0.17995989974937346,0.1187894567264485,state0,6.136136136136136,0.18014473521129135,0.11894068418093316
B,0.17995989974937346,0.1187894567264485,state0,6.146146146146146,0.18014272364682002,0.1189390380190824
B,0.17995989974937346,0.1187894567264485,state0,6.156156156156156,0.18014073393483254,0.11893740974782625
B,0.17995989974937346,0.1187894567264485,state0,6.166166166166166,0.18013876583818333,0.11893579917284934
B,0.17995989974937346,0.1187894567264485,state0,6.176176176176176,0.18013681912228818,0.11893420610193868
B,0.17995989974937346,0.1187894567264485,state0,6.186186186186186,0.18013489355509715,0.11893263034496117
B,0.17995989974937346,0.1187894567264485,state0,6.196196196196196,0.180132988907067,0.11893107171384114
B,0.17995989974937346,0.1187894567264485,state0,6.206206206206206,0.18013110495113452,0.11892953002253817
B,0.17995989974937346,0.1187894567264485,state0,6.216216216216216,0.18012924146268988,0.1189280050870253
B,0.17995989974937346,0.1187894567264485,state0,6.226226226226226,0.18012739821955023,0.11892649672526717
B,0.17995989974937346,0.1187894567264485,state0,6.236236236236236,0.1801255750019337,0.11892500475719865
B,0.17995989974937346,0.1187894567264485,state0,6.246246246246246,0.1801237715924335,0.11892352900470363
B,0.17995989974937346,0.1187894567264485,state0,6.256256256256256,0.18012198777599253,0.11892206929159399
B,0.17995989974937346,0.1187894567264485,state0,6.266266266266266,0.18012022333987815,0.11892062544358886
B,0.17995989974937346,0.1187894567264485,state0,6.276276276276276,0.18011847807365702,0.11891919728829393
B,0.17995989974937346,0.1187894567264485,state0,6.286286286286286,0.18011675176917064,0.11891778465518135
B,0.17995989974937346,0.1187894567264485,state0,6.296296296296296,0.18011504422051072,0.11891638737556935
B,0.17995989974937346,0.1187894567264485,state0,6.306306306306306,0.18011335522399496,0.11891500528260254
B,0.17995989974937346,0.1187894567264485,state0,6.316316316316316,0.18011168457814336,0.11891363821123208
B,0.17995989974937346,0.1187894567264485,state0,6.326326326326326,0.18011003208365423,0.11891228599819624
B,0.17995989974937346,0.1187894567264485,state0,6.336336336336336,0.18010839754338098,0.11891094848200119
B,0.17995989974937346,0.1187894567264485,state0,6.346346346346346,0.18010678076230882,0.11890962550290177
B,0.17995989974937346,0.1187894567264485,state0,6.356356356356356,0.18010518154753188,0.11890831690288281
B,0.17995989974937346,0.1187894567264485,state0,6.366366366366366,0.1801035997082305,0.11890702252564032
B,0.17995989974937346,0.1187894567264485,state0,6.376376376376376,0.18010203505564878,0.11890574221656308
B,0.17995989974937346,0.1187894567264485,state0,6.386386386386386,0.18010048740307233,0.11890447582271438
B,0.17995989974937346,0.1187894567264485,state0,6.396396396396396,0.18009895656580638,0.11890322319281388
B,0.17995989974937346,0.1187894567264485,state0,6.406406406406406,0.1800974423611539,0.11890198417721984
B,0.17995989974937346,0.1187894567264485,state0,6.416416416416417,0.1800959446083943,0.11890075862791133
B,0.17995989974937346,0.1187894567264485,state0,6.426426426426427,0.18009446312876182,0.11889954639847074
B,0.17995989974937346,0.1187894567264485,state0,6.436436436436437,0.18009299774542478,0.11889834734406651
B,0.17995989974937346,0.1187894567264485,state0,6.446446446446447,0.18009154828346466,0.11889716132143602
B,0.17995989974937346,0.1187894567264485,state0,6.456456456456457,0.18009011456985535,0.11889598818886847
B,0.17995989974937346,0.1187894567264485,state0,6.466466466466467,0.1800886964334429,0.11889482780618839
B,0.17995989974937346,0.1187894567264485,state0,6.476476476476477,0.18008729370492535,0.11889368003473878
B,0.17995989974937346,0.1187894567264485,state0,6.486486486486487,0.1800859062168326,0.11889254473736491
B,0.17995989974937346,0.1187894567264485,state0,6.496496496496497,0.18008453380350684,0.11889142177839793
B,0.17995989974937346,0.1187894567264485,state0,6.506506506506507,0.18008317630108295,0.11889031102363895
B,0.17995989974937346,0.1187894567264485,state0,6.516516516516517,0.18008183354746915,0.11888921234034304
B,0.17995989974937346,0.1187894567264485,state0,6.526526526526527,0.1800805053823279,0.11888812559720352
B,0.17995989974937346,0.1187894567264485,state0,6.536536536536537,0.1800791916470569,0.11888705066433651
B,0.17995989974937346,0.1187894567264485,state0,6.546546546546547,0.18007789218477055,0.11888598741326546
B,0.17995989974937346,0.1187894567264485,state0,6.556556556556557,0.18007660684028118,0.11888493571690587
B,0.17995989974937346,0.1187894567264485,state0,6.566566566566567,0.18007533546008092,0.11888389544955041
B,0.17995989974937346,0.1187894567264485,state0,6.576576576576577,0.1800740778923235,0.11888286648685391
B,0.17995989974937346,0.1187894567264485,state0,6.586586586586587,0.1800728339868063,0.11888184870581855
B,0.17995989974937346,0.1187894567264485,state0,6.596596596596597,0.18007160359495264,0.11888084198477952
B,0.17995989974937346,0.1187894567264485,state0,6.606606606606607,0.18007038656979424,0.11887984620339032
B,0.17995989974937346,0.1187894567264485,state0,6.616616616616617,0.18006918276595377,0.11887886124260869
B,0.17995989974937346,0.1187894567264485,state0,6.626626626626627,0.1800679920396277,0.11887788698468241
B,0.17995989974937346,0.1187894567264485,state0,6.636636636636637,0.18006681424856946,0.11887692331313535
B,0.17995989974937346,0.1187894567264485,state0,6.646646646646647,0.1800656492520723,0.11887597011275366
B,0.17995989974937346,0.1187894567264485,state0,6.656656656656657,0.18006449691095297,0.11887502726957216
B,0.17995989974937346,0.1187894567264485,state0,6.666666666666667,0.18006335708753504,0.11887409467086071
B,0.17995989974937346,0.1187894567264485,state0,6.676676676676677,0.1800622296456328,0.11887317220511094
B,0.17995989974937346,0.1187894567264485,state0,6.686686686686687,0.1800611144505349,0.11887225976202291
B,0.17995989974937346,0.1187894567264485,state0,6.696696696696697,0.1800600113689887,0.11887135723249213
B,0.17995989974937346,0.1187894567264485,state0,6.706706706706707,0.1800589202691843,0.1188704645085966
B,0.17995989974937346,0.1187894567264485,state0,6.716716716716717,0.18005784102073902,0.11886958148358392
B,0.17995989974937346,0.1187894567264485,state0,6.726726726726727,0.1800567734946819,0.11886870805185872
B,0.17995989974937346,0.1187894567264485,state0,6.736736736736737,0.1800557175634386,0.11886784410896994
B,0.17995989974937346,0.1187894567264485,state0,6.746746746746747,0.18005467310081602,0.11886698955159875
B,0.17995989974937346,0.1187894567264485,state0,6.756756756756757,0.18005363998198765,0.11886614427754598
B,0.17995989974937346,0.1187894567264485,state0,6.766766766766767,0.18005261808347858,0.11886530818572012
B,0.17995989974937346,0.1187894567264485,state0,6.776776776776777,0.18005160728315095,0.11886448117612528
B,0.17995989974937346,0.1187894567264485,state0,6.786786786786787,0.1800506074601895,0.11886366314984934
B,0.17995989974937346,0.1187894567264485,state0,6.796796796796797,0.18004961849508724,0.11886285400905218
B,0.17995989974937346,0.1187894567264485,state0,6.806806806806807,0.18004864026963122,0.11886205365695408
B,0.17995989974937346,0.1187894567264485,state0,6.816816816816817,0.18004767266688865,0.11886126199782418
B,0.17995989974937346,0.1187894567264485,state0,6.826826826826827,0.18004671557119298,0.11886047893696913
B,0.17995989974937346,0.1187894567264485,state0,6.836836836836837,0.1800457688681301,0.11885970438072187
B,0.17995989974937346,0.1187894567264485,state0,6.846846846846847,0.1800448324445249,0.11885893823643037
B,0.17995989974937346,0.1187894567264485,state0,6.856856856856857,0.18004390618842794,0.11885818041244682
B,0.17995989974937346,0.1187894567264485,state0,6.866866866866867,0.1800429899891018,0.11885743081811656
B,0.17995989974937346,0.1187894567264485,state0,6.876876876876877,0.18004208373700836,0.11885668936376742
B,0.17995989974937346,0.1187894567264485,state0,6.886886886886887,0.18004118732379562,0.11885595596069895
B,0.17995989974937346,0.1187894567264485,state0,6.896896896896897,0.18004030064228482,0.118855230521172
B,0.17995989974937346,0.1187894567264485,state0,6.906906906906907,0.18003942358645783,0.11885451295839815
B,0.17995989974937346,0.1187894567264485,state0,6.916916916916917,0.18003855605144448,0.11885380318652951
B,0.17995989974937346,0.1187894567264485,state0,6.926926926926927,0.1800376979335101,0.11885310112064842
B,0.17995989974937346,0.1187894567264485,state0,6.936936936936937,0.18003684913004336,0.11885240667675745
B,0.17995989974937346,0.1187894567264485,state0,6.946946946946947,0.18003600953954388,0.11885171977176925
B,0.17995989974937346,0.1187894567264485,state0,6.956956956956957,0.18003517906161043,0.11885104032349689
B,0.17995989974937346,0.1187894567264485,state0,6.966966966966967,0.18003435759692873,0.11885036825064381
B,0.17995989974937346,0.1187894567264485,state0,6.976976976976977,0.18003354504725985,0.11884970347279436
B,0.17995989974937346,0.1187894567264485,state0,6.986986986986987,0.18003274131542857,0.11884904591040424
B,0.17995989974937346,0.1187894567264485,state0,6.996996996996997,0.18003194630531164,0.11884839548479081
B,0.17995989974937346,0.1187894567264485,state0,7.007007007007007,0.18003115992182656,0.11884775211812403
B,0.17995989974937346,0.1187894567264485,state0,7.017017017017017,0.1800303820709202,0.11884711573341684
B,0.17995989974937346,0.1187894567264485,state0,7.027027027027027,0.1800296126595577,0.1188464862545164
B,0.17995989974937346,0.1187894567264485,state0,7.037037037037037,0.1800288515957112,0.11884586360609468
B,0.17995989974937346,0.1187894567264485,state0,7.047047047047047,0.18002809878834927,0.11884524771363973
B,0.17995989974937346,0.1187894567264485,state0,7.057057057057057,0.1800273541474258,0.1188446385034466
B,0.17995989974937346,0.1187894567264485,state0,7.067067067067067,0.18002661758386934,0.11884403590260882
B,0.17995989974937346,0.1187894567264485,state0,7.077077077077077,0.18002588900957261,0.11884343983900943
B,0.17995989974937346,0.1187894567264485,state0,7.087087087087087,0.18002516833738202,0.11884285024131261
B,0.17995989974937346,0.1187894567264485,state0,7.097097097097097,0.18002445548108717,0.11884226703895515
B,0.17995989974937346,0.1187894567264485,state0,7.107107107107107,0.18002375035541082,0.1188416901621379
B,0.17995989974937346,0.1187894567264485,state0,7.117117117117117,0.18002305287599857,0.11884111954181766
B,0.17995989974937346,0.1187894567264485,state0,7.127127127127127,0.1800223629594089,0.11884055510969879
B,0.17995989974937346,0.1187894567264485,state0,7.137137137137137,0.18002168052310324,0.11883999679822521
B,0.17995989974937346,0.1187894567264485,state0,7.147147147147147,0.18002100548543615,0.11883944454057223
B,0.17995989974937346,0.1187894567264485,state0,7.157157157157157,0.18002033776564563,0.11883889827063868
B,0.17995989974937346,0.1187894567264485,state0,7.167167167167167,0.18001967728384355,0.11883835792303893
B,0.17995989974937346,0.1187894567264485,state0,7.177177177177177,0.180019023961006,0.11883782343309528
B,0.17995989974937346,0.1187894567264485,state0,7.187187187187187,0.18001837771896403,0.11883729473683005
B,0.17995989974937346,0.1187894567264485,state0,7.197197197197197,0.1800177384803943,0.11883677177095804
B,0.17995989974937346,0.1187894567264485,state0,7.207207207207207,0.18001710616880995,0.11883625447287906
B,0.17995989974937346,0.1187894567264485,state0,7.217217217217217,0.1800164807085513,0.11883574278067034
B,0.17995989974937346,0.1187894567264485,state0,7.227227227227227,0.18001586202477712,0.11883523663307924
B,0.17995989974937346,0.1187894567264485,state0,7.237237237237237,0.18001525004345553,0.11883473596951591
B,0.17995989974937346,0.1187894567264485,state0,7.247247247247247,0.1800146446913552,0.11883424073004607
B,0.17995989974937346,0.1187894567264485,state0,7.257257257257257,0.1800140458960367,0.11883375085538386
B,0.17995989974937346,0.1187894567264485,state0,7.267267267267267,0.18001345358584395,0.11883326628688483
B,0.17995989974937346,0.1187894567264485,state0,7.277277277277277,0.18001286768989538,0.11883278696653882
B,0.17995989974937346,0.1187894567264485,state0,7.287287287287287,0.18001228813807596,0.11883231283696322
B,0.17995989974937346,0.1187894567264485,state0,7.297297297297297,0.1800117148610284,0.11883184384139593
B,0.17995989974937346,0.1187894567264485,state0,7.307307307307307,0.18001114779014515,0.11883137992368875
B,0.17995989974937346,0.1187894567264485,state0,7.317317317317317,0.1800105868575602,0.11883092102830062
B,0.17995989974937346,0.1187894567264485,state0,7.327327327327327,0.18001003199614085,0.11883046710029098
B,0.17995989974937346,0.1187894567264485,state0,7.337337337337337,0.18000948313948004,0.11883001808531325
B,0.17995989974937346,0.1187894567264485,state0,7.347347347347347,0.180008940221888,0.11882957392960836
B,0.17995989974937346,0.1187894567264485,state0,7.357357357357357,0.18000840317838473,0.11882913457999823
B,0.17995989974937346,0.1187894567264485,state0,7.367367367367367,0.1800078719446923,0.11882869998387961
B,0.17995989974937346,0.1187894567264485,state0,7.377377377377377,0.18000734645722694,0.11882827008921763
B,0.17995989974937346,0.1187894567264485,state0,7.387387387387387,0.1800068266530916,0.11882784484453969
B,0.17995989974937346,0.1187894567264485,state0,7.397397397397397,0.1800063124700685,0.11882742419892929
B,0.17995989974937346,0.1187894567264485,state0,7.407407407407407,0.18000580384661172,0.11882700810201997
B,0.17995989974937346,0.1187894567264485,state0,7.4174174174174174,0.1800053007218397,0.11882659650398926
B,0.17995989974937346,0.1187894567264485,state0,7.4274274274274275,0.1800048030355282,0.11882618935555281
B,0.17995989974937346,0.1187894567264485,state0,7.4374374374374375,0.18000431072810294,0.11882578660795841
B,0.17995989974937346,0.1187894567264485,state0,7.4474474474474475,0.1800038237406327,0.11882538821298025
B,0.17995989974937346,0.1187894567264485,state0,7.4574574574574575,0.18000334201482204,0.1188249941229131
B,0.17995989974937346,0.1187894567264485,state0,7.4674674674674675,0.18000286549300457,0.11882460429056674
B,0.17995989974937346,0.1187894567264485,state0,7.4774774774774775,0.180002394118136,0.11882421866926016
B,0.17995989974937346,0.1187894567264485,state0,7.4874874874874875,0.18000192783378735,0.1188238372128161
B,0.17995989974937346,0.1187894567264485,state0,7.4974974974974975,0.1800014665841381,0.1188234598755555
B,0.17995989974937346,0.1187894567264485,state0,7.5075075075075075,0.18000101031396976,0.11882308661229203
B,0.17995989974937346,0.1187894567264485,state0,7.5175175175175175,0.1800005589686591,0.11882271737832678
B,0.17995989974937346,0.1187894567264485,state0,7.5275275275275275,0.18000011249417178,0.11882235212944281
B,0.17995989974937346,0.1187894567264485,state0,7.5375375375375375,0.17999967083705568,0.11882199082189997
B,0.17995989974937346,0.1187894567264485,state0,7.5475475475475475,0.17999923394443484,0.11882163341242954
B,0.17995989974937346,0.1187894567264485,state0,7.5575575575575575,0.17999880176400287,0.11882127985822931
B,0.17995989974937346,0.1187894567264485,state0,7.5675675675675675,0.1799983742440169,0.11882093011695814
B,0.17995989974937346,0.1187894567264485,state0,7.5775775775775776,0.17999795133329133,0.1188205841467312
B,0.17995989974937346,0.1187894567264485,state0,7.587587587587588,0.1799975329811917,0.11882024190611479
B,0.17995989974937346,0.1187894567264485,state0,7.597597597597598,0.17999711913762867,0.11881990335412146
B,0.17995989974937346,0.1187894567264485,state0,7.607607607607608,0.17999670975305213,0.11881956845020512
B,0.17995989974937346,0.1187894567264485,state0,7.617617617617618,0.17999630477844508,0.11881923715425617
B,0.17995989974937346,0.1187894567264485,state0,7.627627627627628,0.17999590416531808,0.11881890942659669
B,0.17995989974937346,0.1187894567264485,state0,7.637637637637638,0.1799955078657032,0.1188185852279758
B,0.17995989974937346,0.1187894567264485,state0,7.647647647647648,0.17999511583214842,0.11881826451956481
B,0.17995989974937346,0.1187894567264485,state0,7.657657657657658,0.17999472801771188,0.11881794726295275
B,0.17995989974937346,0.1187894567264485,state0,7.667667667667668,0.1799943443759565,0.11881763342014169
B,0.17995989974937346,0.1187894567264485,state0,7.677677677677678,0.17999396486094407,0.11881732295354218
B,0.17995989974937346,0.1187894567264485,state0,7.687687687687688,0.17999358942723018,0.11881701582596882
B,0.17995989974937346,0.1187894567264485,state0,7.697697697697698,0.17999321802985846,0.1188167120006358
B,0.17995989974937346,0.1187894567264485,state0,7.707707707707708,0.17999285062435535,0.1188164114411525
B,0.17995989974937346,0.1187894567264485,state0,7.717717717717718,0.17999248716672492,0.11881611411151911
B,0.17995989974937346,0.1187894567264485,state0,7.727727727727728,0.17999212761344333,0.11881581997612242
B,0.17995989974937346,0.1187894567264485,state0,7.737737737737738,0.17999177192145382,0.11881552899973143
B,0.17995989974937346,0.1187894567264485,state0,7.747747747747748,0.17999142004816168,0.11881524114749324
B,0.17995989974937346,0.1187894567264485,state0,7.757757757757758,0.1799910719514288,0.1188149563849289
B,0.17995989974937346,0.1187894567264485,state0,7.767767767767768,0.17999072758956905,0.11881467467792917
B,0.17995989974937346,0.1187894567264485,state0,7.777777777777778,0.17999038692134303,0.11881439599275058
B,0.17995989974937346,0.1187894567264485,state0,7.787787787787788,0.17999004990595324,0.11881412029601136
B,0.17995989974937346,0.1187894567264485,state0,7.797797797797798,0.17998971650303927,0.11881384755468735
B,0.17995989974937346,0.1187894567264485,state0,7.807807807807808,0.17998938667267278,0.11881357773610822
B,0.17995989974937346,0.1187894567264485,state0,7.817817817817818,0.179989060375353,0.1188133108079534
B,0.17995989974937346,0.1187894567264485,state0,7.827827827827828,0.1799887375720018,0.11881304673824836
B,0.17995989974937346,0.1187894567264485,state0,7.837837837837838,0.17998841822395908,0.11881278549536067
B,0.17995989974937346,0.1187894567264485,state0,7.847847847847848,0.17998810229297824,0.11881252704799633
B,0.17995989974937346,0.1187894567264485,state0,7.857857857857858,0.17998778974122148,0.11881227136519593
B,0.17995989974937346,0.1187894567264485,state0,7.867867867867868,0.17998748053125543,0.11881201841633096
B,0.17995989974937346,0.1187894567264485,state0,7.877877877877878,0.17998717462604646,0.11881176817110028
B,0.17995989974937346,0.1187894567264485,state0,7.887887887887888,0.17998687198895652,0.11881152059952632
B,0.17995989974937346,0.1187894567264485,state0,7.897897897897898,0.17998657258373857,0.11881127567195157
B,0.17995989974937346,0.1187894567264485,state0,7.907907907907908,0.17998627637453227,0.11881103335903509
B,0.17995989974937346,0.1187894567264485,state0,7.917917917917918,0.17998598332585986,0.11881079363174889
B,0.17995989974937346,0.1187894567264485,state0,7.927927927927928,0.1799856934026217,0.11881055646137452
B,0.17995989974937346,0.1187894567264485,state0,7.937937937937938,0.17998540657009218,0.11881032181949973
B,0.17995989974937346,0.1187894567264485,state0,7.947947947947948,0.1799851227939156,0.11881008967801486
B,0.17995989974937346,0.1187894567264485,state0,7.957957957957958,0.17998484204010204,0.11880986000910966
B,0.17995989974937346,0.1187894567264485,state0,7.967967967967968,0.17998456427502324,0.1188096327852699
B,0.17995989974937346,0.1187894567264485,state0,7.977977977977978,0.1799842894654087,0.11880940797927403
B,0.17995989974937346,0.1187894567264485,state0,7.987987987987988,0.1799840175783416,0.11880918556419004
B,0.17995989974937346,0.1187894567264485,state0,7.997997997997998,0.17998374858125485,0.11880896551337217
B,0.17995989974937346,0.1187894567264485,state0,8.008008008008009,0.17998348244192733,0.11880874780045766
B,0.17995989974937346,0.1187894567264485,state0,8.018018018018019,0.17998321912847995,0.11880853239936374
B,0.17995989974937346,0.1187894567264485,state0,8.028028028028029,0.17998295860937183,0.11880831928428444
B,0.17995989974937346,0.1187894567264485,state0,8.038038038038039,0.17998270085339652,0.11880810842968743
B,0.17995989974937346,0.1187894567264485,state0,8.048048048048049,0.1799824458296784,0.11880789981031109
B,0.17995989974937346,0.1187894567264485,state0,8.058058058058059,0.17998219350766873,0.11880769340116142
B,0.17995989974937346,0.1187894567264485,state0,8.068068068068069,0.17998194385714233,0.11880748917750907
B,0.17995989974937346,0.1187894567264485,state0,8.078078078078079,0.17998169684819368,0.11880728711488639
B,0.17995989974937346,0.1187894567264485,state0,8.088088088088089,0.17998145245123354,0.11880708718908449
B,0.17995989974937346,0.1187894567264485,state0,8.098098098098099,0.17998121063698522,0.11880688937615029
B,0.17995989974937346,0.1187894567264485,state0,8.108108108108109,0.17998097137648134,0.11880669365238382
B,0.17995989974937346,0.1187894567264485,state0,8.118118118118119,0.1799807346410601,0.11880649999433514
B,0.17995989974937346,0.1187894567264485,state0,8.128128128128129,0.17998050040236202,0.1188063083788018
B,0.17995989974937346,0.1187894567264485,state0,8.138138138138139,0.1799802686323265,0.11880611878282583
B,0.17995989974937346,0.1187894567264485,state0,8.148148148148149,0.1799800393031885,0.11880593118369118
B,0.17995989974937346,0.1187894567264485,state0,8.158158158158159,0.17997981238747515,0.11880574555892089
B,0.17995989974937346,0.1187894567264485,state0,8.168168168168169,0.17997958785800253,0.11880556188627436
B,0.17995989974937346,0.1187894567264485,state0,8.178178178178179,0.17997936568787234,0.11880538014374492
B,0.17995989974937346,0.1187894567264485,state0,8.188188188188189,0.1799791458504688,0.11880520030955688
B,0.17995989974937346,0.1187894567264485,state0,8.198198198198199,0.1799789283194554,0.11880502236216317
B,0.17995989974937346,0.1187894567264485,state0,8.208208208208209,0.1799787130687717,0.11880484628024267
B,0.17995989974937346,0.1187894567264485,state0,8.218218218218219,0.17997850007263033,0.11880467204269761
B,0.17995989974937346,0.1187894567264485,state0,8.228228228228229,0.17997828930551382,0.11880449962865114
B,0.17995989974937346,0.1187894567264485,state0,8.238238238238239,0.17997808074217156,0.11880432901744481
B,0.17995989974937346,0.1187894567264485,state0,8.248248248248249,0.1799778743576168,0.11880416018863602
B,0.17995989974937346,0.1187894567264485,state0,8.258258258258259,0.1799776701271237,0.11880399312199569
B,0.17995989974937346,0.1187894567264485,state0,8.268268268268269,0.17997746802622427,0.11880382779750578
B,0.17995989974937346,0.1187894567264485,state0,8.278278278278279,0.17997726803070552,0.11880366419535686
B,0.17995989974937346,0.1187894567264485,state0,8.288288288288289,0.17997707011660657,0.11880350229594577
B,0.17995989974937346,0.1187894567264485,state0,8.298298298298299,0.17997687426021572,0.11880334207987335
B,0.17995989974937346,0.1187894567264485,state0,8.308308308308309,0.1799766804380677,0.11880318352794197
B,0.17995989974937346,0.1187894567264485,state0,8.318318318318319,0.17997648862694074,0.11880302662115334
B,0.17995989974937346,0.1187894567264485,state0,8.328328328328329,0.17997629880385393,0.11880287134070627
B,0.17995989974937346,0.1187894567264485,state0,8.338338338338339,0.17997611094606447,0.11880271766799425
B,0.17995989974937346,0.1187894567264485,state0,8.348348348348349,0.17997592503106474,0.11880256558460338
B,0.17995989974937346,0.1187894567264485,state0,8.358358358358359,0.1799757410365799,0.11880241507231017
B,0.17995989974937346,0.1187894567264485,state0,8.368368368368369,0.17997555894056497,0.11880226611307922
B,0.17995989974937346,0.1187894567264485,state0,8.378378378378379,0.17997537872120237,0.11880211868906117
B,0.17995989974937346,0.1187894567264485,state0,8.388388388388389,0.17997520035689923,0.1188019727825906
B,0.17995989974937346,0.1187894567264485,state0,8.398398398398399,0.1799750238262848,0.11880182837618379
B,0.17995989974937346,0.1187894567264485,state0,8.408408408408409,0.179974849108208,0.1188016854525367
B,0.17995989974937346,0.1187894567264485,state0,8.418418418418419,0.17997467618173466,0.11880154399452296
B,0.17995989974937346,0.1187894567264485,state0,8.428428428428429,0.1799745050261453,0.11880140398519168
B,0.17995989974937346,0.1187894567264485,state0,8.438438438438439,0.17997433562093243,0.1188012654077655
B,0.17995989974937346,0.1187894567264485,state0,8.448448448448449,0.17997416794579815,0.11880112824563863
B,0.17995989974937346,0.1187894567264485,state0,8.458458458458459,0.1799740019806519,0.11880099248237476
B,0.17995989974937346,0.1187894567264485,state0,8.468468468468469,0.1799738377056077,0.11880085810170513
B,0.17995989974937346,0.1187894567264485,state0,8.478478478478479,0.17997367510098214,0.11880072508752665
B,0.17995989974937346,0.1187894567264485,state0,8.488488488488489,0.17997351414729176,0.11880059342389986
B,0.17995989974937346,0.1187894567264485,state0,8.498498498498499,0.17997335482525084,0.11880046309504713
B,0.17995989974937346,0.1187894567264485,state0,8.508508508508509,0.17997319711576912,0.11880033408535068
B,0.17995989974937346,0.1187894567264485,state0,8.518518518518519,0.17997304099994943,0.11880020637935072
B,0.17995989974937346,0.1187894567264485,state0,8.528528528528529,0.1799728864590854,0.11880007996174372
B,0.17995989974937346,0.1187894567264485,state0,8.538538538538539,0.1799727334746594,0.11879995481738041
B,0.17995989974937346,0.1187894567264485,state0,8.548548548548549,0.17997258202834016,0.11879983093126406
B,0.17995989974937346,0.1187894567264485,state0,8.558558558558559,0.17997243210198058,0.11879970828854867
B,0.17995989974937346,0.1187894567264485,state0,8.568568568568569,0.17997228367761567,0.1187995868745372
B,0.17995989974937346,0.1187894567264485,state0,8.578578578578579,0.1799721367374603,0.1187994666746798
B,0.17995989974937346,0.1187894567264485,state0,8.588588588588589,0.17997199126390712,0.11879934767457206
B,0.17995989974937346,0.1187894567264485,state0,8.598598598598599,0.17997184723952445,0.11879922985995327
B,0.17995989974937346,0.1187894567264485,state0,8.608608608608609,0.17997170464705414,0.11879911321670479
B,0.17995989974937346,0.1187894567264485,state0,8.618618618618619,0.17997156346940957,0.11879899773084825
B,0.17995989974937346,0.1187894567264485,state0,8.62862862862863,0.1799714236896736,0.11879888338854395
B,0.17995989974937346,0.1187894567264485,state0,8.63863863863864,0.17997128529109643,0.11879877017608922
B,0.17995989974937346,0.1187894567264485,state0,8.64864864864865,0.17997114825709384,0.11879865807991671
B,0.17995989974937346,0.1187894567264485,state0,8.65865865865866,0.17997101257124498,0.1187985470865928
B,0.17995989974937346,0.1187894567264485,state0,8.66866866866867,0.17997087821729044,0.11879843718281599
B,0.17995989974937346,0.1187894567264485,state0,8.67867867867868,0.1799707451791304,0.11879832835541534
B,0.17995989974937346,0.1187894567264485,state0,8.68868868868869,0.17997061344082263,0.11879822059134879
B,0.17995989974937346,0.1187894567264485,state0,8.6986986986987,0.17997048298658058,0.11879811387770174
B,0.17995989974937346,0.1187894567264485,state0,8.70870870870871,0.1799703538007716,0.1187980082016854
B,0.17995989974937346,0.1187894567264485,state0,8.71871871871872,0.1799702258679148,0.11879790355063534
B,0.17995989974937346,0.1187894567264485,state0,8.72872872872873,0.17997009917267953,0.11879779991200981
B,0.17995989974937346,0.1187894567264485,state0,8.73873873873874,0.1799699736998833,0.11879769727338849
B,0.17995989974937346,0.1187894567264485,state0,8.74874874874875,0.17996984943449015,0.11879759562247076
B,0.17995989974937346,0.1187894567264485,state0,8.75875875875876,0.17996972636160863,0.11879749494707441
B,0.17995989974937346,0.1187894567264485,state0,8.76876876876877,0.17996960446649019,0.11879739523513404
B,0.17995989974937346,0.1187894567264485,state0,8.77877877877878,0.17996948373452737,0.1187972964746997
B,0.17995989974937346,0.1187894567264485,state0,8.78878878878879,0.1799693641512521,0.1187971986539355
B,0.17995989974937346,0.1187894567264485,state0,8.7987987987988,0.17996924570233372,0.11879710176111802
B,0.17995989974937346,0.1187894567264485,state0,8.80880880880881,0.17996912837357767,0.11879700578463509
B,0.17995989974937346,0.1187894567264485,state0,8.81881881881882,0.1799690121509235,0.11879691071298429
B,0.17995989974937346,0.1187894567264485,state0,8.82882882882883,0.1799688970204432,0.11879681653477167
B,0.17995989974937346,0.1187894567264485,state0,8.83883883883884,0.17996878296833968,0.11879672323871023
B,0.17995989974937346,0.1187894567264485,state0,8.84884884884885,0.17996866998094496,0.11879663081361871
B,0.17995989974937346,0.1187894567264485,state0,8.85885885885886,0.17996855804471867,0.11879653924842025
B,0.17995989974937346,0.1187894567264485,state0,8.86886886886887,0.17996844714624635,0.11879644853214093
B,0.17995989974937346,0.1187894567264485,state0,8.87887887887888,0.1799683372722378,0.11879635865390858
B,0.17995989974937346,0.1187894567264485,state0,8.88888888888889,0.1799682284095256,0.11879626960295143
B,0.17995989974937346,0.1187894567264485,state0,8.8988988988989,0.17996812054506348,0.11879618136859688
B,0.17995989974937346,0.1187894567264485,state0,8.90890890890891,0.17996801366592477,0.11879609394027005
B,0.17995989974937346,0.1187894567264485,state0,8.91891891891892,0.17996790775930077,0.11879600730749276
B,0.17995989974937346,0.1187894567264485,state0,8.92892892892893,0.17996780281249936,0.11879592145988212
B,0.17995989974937346,0.1187894567264485,state0,8.93893893893894,0.17996769881294342,0.11879583638714925
B,0.17995989974937346,0.1187894567264485,state0,8.94894894894895,0.17996759574816917,0.11879575207909819
B,0.17995989974937346,0.1187894567264485,state0,8.95895895895896,0.17996749360582504,0.11879566852562455
B,0.17995989974937346,0.1187894567264485,state0,8.96896896896897,0.1799673923736697,0.11879558571671438
B,0.17995989974937346,0.1187894567264485,state0,8.97897897897898,0.17996729203957115,0.11879550364244292
B,0.17995989974937346,0.1187894567264485,state0,8.98898898898899,0.17996719259150476,0.11879542229297349
B,0.17995989974937346,0.1187894567264485,state0,8.998998998999,0.17996709401755212,0.11879534165855613
B,0.17995989974937346,0.1187894567264485,state0,9.00900900900901,0.17996699630589955,0.11879526172952669
B,0.17995989974937346,0.1187894567264485,state0,9.01901901901902,0.17996689944483674,0.11879518249630551
B,0.17995989974937346,0.1187894567264485,state0,9.02902902902903,0.17996680342275512,0.11879510394939621
B,0.17995989974937346,0.1187894567264485,state0,9.03903903903904,0.17996670822814678,0.11879502607938475
B,0.17995989974937346,0.1187894567264485,state0,9.04904904904905,0.1799666138496029,0.11879494887693816
B,0.17995989974937346,0.1187894567264485,state0,9.05905905905906,0.17996652027581245,0.11879487233280345
B,0.17995989974937346,0.1187894567264485,state0,9.06906906906907,0.17996642749556072,0.11879479643780651
B,0.17995989974937346,0.1187894567264485,state0,9.07907907907908,0.1799663354977282,0.11879472118285102
B,0.17995989974937346,0.1187894567264485,state0,9.08908908908909,0.17996624427128907,0.11879464655891732
B,0.17995989974937346,0.1187894567264485,state0,9.0990990990991,0.1799661538053099,0.11879457255706144
B,0.17995989974937346,0.1187894567264485,state0,9.10910910910911,0.17996606408894839,0.11879449916841385
B,0.17995989974937346,0.1187894567264485,state0,9.11911911911912,0.17996597511145207,0.11879442638417857
B,0.17995989974937346,0.1187894567264485,state0,9.12912912912913,0.17996588686215692,0.118794354195632
B,0.17995989974937346,0.1187894567264485,state0,9.13913913913914,0.17996579933048631,0.11879428259412196
B,0.17995989974937346,0.1187894567264485,state0,9.14914914914915,0.17996571250594945,0.11879421157106652
B,0.17995989974937346,0.1187894567264485,state0,9.15915915915916,0.1799656263781403,0.1187941411179532
B,0.17995989974937346,0.1187894567264485,state0,9.16916916916917,0.17996554093673636,0.1187940712263377
B,0.17995989974937346,0.1187894567264485,state0,9.17917917917918,0.1799654561714973,0.11879400188784305
B,0.17995989974937346,0.1187894567264485,state0,9.18918918918919,0.17996537207226387,0.11879393309415853
B,0.17995989974937346,0.1187894567264485,state0,9.1991991991992,0.1799652886289565,0.11879386483703873
B,0.17995989974937346,0.1187894567264485,state0,9.20920920920921,0.17996520583157435,0.11879379710830253
B,0.17995989974937346,0.1187894567264485,state0,9.21921921921922,0.17996512367019385,0.11879372989983213
B,0.17995989974937346,0.1187894567264485,state0,9.22922922922923,0.17996504213496772,0.11879366320357204
B,0.17995989974937346,0.1187894567264485,state0,9.23923923923924,0.17996496121612365,0.1187935970115282
B,0.17995989974937346,0.1187894567264485,state0,9.24924924924925,0.17996488090396323,0.11879353131576685
B,0.17995989974937346,0.1187894567264485,state0,9.25925925925926,0.17996480118886066,0.11879346610841388
B,0.17995989974937346,0.1187894567264485,state0,9.26926926926927,0.1799647220612617,0.11879340138165354
B,0.17995989974937346,0.1187894567264485,state0,9.27927927927928,0.17996464351168262,0.11879333712772777
B,0.17995989974937346,0.1187894567264485,state0,9.28928928928929,0.17996456553070875,0.11879327333893511
B,0.17995989974937346,0.1187894567264485,state0,9.2992992992993,0.1799644881089937,0.11879321000762987
B,0.17995989974937346,0.1187894567264485,state0,9.30930930930931,0.17996441123725804,0.11879314712622115
B,0.17995989974937346,0.1187894567264485,state0,9.31931931931932,0.1799643349062882,0.11879308468717202
B,0.17995989974937346,0.1187894567264485,state0,9.32932932932933,0.17996425910693542,0.11879302268299846
B,0.17995989974937346,0.1187894567264485,state0,9.33933933933934,0.17996418383011467,0.11879296110626865
B,0.17995989974937346,0.1187894567264485,state0,9.34934934934935,0.1799641090668035,0.11879289994960192
B,0.17995989974937346,0.1187894567264485,state0,9.35935935935936,0.179964034808041,0.118792839205668
B,0.17995989974937346,0.1187894567264485,state0,9.36936936936937,0.1799639610449267,0.11879277886718605
B,0.17995989974937346,0.1187894567264485,state0,9.37937937937938,0.17996388776861955,0.11879271892692378
B,0.17995989974937346,0.1187894567264485,state0,9.38938938938939,0.17996381497033673,0.11879265937769665
B,0.17995989974937346,0.1187894567264485,state0,9.3993993993994,0.17996374264135284,0.11879260021236698
B,0.17995989974937346,0.1187894567264485,state0,9.40940940940941,0.1799636707729986,0.1187925414238431
B,0.17995989974937346,0.1187894567264485,state0,9.41941941941942,0.17996359935665995,0.11879248300507848
B,0.17995989974937346,0.1187894567264485,state0,9.42942942942943,0.17996352838377702,0.11879242494907089
B,0.17995989974937346,0.1187894567264485,state0,9.43943943943944,0.17996345784584303,0.11879236724886152
B,0.17995989974937346,0.1187894567264485,state0,9.44944944944945,0.17996338773440335,0.11879230989753432
B,0.17995989974937346,0.1187894567264485,state0,9.45945945945946,0.17996331804105442,0.11879225288821495
B,0.17995989974937346,0.1187894567264485,state0,9.46946946946947,0.17996324875744277,0.11879219621407006
B,0.17995989974937346,0.1187894567264485,state0,9.47947947947948,0.17996317987526408,0.11879213986830647
B,0.17995989974937346,0.1187894567264485,state0,9.48948948948949,0.1799631113862621,0.1187920838441704
B,0.17995989974937346,0.1187894567264485,state0,9.4994994994995,0.17996304328222765,0.11879202813494652
B,0.17995989974937346,0.1187894567264485,state0,9.50950950950951,0.17996297555499768,0.11879197273395731
B,0.17995989974937346,0.1187894567264485,state0,9.51951951951952,0.17996290819645439,0.11879191763456214
B,0.17995989974937346,0.1187894567264485,state0,9.52952952952953,0.17996284119852402,0.11879186283015651
B,0.17995989974937346,0.1187894567264485,state0,9.53953953953954,0.1799627745531761,0.11879180831417131
B,0.17995989974937346,0.1187894567264485,state0,9.54954954954955,0.1799627082524224,0.118791754080072
B,0.17995989974937346,0.1187894567264485,state0,9.55955955955956,0.17996264228831588,0.11879170012135776
B,0.17995989974937346,0.1187894567264485,state0,9.56956956956957,0.17996257665295,0.1187916464315608
B,0.17995989974937346,0.1187894567264485,state0,9.57957957957958,0.1799625113384575,0.11879159300424554
B,0.17995989974937346,0.1187894567264485,state0,9.58958958958959,0.17996244633700956,0.11879153983300783
B,0.17995989974937346,0.1187894567264485,state0,9.5995995995996,0.1799623816408149,0.11879148691147427
B,0.17995989974937346,0.1187894567264485,state0,9.60960960960961,0.17996231724211886,0.11879143423330135
B,0.17995989974937346,0.1187894567264485,state0,9.61961961961962,0.1799622531332023,0.1187913817921747
B,0.17995989974937346,0.1187894567264485,state0,9.62962962962963,0.17996218930638094,0.11879132958180835
B,0.17995989974937346,0.1187894567264485,state0,9.63963963963964,0.1799621257540042,0.11879127759594398
B,0.17995989974937346,0.1187894567264485,state0,9.64964964964965,0.17996206246845436,0.11879122582835021
B,0.17995989974937346,0.1187894567264485,state0,9.65965965965966,0.17996199944214586,0.11879117427282179
B,0.17995989974937346,0.1187894567264485,state0,9.66966966966967,0.17996193666752391,0.11879112292317887
B,0.17995989974937346,0.1187894567264485,state0,9.67967967967968,0.17996187413706416,0.11879107177326623
B,0.17995989974937346,0.1187894567264485,state0,9.68968968968969,0.17996181184327129,0.11879102081695268
B,0.17995989974937346,0.1187894567264485,state0,9.6996996996997,0.17996174977867846,0.11879097004813012
B,0.17995989974937346,0.1187894567264485,state0,9.70970970970971,0.17996168793584624,0.11879091946071298
B,0.17995989974937346,0.1187894567264485,state0,9.71971971971972,0.1799616263073618,0.11879086904863742
B,0.17995989974937346,0.1187894567264485,state0,9.72972972972973,0.17996156488583798,0.11879081880586055
B,0.17995989974937346,0.1187894567264485,state0,9.73973973973974,0.1799615036639124,0.11879076872635987
B,0.17995989974937346,0.1187894567264485,state0,9.74974974974975,0.17996144263424657,0.1187907188041323
B,0.17995989974937346,0.1187894567264485,state0,9.75975975975976,0.17996138178952512,0.11879066903319371
B,0.17995989974937346,0.1187894567264485,state0,9.76976976976977,0.17996132112245475,0.11879061940757805
B,0.17995989974937346,0.1187894567264485,state0,9.77977977977978,0.17996126062576345,0.11879056992133671
B,0.17995989974937346,0.1187894567264485,state0,9.78978978978979,0.1799612002921997,0.11879052056853773
B,0.17995989974937346,0.1187894567264485,state0,9.7997997997998,0.17996114011453143,0.11879047134326516
B,0.17995989974937346,0.1187894567264485,state0,9.80980980980981,0.1799610800855453,0.11879042223961835
B,0.17995989974937346,0.1187894567264485,state0,9.81981981981982,0.17996102019804575,0.11879037325171113
B,0.17995989974937346,0.1187894567264485,state0,9.82982982982983,0.17996096044485416,0.11879032437367133
B,0.17995989974937346,0.1187894567264485,state0,9.83983983983984,0.17996090081880806,0.11879027559963982
B,0.17995989974937346,0.1187894567264485,state0,9.84984984984985,0.17996084131276013,0.11879022692376998
B,0.17995989974937346,0.1187894567264485,state0,9.85985985985986,0.17996078191957748,0.11879017834022691
B,0.17995989974937346,0.1187894567264485,state0,9.86986986986987,0.17996072263214072,0.11879012984318682
B,0.17995989974937346,0.1187894567264485,state0,9.87987987987988,0.17996066344334316,0.11879008142683622
B,0.17995989974937346,0.1187894567264485,state0,9.88988988988989,0.17996060434608982,0.11879003308537134
B,0.17995989974937346,0.1187894567264485,state0,9.8998998998999,0.17996054533329678,0.11878998481299731
B,0.17995989974937346,0.1187894567264485,state0,9.90990990990991,0.1799604863978902,0.1187899366039276
B,0.17995989974937346,0.1187894567264485,state0,9.91991991991992,0.1799604275328055,0.11878988845238317
B,0.17995989974937346,0.1187894567264485,state0,9.92992992992993,0.1799603687309866,0.11878984035259196
B,0.17995989974937346,0.1187894567264485,state0,9.93993993993994,0.1799603099853848,0.11878979229878804
B,0.17995989974937346,0.1187894567264485,state0,9.94994994994995,0.17996025128895837,0.11878974428521095
B,0.17995989974937346,0.1187894567264485,state0,9.95995995995996,0.17996019263467128,0.11878969630610516
B,0.17995989974937346,0.1187894567264485,state0,9.96996996996997,0.17996013401549266,0.1187896483557191
B,0.17995989974937346,0.1187894567264485,state0,9.97997997997998,0.17996007542439574,0.11878960042830479
B,0.17995989974937346,0.1187894567264485,state0,9.98998998998999,0.1799600168543572,0.11878955251811686
B,0.17995989974937346,0.1187894567264485,state0,10.0,0.17995995829835615,0.11878950461941207
B,0.17995989974937346,0.1187894567264485,state1,0.0,0.3127556704416528,0.4163839743544717
B,0.17995989974937346,0.1187894567264485,state1,0.01001001001001001,0.31520679007047825,0.41268416609397823
B,0.17995989974937346,0.1187894567264485,state1,0.02002002002002002,0.3175586164435791,0.4090888060092214
B,0.17995989974937346,0.1187894567264485,state1,0.03003003003003003,0.31981449970875314,0.40559455738973266
B,0.17995989974937346,0.1187894567264485,state1,0.04004004004004004,0.3219776723053884,0.4021981864420144
B,0.17995989974937346,0.1187894567264485,state1,0.050050050050050046,0.3240512533919708,0.3988965591996972
B,0.17995989974937346,0.1187894567264485,state1,0.06006006006006006,0.3260382530781573,0.39568663852437275
B,0.17995989974937346,0.1187894567264485,state1,0.07007007007007007,0.32794157647285266,0.39256548119437973
B,0.17995989974937346,0.1187894567264485,state1,0.08008008008008008,0.3297640275587969,0.38953023507891543
B,0.17995989974937346,0.1187894567264485,state1,0.09009009009009009,0.33150831290334226,0.38657813639494265
B,0.17995989974937346,0.1187894567264485,state1,0.10010010010010009,0.33317704521434977,0.3837065070444464
B,0.17995989974937346,0.1187894567264485,state1,0.11011011011011011,0.3347727467494688,0.3809127520296808
B,0.17995989974937346,0.1187894567264485,state1,0.12012012012012012,0.33629785258645517,0.3781943569441262
B,0.17995989974937346,0.1187894567264485,state1,0.13013013013013014,0.3377547137616415,0.3755488855369527
B,0.17995989974937346,0.1187894567264485,state1,0.14014014014014015,0.33914560028317486,0.3729739773488581
B,0.17995989974937346,0.1187894567264485,state1,0.15015015015015015,0.3404727040251917,0.3704673454172196
B,0.17995989974937346,0.1187894567264485,state1,0.16016016016016016,0.34173814150868803,0.3680267740485624
B,0.17995989974937346,0.1187894567264485,state1,0.17017017017017017,0.3429439565744726,0.3656501166564131
B,0.17995989974937346,0.1187894567264485,state1,0.18018018018018017,0.3440921229532485,0.3633352936626664
B,0.17995989974937346,0.1187894567264485,state1,0.19019019019019018,0.3451845467375589,0.36108029046064977
B,0.17995989974937346,0.1187894567264485,state1,0.20020020020020018,0.3462230687600428,0.35888315543812876
B,0.17995989974937346,0.1187894567264485,state1,0.21021021021021022,0.34720946688218807,0.35674199805854684
B,0.17995989974937346,0.1187894567264485,state1,0.22022022022022023,0.34814545819752235,0.35465498699884496
B,0.17995989974937346,0.1187894567264485,state1,0.23023023023023023,0.3490327011529613,0.35262034834225625
B,0.17995989974937346,0.1187894567264485,state1,0.24024024024024024,0.34987279759182616,0.35063636382451696
B,0.17995989974937346,0.1187894567264485,state1,0.2502502502502503,0.35066729472184976,0.34870136913198035
B,0.17995989974937346,0.1187894567264485,state1,0.2602602602602603,0.35141768701131554,0.3468137522501645
B,0.17995989974937346,0.1187894567264485,state1,0.2702702702702703,0.3521254180163041,0.3449719518613064
B,0.17995989974937346,0.1187894567264485,state1,0.2802802802802803,0.3527918821418739,0.343174455789535
B,0.17995989974937346,0.1187894567264485,state1,0.2902902902902903,0.35341842633985415,0.3414197994923154
B,0.17995989974937346,0.1187894567264485,state1,0.3003003003003003,0.3540063517457984,0.339706564596854
B,0.17995989974937346,0.1187894567264485,state1,0.3103103103103103,0.3545569152575194,0.3380333774801908
B,0.17995989974937346,0.1187894567264485,state1,0.3203203203203203,0.35507133105751126,0.33639890789173954
B,0.17995989974937346,0.1187894567264485,state1,0.3303303303303303,0.3555507720814526,0.3348018676170721
B,0.17995989974937346,0.1187894567264485,state1,0.34034034034034033,0.3559963714348851,0.33324100918177463
B,0.17995989974937346,0.1187894567264485,state1,0.35035035035035034,0.3564092237600609,0.3317151245942369
B,0.17995989974937346,0.1187894567264485,state1,0.36036036036036034,0.3567903865548656,0.33022304412626446
B,0.17995989974937346,0.1187894567264485,state1,0.37037037037037035,0.35714088144563444,0.328763635130437
B,0.17995989974937346,0.1187894567264485,state1,0.38038038038038036,0.3574616954156013,0.32733580089316183
B,0.17995989974937346,0.1187894567264485,state1,0.39039039039039036,0.3577537819906417,0.3259384795224027
B,0.17995989974937346,0.1187894567264485,state1,0.40040040040040037,0.35801806238390066,0.3245706428690885
B,0.17995989974937346,0.1187894567264485,state1,0.41041041041041043,0.35825542660082726,0.323231295481237
B,0.17995989974937346,0.1187894567264485,state1,0.42042042042042044,0.358466734506073,0.32191947358985123
B,0.17995989974937346,0.1187894567264485,state1,0.43043043043043044,0.358652816853652,0.32063424412567254
B,0.17995989974937346,0.1187894567264485,state1,0.44044044044044045,0.35881447628169927,0.3193747037659013
B,0.17995989974937346,0.1187894567264485,state1,0.45045045045045046,0.3589524882731127,0.31813997801001503
B,0.17995989974937346,0.1187894567264485,state1,0.46046046046046046,0.3590676020833099,0.31692922028384285
B,0.17995989974937346,0.1187894567264485,state1,0.47047047047047047,0.3591605416362799,0.31574161107107296
B,0.17995989974937346,0.1187894567264485,state1,0.4804804804804805,0.35923200639006614,0.31457635707139564
B,0.17995989974937346,0.1187894567264485,state1,0.4904904904904905,0.35928267217276927,0.3134326903845026
B,0.17995989974937346,0.1187894567264485,state1,0.5005005005005005,0.35931319199011674,0.31230986771918756
B,0.17995989974937346,0.1187894567264485,state1,0.5105105105105106,0.35932419680560446,0.3112071696268108
B,0.17995989974937346,0.1187894567264485,state1,0.5205205205205206,0.35931629629417766,0.31012389975841204
B,0.17995989974937346,0.1187894567264485,state1,0.5305305305305306,0.3592900795703808,0.3090593841447747
B,0.17995989974937346,0.1187894567264485,state1,0.5405405405405406,0.3592461158918701,0.3080129704987631
B,0.17995989974937346,0.1187894567264485,state1,0.5505505505505506,0.3591849553391489,0.3069840275392745
B,0.17995989974937346,0.1187894567264485,state1,0.5605605605605606,0.35910712947235385,0.3059719443361632
B,0.17995989974937346,0.1187894567264485,state1,0.5705705705705706,0.3590131519658878,0.30497612967551363
B,0.17995989974937346,0.1187894567264485,state1,0.5805805805805806,0.3589035192216672,0.3039960114446558
B,0.17995989974937346,0.1187894567264485,state1,0.5905905905905906,0.35877871096172137,0.3030310360363326
B,0.17995989974937346,0.1187894567264485,state1,0.6006006006006006,0.35863919080085577,0.3020806677714459
B,0.17995989974937346,0.1187894567264485,state1,0.6106106106106106,0.3584854068000631,0.3011443883398228
B,0.17995989974937346,0.1187894567264485,state1,0.6206206206206206,0.3583177920013436,0.3002216962584612
B,0.17995989974937346,0.1187894567264485,state1,0.6306306306306306,0.3581367649445692,0.299312106346725
B,0.17995989974937346,0.1187894567264485,state1,0.6406406406406406,0.35794273016700506,0.2984151492179793
B,0.17995989974937346,0.1187894567264485,state1,0.6506506506506506,0.3577360786860792,0.2975303707871655
B,0.17995989974937346,0.1187894567264485,state1,0.6606606606606606,0.3575171884659694,0.29665733179383263
B,0.17995989974937346,0.1187894567264485,state1,0.6706706706706707,0.35728642486855683,0.2957956073401551
B,0.17995989974937346,0.1187894567264485,state1,0.6806806806806807,0.3570441410892756,0.29494478644347855
B,0.17995989974937346,0.1187894567264485,state1,0.6906906906906907,0.35679067857836966,0.294104471602951
B,0.17995989974937346,0.1187894567264485,state1,0.7007007007007007,0.3565263674480478,0.2932742783798061
B,0.17995989974937346,0.1187894567264485,state1,0.7107107107107107,0.35625152686601425,0.2924538349908808
B,0.17995989974937346,0.1187894567264485,state1,0.7207207207207207,0.3559664654358318,0.2916427819149592
B,0.17995989974937346,0.1187894567264485,state1,0.7307307307307307,0.3556714815645598,0.29084077151154725
B,0.17995989974937346,0.1187894567264485,state1,0.7407407407407407,0.3553668638180939,0.2900474676516947
B,0.17995989974937346,0.1187894567264485,state1,0.7507507507507507,0.3550528912646207,0.2892625453604899
B,0.17995989974937346,0.1187894567264485,state1,0.7607607607607607,0.35472983380658246,0.2884856904708671
B,0.17995989974937346,0.1187894567264485,state1,0.7707707707707707,0.3543979525015375,0.28771659928837257
B,0.17995989974937346,0.1187894567264485,state1,0.7807807807807807,0.35405749987228596,0.2869549782665495
B,0.17995989974937346,0.1187894567264485,state1,0.7907907907907907,0.3537087202066185,0.2862005436926096
B,0.17995989974937346,0.1187894567264485,state1,0.8008008008008007,0.3533518498470329,0.2854530213830693
B,0.17995989974937346,0.1187894567264485,state1,0.8108108108108109,0.35298711747075273,0.2847121463890394
B,0.17995989974937346,0.1187894567264485,state1,0.8208208208208209,0.3526147443603687,0.2839776627108632
B,0.17995989974937346,0.1187894567264485,state1,0.8308308308308309,0.3522349446654146,0.2832493230218108
B,0.17995989974937346,0.1187894567264485,state1,0.8408408408408409,0.351847925655177,0.2825268884005429
B,0.17995989974937346,0.1187894567264485,state1,0.8508508508508509,0.3514538879630293,0.28181012807206807
B,0.17995989974937346,0.1187894567264485,state1,0.8608608608608609,0.35105302582257003,0.28109881915692314
B,0.17995989974937346,0.1187894567264485,state1,0.8708708708708709,0.35064552729583504,0.2803927464283185
B,0.17995989974937346,0.1187894567264485,state1,0.8808808808808809,0.3502315744938456,0.27969170207699307
B,0.17995989974937346,0.1187894567264485,state1,0.8908908908908909,0.34981134378974454,0.278995485483535
B,0.17995989974937346,0.1187894567264485,state1,0.9009009009009009,0.3493850060247638,0.27830390299792973
B,0.17995989974937346,0.1187894567264485,state1,0.9109109109109109,0.3489527267072591,0.27761676772610483
B,0.17995989974937346,0.1187894567264485,state1,0.9209209209209209,0.3485146662050397,0.27693389932324747
B,0.17995989974937346,0.1187894567264485,state1,0.9309309309309309,0.34807097993121217,0.27625512379367845
B,0.17995989974937346,0.1187894567264485,state1,0.9409409409409409,0.34762181852375107,0.27558027329707113
B,0.17995989974937346,0.1187894567264485,state1,0.950950950950951,0.34716732801900185,0.2749091859608123
B,0.17995989974937346,0.1187894567264485,state1,0.960960960960961,0.3467076500193141,0.274241705698307
B,0.17995989974937346,0.1187894567264485,state1,0.970970970970971,0.3462429218549968,0.2735776820330351
B,0.17995989974937346,0.1187894567264485,state1,0.980980980980981,0.34577327674078046,0.27291696992817455
B,0.17995989974937346,0.1187894567264485,state1,0.990990990990991,0.3452988439269662,0.27225942962161065
B,0.17995989974937346,0.1187894567264485,state1,1.001001001001001,0.34481974884543326,0.2716049264661569
B,0.17995989974937346,0.1187894567264485,state1,1.011011011011011,0.34433611325067337,0.27095333077481876
B,0.17995989974937346,0.1187894567264485,state1,1.021021021021021,0.3438480553560127,0.2703045176709351
B,0.17995989974937346,0.1187894567264485,state1,1.031031031031031,0.3433556899651784,0.2696583669430402
B,0.17995989974937346,0.1187894567264485,state1,1.0410410410410411,0.34285912859935996,0.2690147629042907
B,0.17995989974937346,0.1187894567264485,state1,1.0510510510510511,0.34235847961991195,0.26837359425631
B,0.17995989974937346,0.1187894567264485,state1,1.0610610610610611,0.34185384834683863,0.2677347539573042
B,0.17995989974937346,0.1187894567264485,state1,1.0710710710710711,0.3413453371731974,0.26709813909431
B,0.17995989974937346,0.1187894567264485,state1,1.0810810810810811,0.34083304567555317,0.26646365075944023
B,0.17995989974937346,0.1187894567264485,state1,1.0910910910910911,0.34031707072060957,0.26583119392999366
B,0.17995989974937346,0.1187894567264485,state1,1.1011011011011012,0.3397975065681426,0.26520067735230346
B,0.17995989974937346,0.1187894567264485,state1,1.1111111111111112,0.33927444497035414,0.26457201342920067
B,0.17995989974937346,0.1187894567264485,state1,1.1211211211211212,0.33874797526776146,0.26394511811097293
B,0.17995989974937346,0.1187894567264485,state1,1.1311311311311312,0.33821818448173346,0.2633199107897039
B,0.17995989974937346,0.1187894567264485,state1,1.1411411411411412,0.3376851574037825,0.262696314196881
B,0.17995989974937346,0.1187894567264485,state1,1.1511511511511512,0.337148976681715,0.262074254304163
B,0.17995989974937346,0.1187894567264485,state1,1.1611611611611612,0.336609722902742,0.26145366022720296
B,0.17995989974937346,0.1187894567264485,state1,1.1711711711711712,0.3360674746736474,0.26083446413242567
B,0.17995989974937346,0.1187894567264485,state1,1.1811811811811812,0.33552230869810795,0.26021660114665957
B,0.17995989974937346,0.1187894567264485,state1,1.1911911911911912,0.3349742998512563,0.2596000092695303
B,0.17995989974937346,0.1187894567264485,state1,1.2012012012012012,0.3344235212515749,0.25898462928852223
B,0.17995989974937346,0.1187894567264485,state1,1.2112112112112112,0.33387004433020695,0.25837040469662
B,0.17995989974937346,0.1187894567264485,state1,1.2212212212212212,0.33331393889776634,0.2577572816124428
B,0.17995989974937346,0.1187894567264485,state1,1.2312312312312312,0.33275527320872633,0.2571452087027896
B,0.17995989974937346,0.1187894567264485,state1,1.2412412412412412,0.3321941140234652,0.2565341371075127
B,0.17995989974937346,0.1187894567264485,state1,1.2512512512512513,0.33163052666804227,0.25592402036664375
B,0.17995989974937346,0.1187894567264485,state1,1.2612612612612613,0.33106457509177784,0.2553148143496947
B,0.17995989974937346,0.1187894567264485,state1,1.2712712712712713,0.3304963219227066,0.25470647718706235
B,0.17995989974937346,0.1187894567264485,state1,1.2812812812812813,0.32992582852097224,0.25409896920346464
B,0.17995989974937346,0.1187894567264485,state1,1.2912912912912913,0.32935315503022855,0.2534922528533412
B,0.17995989974937346,0.1187894567264485,state1,1.3013013013013013,0.3287783604271118,0.252886292658152
B,0.17995989974937346,0.1187894567264485,state1,1.3113113113113113,0.32820150256884395,0.2522810551455094
B,0.17995989974937346,0.1187894567264485,state1,1.3213213213213213,0.3276226382390276,0.2516765087900835
B,0.17995989974937346,0.1187894567264485,state1,1.3313313313313313,0.32704182319168973,0.2510726239562195
B,0.17995989974937346,0.1187894567264485,state1,1.3413413413413413,0.32645911219363016,0.25046937284220994
B,0.17995989974937346,0.1187894567264485,state1,1.3513513513513513,0.3258745590651284,0.24986672942616708
B,0.17995989974937346,0.1187894567264485,state1,1.3613613613613613,0.32528821671906166,0.24926466941343917
B,0.17995989974937346,0.1187894567264485,state1,1.3713713713713713,0.32470013719848406,0.24866317018552148
B,0.17995989974937346,0.1187894567264485,state1,1.3813813813813813,0.32411037171271656,0.24806221075040913
B,0.17995989974937346,0.1187894567264485,state1,1.3913913913913913,0.32351897067199525,0.24746177169434466
B,0.17995989974937346,0.1187894567264485,state1,1.4014014014014013,0.32292598372072284,0.24686183513491314
B,0.17995989974937346,0.1187894567264485,state1,1.4114114114114114,0.32233145976936955,0.2462623846754389
B,0.17995989974937346,0.1187894567264485,state1,1.4214214214214214,0.3217354470250656,0.24566340536064046
B,0.17995989974937346,0.1187894567264485,state1,1.4314314314314314,0.32113799302092694,0.2450648836335018
B,0.17995989974937346,0.1187894567264485,state1,1.4414414414414414,0.3205391446441555,0.2444668072933178
B,0.17995989974937346,0.1187894567264485,state1,1.4514514514514514,0.319938948162953,0.24386916545487625
B,0.17995989974937346,0.1187894567264485,state1,1.4614614614614614,0.3193374492522857,0.24327194850873635
B,0.17995989974937346,0.1187894567264485,state1,1.4714714714714714,0.3187346930185384,0.24267514808256868
B,0.17995989974937346,0.1187894567264485,state1,1.4814814814814814,0.3181307240230919,0.24207875700352002
B,0.17995989974937346,0.1187894567264485,state1,1.4914914914914914,0.31752558630486005,0.24148276926156959
B,0.17995989974937346,0.1187894567264485,state1,1.5015015015015014,0.3169193234018189,0.24088717997384287
B,0.17995989974937346,0.1187894567264485,state1,1.5115115115115114,0.31631197837156133,0.24029198534985213
B,0.17995989974937346,0.1187894567264485,state1,1.5215215215215214,0.3157035938109083,0.23969718265763174
B,0.17995989974937346,0.1187894567264485,state1,1.5315315315315314,0.31509421187460795,0.2391027701907403
B,0.17995989974937346,0.1187894567264485,state1,1.5415415415415414,0.3144838742931517,0.23850874723609888
B,0.17995989974937346,0.1187894567264485,state1,1.5515515515515514,0.3138726223897369,0.23791511404264018
B,0.17995989974937346,0.1187894567264485,state1,1.5615615615615615,0.3132604970964033,0.23732187179073969
B,0.17995989974937346,0.1187894567264485,state1,1.5715715715715715,0.3126475389693713,0.2367290225624057
B,0.17995989974937346,0.1187894567264485,state1,1.5815815815815815,0.31203378820360833,0.23613656931220114
B,0.17995989974937346,0.1187894567264485,state1,1.5915915915915915,0.31141928464664775,0.23554451583887556
B,0.17995989974937346,0.1187894567264485,state1,1.6016016016016015,0.3108040678116874,0.2349528667576828
B,0.17995989974937346,0.1187894567264485,state1,1.6116116116116117,0.31018817688998973,0.2343616274733634
B,0.17995989974937346,0.1187894567264485,state1,1.6216216216216217,0.30957165076260834,0.23377080415376977
B,0.17995989974937346,0.1187894567264485,state1,1.6316316316316317,0.3089545280114632,0.2331804037041145
B,0.17995989974937346,0.1187894567264485,state1,1.6416416416416417,0.30833684692978724,0.2325904337418212
B,0.17995989974937346,0.1187894567264485,state1,1.6516516516516517,0.30771864553196465,0.23200090257195985
B,0.17995989974937346,0.1187894567264485,state1,1.6616616616616617,0.3070999615627828,0.23141181916324796
B,0.17995989974937346,0.1187894567264485,state1,1.6716716716716717,0.3064808325061182,0.23082319312459987
B,0.17995989974937346,0.1187894567264485,state1,1.6816816816816818,0.30586129559307546,0.23023503468220827
B,0.17995989974937346,0.1187894567264485,state1,1.6916916916916918,0.3052413878095985,0.22964735465714042
B,0.17995989974937346,0.1187894567264485,state1,1.7017017017017018,0.3046211459035734,0.22906016444343466
B,0.17995989974937346,0.1187894567264485,state1,1.7117117117117118,0.3040006063914408,0.22847347598668177
B,0.17995989974937346,0.1187894567264485,state1,1.7217217217217218,0.30337980556433375,0.22788730176307656
B,0.17995989974937346,0.1187894567264485,state1,1.7317317317317318,0.3027587794937619,0.2273016547589265
B,0.17995989974937346,0.1187894567264485,state1,1.7417417417417418,0.3021375640368542,0.22671654845060366
B,0.17995989974937346,0.1187894567264485,state1,1.7517517517517518,0.30151619484117975,0.22613199678492732
B,0.17995989974937346,0.1187894567264485,state1,1.7617617617617618,0.300894707349161,0.22554801415996498
B,0.17995989974937346,0.1187894567264485,state1,1.7717717717717718,0.30027313680209483,0.2249646154062407
B,0.17995989974937346,0.1187894567264485,state1,1.7817817817817818,0.29965151824379666,0.22438181576833796
B,0.17995989974937346,0.1187894567264485,state1,1.7917917917917918,0.29902988652388207,0.22379963088688823
B,0.17995989974937346,0.1187894567264485,state1,1.8018018018018018,0.2984082763006995,0.2232180767809331
B,0.17995989974937346,0.1187894567264485,state1,1.8118118118118118,0.29778672204392903,0.22263716983065138
B,0.17995989974937346,0.1187894567264485,state1,1.8218218218218218,0.29716525803685906,0.22205692676044064
B,0.17995989974937346,0.1187894567264485,state1,1.8318318318318318,0.2965439183783552,0.22147736462234466
B,0.17995989974937346,0.1187894567264485,state1,1.8418418418418419,0.2959227369845331,0.22089850077981826
B,0.17995989974937346,0.1187894567264485,state1,1.8518518518518519,0.2953017475901483,0.22032035289182003
B,0.17995989974937346,0.1187894567264485,state1,1.8618618618618619,0.29468098374971485,0.2197429388972262
B,0.17995989974937346,0.1187894567264485,state1,1.8718718718718719,0.294060478838364,0.2191662769995573
B,0.17995989974937346,0.1187894567264485,state1,1.8818818818818819,0.2934402660524547,0.21859038565201014
B,0.17995989974937346,0.1187894567264485,state1,1.8918918918918919,0.29282037840994746,0.21801528354278876
B,0.17995989974937346,0.1187894567264485,state1,1.901901901901902,0.2922008487505513,0.21744098958072658
B,0.17995989974937346,0.1187894567264485,state1,1.911911911911912,0.2915817097356551,0.2168675228811943
B,0.17995989974937346,0.1187894567264485,state1,1.921921921921922,0.29096299384805346,0.2162949027522868
B,0.17995989974937346,0.1187894567264485,state1,1.931931931931932,0.2903447333914767,0.21572314868128314
B,0.17995989974937346,0.1187894567264485,state1,1.941941941941942,0.2897269604899352,0.21515228032137435
B,0.17995989974937346,0.1187894567264485,state1,1.951951951951952,0.28910970708688694,0.21458231747865314
B,0.17995989974937346,0.1187894567264485,state1,1.961961961961962,0.2884930049442381,0.21401328009936121
B,0.17995989974937346,0.1187894567264485,state1,1.971971971971972,0.28787688564118485,0.21344518825738787
B,0.17995989974937346,0.1187894567264485,state1,1.981981981981982,0.2872613805729063,0.21287806214201657
B,0.17995989974937346,0.1187894567264485,state1,1.991991991991992,0.28664652094911536,0.21231192204591426
B,0.17995989974937346,0.1187894567264485,state1,2.002002002002002,0.2860323377924775,0.211746788353359
B,0.17995989974937346,0.1187894567264485,state1,2.012012012012012,0.2854188619369044,0.21118268152870234
B,0.17995989974937346,0.1187894567264485,state1,2.022022022022022,0.2848061240257305,0.2106196221050621
B,0.17995989974937346,0.1187894567264485,state1,2.032032032032032,0.2841941545097803,0.21005763067324165
B,0.17995989974937346,0.1187894567264485,state1,2.042042042042042,0.28358298364533385,0.2094967278708727
B,0.17995989974937346,0.1187894567264485,state1,2.052052052052052,0.28297264149199713,0.20893693437177766
B,0.17995989974937346,0.1187894567264485,state1,2.062062062062062,0.28236315791048494,0.20837827087554792
B,0.17995989974937346,0.1187894567264485,state1,2.0720720720720722,0.28175456256032305,0.20782075809733638
B,0.17995989974937346,0.1187894567264485,state1,2.0820820820820822,0.2811468848974755,0.20726441675785923
B,0.17995989974937346,0.1187894567264485,state1,2.0920920920920922,0.28054015417190453,0.20670926757360555
B,0.17995989974937346,0.1187894567264485,state1,2.1021021021021022,0.2799343994250692,0.20615533124725147
B,0.17995989974937346,0.1187894567264485,state1,2.1121121121121122,0.2793296494873676,0.20560262845827632
B,0.17995989974937346,0.1187894567264485,state1,2.1221221221221223,0.2787259329755307,0.2050511798537779
B,0.17995989974937346,0.1187894567264485,state1,2.1321321321321323,0.27812327828997163,0.20450100603948518
B,0.17995989974937346,0.1187894567264485,state1,2.1421421421421423,0.27752171361209693,0.20395212757096512
B,0.17995989974937346,0.1187894567264485,state1,2.1521521521521523,0.2769212669015851,0.2034045649450223
B,0.17995989974937346,0.1187894567264485,state1,2.1621621621621623,0.27632196589363794,0.2028583385912886
B,0.17995989974937346,0.1187894567264485,state1,2.1721721721721723,0.2757238380962087,0.202313468864001
B,0.17995989974937346,0.1187894567264485,state1,2.1821821821821823,0.27512691078721374,0.20176997603396574
B,0.17995989974937346,0.1187894567264485,state1,2.1921921921921923,0.2745312110117308,0.2012278802807064
B,0.17995989974937346,0.1187894567264485,state1,2.2022022022022023,0.27393676557918956,0.2006872016847947
B,0.17995989974937346,0.1187894567264485,state1,2.2122122122122123,0.2733436010605588,0.20014796022036152
B,0.17995989974937346,0.1187894567264485,state1,2.2222222222222223,0.2727517437855344,0.19961017574778714
B,0.17995989974937346,0.1187894567264485,state1,2.2322322322322323,0.2721612198397322,0.19907386800656815
B,0.17995989974937346,0.1187894567264485,state1,2.2422422422422423,0.2715720550618902,0.19853905660836027
B,0.17995989974937346,0.1187894567264485,state1,2.2522522522522523,0.27098427504108397,0.1980057610301949
B,0.17995989974937346,0.1187894567264485,state1,2.2622622622622623,0.27039790511395895,0.19747400060786796
B,0.17995989974937346,0.1187894567264485,state1,2.2722722722722724,0.2698129703619833,0.19694379452949967
B,0.17995989974937346,0.1187894567264485,state1,2.2822822822822824,0.26922949560872483,0.19641516182926366
B,0.17995989974937346,0.1187894567264485,state1,2.2922922922922924,0.2686475054171556,0.19588812138128395
B,0.17995989974937346,0.1187894567264485,state1,2.3023023023023024,0.2680670240869877,0.19536269189369843
B,0.17995989974937346,0.1187894567264485,state1,2.3123123123123124,0.26748807565204247,0.1948388919028875
B,0.17995989974937346,0.1187894567264485,state1,2.3223223223223224,0.2669106838776575,0.19431673976786626
B,0.17995989974937346,0.1187894567264485,state1,2.3323323323323324,0.26633487225813285,0.1937962536648392
B,0.17995989974937346,0.1187894567264485,state1,2.3423423423423424,0.2657606640142212,0.19327745158191587
B,0.17995989974937346,0.1187894567264485,state1,2.3523523523523524,0.26518808209066264,0.19276035131398617
B,0.17995989974937346,0.1187894567264485,state1,2.3623623623623624,0.26461714915376777,0.19224497045775416
B,0.17995989974937346,0.1187894567264485,state1,2.3723723723723724,0.2640478875890519,0.19173132640692875
B,0.17995989974937346,0.1187894567264485,state1,2.3823823823823824,0.2634803194989219,0.19121943634757033
B,0.17995989974937346,0.1187894567264485,state1,2.3923923923923924,0.262914466700418,0.19070931725359194
B,0.17995989974937346,0.1187894567264485,state1,2.4024024024024024,0.2623503507230133,0.19020098588241324
B,0.17995989974937346,0.1187894567264485,state1,2.4124124124124124,0.26178799280647286,0.1896944587707669
B,0.17995989974937346,0.1187894567264485,state1,2.4224224224224224,0.26122741389877374,0.18918975223065526
B,0.17995989974937346,0.1187894567264485,state1,2.4324324324324325,0.2606686346540884,0.1886868823454565
B,0.17995989974937346,0.1187894567264485,state1,2.4424424424424425,0.2601116754308334,0.18818586496617856
B,0.17995989974937346,0.1187894567264485,state1,2.4524524524524525,0.25955655628978397,0.18768671570786022
B,0.17995989974937346,0.1187894567264485,state1,2.4624624624624625,0.25900329699225716,0.18718944994611725
B,0.17995989974937346,0.1187894567264485,state1,2.4724724724724725,0.25845191699836456,0.18669408281383276
B,0.17995989974937346,0.1187894567264485,state1,2.4824824824824825,0.25790243546533603,0.18620062919799044
B,0.17995989974937346,0.1187894567264485,state1,2.4924924924924925,0.257354871245915,0.185709103736649
B,0.17995989974937346,0.1187894567264485,state1,2.5025025025025025,0.2568092428868282,0.18521952081605714
B,0.17995989974937346,0.1187894567264485,state1,2.5125125125125125,0.2562655686273287,0.18473189456790673
B,0.17995989974937346,0.1187894567264485,state1,2.5225225225225225,0.25572386639781536,0.18424623886672387
B,0.17995989974937346,0.1187894567264485,state1,2.5325325325325325,0.25518415381852777,0.1837625673273956
B,0.17995989974937346,0.1187894567264485,state1,2.5425425425425425,0.2546464481983196,0.18328089330283143
B,0.17995989974937346,0.1187894567264485,state1,2.5525525525525525,0.25411076653350845,0.18280122988175793
B,0.17995989974937346,0.1187894567264485,state1,2.5625625625625625,0.25357712550680533,0.18232358988664513
B,0.17995989974937346,0.1187894567264485,state1,2.5725725725725725,0.2530455414863232,0.18184798587176332
B,0.17995989974937346,0.1187894567264485,state1,2.5825825825825826,0.2525160305246647,0.18137443012136864
B,0.17995989974937346,0.1187894567264485,state1,2.5925925925925926,0.25198860835809117,0.18090293464801604
B,0.17995989974937346,0.1187894567264485,state1,2.6026026026026026,0.2514632904057707,0.18043351119099826
B,0.17995989974937346,0.1187894567264485,state1,2.6126126126126126,0.25094009176910825,0.17996617121490915
B,0.17995989974937346,0.1187894567264485,state1,2.6226226226226226,0.25041902723115644,0.17950092590832983
B,0.17995989974937346,0.1187894567264485,state1,2.6326326326326326,0.24990011125610725,0.17903778618263644
B,0.17995989974937346,0.1187894567264485,state1,2.6426426426426426,0.24938335798886552,0.17857676267092717
B,0.17995989974937346,0.1187894567264485,state1,2.6526526526526526,0.2488687812547032,0.1781178657270682
B,0.17995989974937346,0.1187894567264485,state1,2.6626626626626626,0.24835639455899547,0.17766110542485566
B,0.17995989974937346,0.1187894567264485,state1,2.6726726726726726,0.24784621108703775,0.17720649155729298
B,0.17995989974937346,0.1187894567264485,state1,2.6826826826826826,0.2473382437039435,0.1767540336359816
B,0.17995989974937346,0.1187894567264485,state1,2.6926926926926926,0.24683250495462336,0.17630374089062328
B,0.17995989974937346,0.1187894567264485,state1,2.7027027027027026,0.24632900706384414,0.17585562226863283
B,0.17995989974937346,0.1187894567264485,state1,2.7127127127127126,0.24582776193636854,0.17540968643485896
B,0.17995989974937346,0.1187894567264485,state1,2.7227227227227226,0.24532878115717424,0.17496594177141234
B,0.17995989974937346,0.1187894567264485,state1,2.7327327327327327,0.24483207599175258,0.17452439637759826
B,0.17995989974937346,0.1187894567264485,state1,2.7427427427427427,0.2443376573864859,0.17408505806995317
B,0.17995989974937346,0.1187894567264485,state1,2.7527527527527527,0.24384553596910322,0.17364793438238246
B,0.17995989974937346,0.1187894567264485,state1,2.7627627627627627,0.24335572204921363,0.17321303256639847
B,0.17995989974937346,0.1187894567264485,state1,2.7727727727727727,0.24286822561891652,0.17278035959145643
B,0.17995989974937346,0.1187894567264485,state1,2.7827827827827827,0.24238305635348867,0.17234992214538722
B,0.17995989974937346,0.1187894567264485,state1,2.7927927927927927,0.24190022361214614,0.17192172663492428
B,0.17995989974937346,0.1187894567264485,state1,2.8028028028028027,0.2414197364388819,0.1714957791863239
B,0.17995989974937346,0.1187894567264485,state1,2.8128128128128127,0.24094160356337677,0.1710720856460761
B,0.17995989974937346,0.1187894567264485,state1,2.8228228228228227,0.24046583340198396,0.17065065158170545
B,0.17995989974937346,0.1187894567264485,state1,2.8328328328328327,0.23999243405878576,0.17023148228265877
B,0.17995989974937346,0.1187894567264485,state1,2.8428428428428427,0.23952141332672133,0.16981458276127886
B,0.17995989974937346,0.1187894567264485,state1,2.8528528528528527,0.23905277868878552,0.1693999577538621
B,0.17995989974937346,0.1187894567264485,state1,2.8628628628628627,0.23858653731929635,0.16898761172179783
B,0.17995989974937346,0.1187894567264485,state1,2.8728728728728727,0.23812269608523143,0.1685775488527883
B,0.17995989974937346,0.1187894567264485,state1,2.8828828828828827,0.23766126154763118,0.16816977306214684
B,0.17995989974937346,0.1187894567264485,state1,2.8928928928928928,0.2372022399630687,0.16776428799417242
B,0.17995989974937346,0.1187894567264485,state1,2.9029029029029028,0.2367456372851846,0.16736109702359928
B,0.17995989974937346,0.1187894567264485,state1,2.9129129129129128,0.2362914591662856,0.166960203257119
B,0.17995989974937346,0.1187894567264485,state1,2.9229229229229228,0.23583971095900627,0.16656160953497398
B,0.17995989974937346,0.1187894567264485,state1,2.932932932932933,0.23539039771803197,0.16616531843261984
B,0.17995989974937346,0.1187894567264485,state1,2.942942942942943,0.23494352420188253,0.1657713322624552
B,0.17995989974937346,0.1187894567264485,state1,2.952952952952953,0.23449909487475498,0.16537965307561714
B,0.17995989974937346,0.1187894567264485,state1,2.962962962962963,0.23405711390842404,0.1649902826638399
B,0.17995989974937346,0.1187894567264485,state1,2.972972972972973,0.23361758518419956,0.16460322256137597
B,0.17995989974937346,0.1187894567264485,state1,2.982982982982983,0.2331805122949388,0.1642184740469765
B,0.17995989974937346,0.1187894567264485,state1,2.992992992992993,0.23274589854711353,0.16383603814593062
B,0.17995989974937346,0.1187894567264485,state1,3.003003003003003,0.23231374696292884,0.16345591563216025
B,0.17995989974937346,0.1187894567264485,state1,3.013013013013013,0.2318840602824946,0.16307810703037012
B,0.17995989974937346,0.1187894567264485,state1,3.023023023023023,0.2314568409660456,0.16270261261825011
B,0.17995989974937346,0.1187894567264485,state1,3.033033033033033,0.23103209119621165,0.1623294324287286
B,0.17995989974937346,0.1187894567264485,state1,3.043043043043043,0.23060981288033439,0.16195856625227498
B,0.17995989974937346,0.1187894567264485,state1,3.053053053053053,0.23019000765282974,0.16159001363924924
B,0.17995989974937346,0.1187894567264485,state1,3.063063063063063,0.22977267687759612,0.16122377390229745
B,0.17995989974937346,0.1187894567264485,state1,3.073073073073073,0.22935782165046456,0.1608598461187907
B,0.17995989974937346,0.1187894567264485,state1,3.083083083083083,0.2289454428016916,0.16049822913330627
B,0.17995989974937346,0.1187894567264485,state1,3.093093093093093,0.22853554089849212,0.16013892156014886
B,0.17995989974937346,0.1187894567264485,state1,3.103103103103103,0.22812811624761148,0.15978192178591064
B,0.17995989974937346,0.1187894567264485,state1,3.113113113113113,0.22772316889793526,0.15942722797206782
B,0.17995989974937346,0.1187894567264485,state1,3.123123123123123,0.2273206986431352,0.15907483805761274
B,0.17995989974937346,0.1187894567264485,state1,3.133133133133133,0.22692070502435002,0.15872474976171896
B,0.17995989974937346,0.1187894567264485,state1,3.143143143143143,0.2265231873328999,0.15837696058643846
B,0.17995989974937346,0.1187894567264485,state1,3.153153153153153,0.22612814461303263,0.15803146781942873
B,0.17995989974937346,0.1187894567264485,state1,3.163163163163163,0.225735575664701,0.1576882685367085
B,0.17995989974937346,0.1187894567264485,state1,3.173173173173173,0.22534547904636915,0.1573473596054403
B,0.17995989974937346,0.1187894567264485,state1,3.183183183183183,0.2249578530778468,0.15700873768673806
B,0.17995989974937346,0.1187894567264485,state1,3.193193193193193,0.2245726958431502,0.15667239923849868
B,0.17995989974937346,0.1187894567264485,state1,3.203203203203203,0.22419000519338858,0.15633834051825543
B,0.17995989974937346,0.1187894567264485,state1,3.2132132132132134,0.2238097787496735,0.1560065575860521
B,0.17995989974937346,0.1187894567264485,state1,3.2232232232232234,0.2234320139060519,0.15567704630733606
B,0.17995989974937346,0.1187894567264485,state1,3.2332332332332334,0.2230567078324593,0.15534980235586873
B,0.17995989974937346,0.1187894567264485,state1,3.2432432432432434,0.22268385747769318,0.15502482121665234
B,0.17995989974937346,0.1187894567264485,state1,3.2532532532532534,0.22231345957240534,0.15470209818887098
B,0.17995989974937346,0.1187894567264485,state1,3.2632632632632634,0.22194551063211024,0.15438162838884492
B,0.17995989974937346,0.1187894567264485,state1,3.2732732732732734,0.22158000696021063,0.15406340675299648
B,0.17995989974937346,0.1187894567264485,state1,3.2832832832832834,0.22121694465103664,0.15374742804082644
B,0.17995989974937346,0.1187894567264485,state1,3.2932932932932935,0.22085631959289886,0.15343368683789907
B,0.17995989974937346,0.1187894567264485,state1,3.3033033033033035,0.22049812747115322,0.15312217755883478
B,0.17995989974937346,0.1187894567264485,state1,3.3133133133133135,0.2201423637712768,0.1528128944503092
B,0.17995989974937346,0.1187894567264485,state1,3.3233233233233235,0.21978902378195292,0.1525058315940569
B,0.17995989974937346,0.1187894567264485,state1,3.3333333333333335,0.21943810259816515,0.15220098290987888
B,0.17995989974937346,0.1187894567264485,state1,3.3433433433433435,0.21908959512429813,0.15189834215865253
B,0.17995989974937346,0.1187894567264485,state1,3.3533533533533535,0.2187434960772441,0.1515979029453424
B,0.17995989974937346,0.1187894567264485,state1,3.3633633633633635,0.21839979998951511,0.15129965872201126
B,0.17995989974937346,0.1187894567264485,state1,3.3733733733733735,0.21805850121235792,0.15100360279082967
B,0.17995989974937346,0.1187894567264485,state1,3.3833833833833835,0.21771959391887213,0.15070972830708318
B,0.17995989974937346,0.1187894567264485,state1,3.3933933933933935,0.21738307210712923,0.15041802828217604
B,0.17995989974937346,0.1187894567264485,state1,3.4034034034034035,0.21704892960329264,0.15012849558663002
B,0.17995989974937346,0.1187894567264485,state1,3.4134134134134135,0.2167171600647362,0.14984112295307775
B,0.17995989974937346,0.1187894567264485,state1,3.4234234234234235,0.2163877569831613,0.1495559029792491
B,0.17995989974937346,0.1187894567264485,state1,3.4334334334334335,0.21606071368771126,0.14927282813094958
B,0.17995989974937346,0.1187894567264485,state1,3.4434434434434436,0.2157360233480814,0.14899189074503016
B,0.17995989974937346,0.1187894567264485,state1,3.4534534534534536,0.21541367897762467,0.14871308303234693
B,0.17995989974937346,0.1187894567264485,state1,3.4634634634634636,0.21509367343645114,0.14843639708071016
B,0.17995989974937346,0.1187894567264485,state1,3.4734734734734736,0.21477599943452066,0.14816182485782145
B,0.17995989974937346,0.1187894567264485,state1,3.4834834834834836,0.21446064953472813,0.1478893582141984
B,0.17995989974937346,0.1187894567264485,state1,3.4934934934934936,0.21414761615597935,0.1476189888860856
B,0.17995989974937346,0.1187894567264485,state1,3.5035035035035036,0.21383689157625824,0.14735070849835127
B,0.17995989974937346,0.1187894567264485,state1,3.5135135135135136,0.21352846793568253,0.1470845085673686
B,0.17995989974937346,0.1187894567264485,state1,3.5235235235235236,0.21322233723954911,0.1468203805038812
B,0.17995989974937346,0.1187894567264485,state1,3.5335335335335336,0.21291849136136645,0.14655831561585153
B,0.17995989974937346,0.1187894567264485,state1,3.5435435435435436,0.21261692204587446,0.14629830511129205
B,0.17995989974937346,0.1187894567264485,state1,3.5535535535535536,0.21231762091205048,0.1460403401010775
B,0.17995989974937346,0.1187894567264485,state1,3.5635635635635636,0.21202057945610048,0.14578441160173897
B,0.17995989974937346,0.1187894567264485,state1,3.5735735735735736,0.21172578905443534,0.14553051053823735
B,0.17995989974937346,0.1187894567264485,state1,3.5835835835835836,0.2114332409666306,0.1452786277467172
B,0.17995989974937346,0.1187894567264485,state1,3.5935935935935936,0.21114292633836995,0.14502875397723916
B,0.17995989974937346,0.1187894567264485,state1,3.6036036036036037,0.21085483620437073,0.1447808798964909
B,0.17995989974937346,0.1187894567264485,state1,3.6136136136136137,0.21056896149129178,0.14453499609047582
B,0.17995989974937346,0.1187894567264485,state1,3.6236236236236237,0.21028529302062215,0.144291093067179
B,0.17995989974937346,0.1187894567264485,state1,3.6336336336336337,0.2100038215115506,0.14404916125920986
B,0.17995989974937346,0.1187894567264485,state1,3.6436436436436437,0.2097245375838148,0.14380919102642112
B,0.17995989974937346,0.1187894567264485,state1,3.6536536536536537,0.20944743176053046,0.14357117265850303
B,0.17995989974937346,0.1187894567264485,state1,3.6636636636636637,0.20917249447099864,0.14333509637755337
B,0.17995989974937346,0.1187894567264485,state1,3.6736736736736737,0.2088997160534915,0.14310095234062178
B,0.17995989974937346,0.1187894567264485,state1,3.6836836836836837,0.2086290867580163,0.1428687306422286
B,0.17995989974937346,0.1187894567264485,state1,3.6936936936936937,0.20836059674905585,0.1426384213168576
B,0.17995989974937346,0.1187894567264485,state1,3.7037037037037037,0.20809423610828626,0.14241001434142228
B,0.17995989974937346,0.1187894567264485,state1,3.7137137137137137,0.2078299948372705,0.14218349963770524
B,0.17995989974937346,0.1187894567264485,state1,3.7237237237237237,0.20756786286012857,0.14195886707477057
B,0.17995989974937346,0.1187894567264485,state1,3.7337337337337337,0.20730783002618194,0.1417361064713485
B,0.17995989974937346,0.1187894567264485,state1,3.7437437437437437,0.20704988611257397,0.14151520759819256
B,0.17995989974937346,0.1187894567264485,state1,3.7537537537537538,0.20679402082686435,0.1412961601804084
B,0.17995989974937346,0.1187894567264485,state1,3.7637637637637638,0.20654022380959805,0.14107895389975428
B,0.17995989974937346,0.1187894567264485,state1,3.7737737737737738,0.20628848463684785,0.14086357839691327
B,0.17995989974937346,0.1187894567264485,state1,3.7837837837837838,0.20603879282273066,0.14065002327373635
B,0.17995989974937346,0.1187894567264485,state1,3.793793793793794,0.20579113782189706,0.14043827809545653
B,0.17995989974937346,0.1187894567264485,state1,3.803803803803804,0.20554550903199345,0.14022833239287383
B,0.17995989974937346,0.1187894567264485,state1,3.813813813813814,0.20530189579609703,0.14002017566451094
B,0.17995989974937346,0.1187894567264485,state1,3.823823823823824,0.2050602874051234,0.13981379737873928
B,0.17995989974937346,0.1187894567264485,state1,3.833833833833834,0.20482067310020563,0.13960918697587538
B,0.17995989974937346,0.1187894567264485,state1,3.843843843843844,0.20458304207504596,0.1394063338702475
B,0.17995989974937346,0.1187894567264485,state1,3.853853853853854,0.20434738347823855,0.13920522745223238
B,0.17995989974937346,0.1187894567264485,state1,3.863863863863864,0.20411368641556416,0.13900585709026203
B,0.17995989974937346,0.1187894567264485,state1,3.873873873873874,0.20388193995225576,0.1388082121328004
B,0.17995989974937346,0.1187894567264485,state1,3.883883883883884,0.20365213311523564,0.13861228191029007
B,0.17995989974937346,0.1187894567264485,state1,3.893893893893894,0.2034242548953231,0.13841805573706867
B,0.17995989974937346,0.1187894567264485,state1,3.903903903903904,0.20319829424941338,0.1382255229132552
B,0.17995989974937346,0.1187894567264485,state1,3.913913913913914,0.20297424010262696,0.13803467272660622
B,0.17995989974937346,0.1187894567264485,state1,3.923923923923924,0.2027520813504297,0.13784549445434174
B,0.17995989974937346,0.1187894567264485,state1,3.933933933933934,0.20253180686072353,0.13765797736494104
B,0.17995989974937346,0.1187894567264485,state1,3.943943943943944,0.20231340547590732,0.13747211071990825
B,0.17995989974937346,0.1187894567264485,state1,3.953953953953954,0.20209686601490848,0.13728788377550805
B,0.17995989974937346,0.1187894567264485,state1,3.963963963963964,0.2018821772751847,0.13710528578447104
B,0.17995989974937346,0.1187894567264485,state1,3.973973973973974,0.201669328034696,0.13692430599766933
B,0.17995989974937346,0.1187894567264485,state1,3.983983983983984,0.20145830705384712,0.13674493366576224
B,0.17995989974937346,0.1187894567264485,state1,3.993993993993994,0.20124910307740018,0.13656715804081193
B,0.17995989974937346,0.1187894567264485,state1,4.004004004004004,0.20104170483635742,0.13639096837786974
B,0.17995989974937346,0.1187894567264485,state1,4.014014014014014,0.2008361010498147,0.13621635393653247
B,0.17995989974937346,0.1187894567264485,state1,4.024024024024024,0.20063228042678458,0.13604330398246955
B,0.17995989974937346,0.1187894567264485,state1,4.034034034034034,0.2004302316679905,0.13587180778892066
B,0.17995989974937346,0.1187894567264485,state1,4.044044044044044,0.20022994346763082,0.13570185463816412
B,0.17995989974937346,0.1187894567264485,state1,4.054054054054054,0.2000314045151135,0.1355334338229563
B,0.17995989974937346,0.1187894567264485,state1,4.064064064064064,0.19983460349676133,0.13536653464794207
B,0.17995989974937346,0.1187894567264485,state1,4.074074074074074,0.19963952909748767,0.13520114643103653
B,0.17995989974937346,0.1187894567264485,state1,4.084084084084084,0.19944617000244302,0.13503725850477824
B,0.17995989974937346,0.1187894567264485,state1,4.094094094094094,0.19925451489863213,0.13487486021765377
B,0.17995989974937346,0.1187894567264485,state1,4.104104104104104,0.1990645524765023,0.13471394093539446
B,0.17995989974937346,0.1187894567264485,state1,4.114114114114114,0.1988762714315023,0.13455449004224496
B,0.17995989974937346,0.1187894567264485,state1,4.124124124124124,0.19868966046561307,0.13439649694220387
B,0.17995989974937346,0.1187894567264485,state1,4.134134134134134,0.19850470828884875,0.1342399510602371
B,0.17995989974937346,0.1187894567264485,state1,4.1441441441441444,0.1983214036207301,0.1340848418434635
B,0.17995989974937346,0.1187894567264485,state1,4.1541541541541545,0.19813973519172884,0.13393115876231373
B,0.17995989974937346,0.1187894567264485,state1,4.1641641641641645,0.19795969174468386,0.1337788913116619
B,0.17995989974937346,0.1187894567264485,state1,4.1741741741741745,0.19778126203618943,0.13362802901193063
B,0.17995989974937346,0.1187894567264485,state1,4.1841841841841845,0.19760443483795537,0.1334785614101697
B,0.17995989974937346,0.1187894567264485,state1,4.1941941941941945,0.19742919893813954,0.13333047808110857
B,0.17995989974937346,0.1187894567264485,state1,4.2042042042042045,0.19725554314265253,0.1331837686281828
B,0.17995989974937346,0.1187894567264485,state1,4.2142142142142145,0.19708345627643528,0.13303842268453492
B,0.17995989974937346,0.1187894567264485,state1,4.2242242242242245,0.19691292718470926,0.13289442991398973
B,0.17995989974937346,0.1187894567264485,state1,4.2342342342342345,0.1967439447341998,0.13275178001200458
B,0.17995989974937346,0.1187894567264485,state1,4.2442442442442445,0.19657649781433262,0.13261046270659463
B,0.17995989974937346,0.1187894567264485,state1,4.2542542542542545,0.1964105753384037,0.13247046775923357
B,0.17995989974937346,0.1187894567264485,state1,4.2642642642642645,0.19624616624472296,0.13233178496572992
B,0.17995989974937346,0.1187894567264485,state1,4.2742742742742745,0.19608325949773175,0.13219440415707914
B,0.17995989974937346,0.1187894567264485,state1,4.2842842842842845,0.1959218440890944,0.1320583152002923
B,0.17995989974937346,0.1187894567264485,state1,4.2942942942942945,0.19576190903876425,0.13192350799920075
B,0.17995989974937346,0.1187894567264485,state1,4.3043043043043046,0.19560344339602417,0.1317899724952379
B,0.17995989974937346,0.1187894567264485,state1,4.314314314314315,0.19544643624050184,0.13165769866819788
B,0.17995989974937346,0.1187894567264485,state1,4.324324324324325,0.19529087668316022,0.1315266765369716
B,0.17995989974937346,0.1187894567264485,state1,4.334334334334335,0.19513675386726345,0.13139689616026035
B,0.17995989974937346,0.1187894567264485,state1,4.344344344344345,0.19498405696931792,0.13126834763726747
B,0.17995989974937346,0.1187894567264485,state1,4.354354354354355,0.19483277519998957,0.1311410211083681
B,0.17995989974937346,0.1187894567264485,state1,4.364364364364365,0.19468289780499715,0.1310149067557573
B,0.17995989974937346,0.1187894567264485,state1,4.374374374374375,0.19453441406598163,0.1308899948040774
B,0.17995989974937346,0.1187894567264485,state1,4.384384384384385,0.19438731330135262,0.13076627552102385
B,0.17995989974937346,0.1187894567264485,state1,4.394394394394395,0.1942415848671112,0.13064373921793102
B,0.17995989974937346,0.1187894567264485,state1,4.404404404404405,0.1940972181576503,0.13052237625033722
B,0.17995989974937346,0.1187894567264485,state1,4.414414414414415,0.1939542026065322,0.13040217701852996
B,0.17995989974937346,0.1187894567264485,state1,4.424424424424425,0.19381252768724383,0.13028313196807143
B,0.17995989974937346,0.1187894567264485,state1,4.434434434434435,0.19367218291393004,0.13016523159030455
B,0.17995989974937346,0.1187894567264485,state1,4.444444444444445,0.19353315784210504,0.1300484664228397
B,0.17995989974937346,0.1187894567264485,state1,4.454454454454455,0.19339544206934248,0.12993282705002307
B,0.17995989974937346,0.1187894567264485,state1,4.464464464464465,0.19325902523594396,0.12981830410338585
B,0.17995989974937346,0.1187894567264485,state1,4.474474474474475,0.19312389702558716,0.12970488826207563
B,0.17995989974937346,0.1187894567264485,state1,4.484484484484485,0.19299004716595267,0.12959257025326978
B,0.17995989974937346,0.1187894567264485,state1,4.494494494494495,0.19285746542933097,0.12948134085257096
B,0.17995989974937346,0.1187894567264485,state1,4.504504504504505,0.19272614163320895,0.12937119088438542
B,0.17995989974937346,0.1187894567264485,state1,4.514514514514515,0.1925960656408368,0.12926211122228418
B,0.17995989974937346,0.1187894567264485,state1,4.524524524524525,0.19246722736177527,0.12915409278934753
B,0.17995989974937346,0.1187894567264485,state1,4.534534534534535,0.19233961675242356,0.12904712655849276
B,0.17995989974937346,0.1187894567264485,state1,4.544544544544545,0.19221322381652847,0.12894120355278607
B,0.17995989974937346,0.1187894567264485,state1,4.554554554554555,0.1920880386056747,0.12883631484573804
B,0.17995989974937346,0.1187894567264485,state1,4.564564564564565,0.19196405121975654,0.128732451561584
B,0.17995989974937346,0.1187894567264485,state1,4.574574574574575,0.1918412518074319,0.12862960487554875
B,0.17995989974937346,0.1187894567264485,state1,4.584584584584585,0.19171963056655775,0.12852776601409605
B,0.17995989974937346,0.1187894567264485,state1,4.594594594594595,0.1915991777446087,0.12842692625516378
B,0.17995989974937346,0.1187894567264485,state1,4.604604604604605,0.19147988363907778,0.12832707692838408
B,0.17995989974937346,0.1187894567264485,state1,4.614614614614615,0.19136173859786035,0.1282282094152896
B,0.17995989974937346,0.1187894567264485,state1,4.624624624624625,0.19124473301962117,0.12813031514950554
B,0.17995989974937346,0.1187894567264485,state1,4.634634634634635,0.19112885735414512,0.12803338561692815
B,0.17995989974937346,0.1187894567264485,state1,4.644644644644645,0.19101410210267142,0.1279374123558897
B,0.17995989974937346,0.1187894567264485,state1,4.654654654654655,0.19090045781821224,0.12784238695731034
B,0.17995989974937346,0.1187894567264485,state1,4.664664664664665,0.19078791510585535,0.12774830106483703
B,0.17995989974937346,0.1187894567264485,state1,4.674674674674675,0.19067646462305163,0.12765514637496977
B,0.17995989974937346,0.1187894567264485,state1,4.684684684684685,0.19056609707988703,0.12756291463717565
B,0.17995989974937346,0.1187894567264485,state1,4.694694694694695,0.19045680323934006,0.12747159765399038
B,0.17995989974937346,0.1187894567264485,state1,4.704704704704705,0.19034857391752455,0.12738118728110862
B,0.17995989974937346,0.1187894567264485,state1,4.714714714714715,0.19024139998391779,0.12729167542746178
B,0.17995989974937346,0.1187894567264485,state1,4.724724724724725,0.19013527236157507,0.1272030540552853
B,0.17995989974937346,0.1187894567264485,state1,4.734734734734735,0.19003018202732988,0.12711531518017438
B,0.17995989974937346,0.1187894567264485,state1,4.744744744744745,0.18992612001198103,0.12702845087112885
B,0.17995989974937346,0.1187894567264485,state1,4.754754754754755,0.18982307740046583,0.12694245325058753
B,0.17995989974937346,0.1187894567264485,state1,4.764764764764765,0.18972104533202097,0.12685731449445203
B,0.17995989974937346,0.1187894567264485,state1,4.774774774774775,0.18962001500032982,0.12677302683210062
B,0.17995989974937346,0.1187894567264485,state1,4.784784784784785,0.1895199776536578,0.12668958254639195
B,0.17995989974937346,0.1187894567264485,state1,4.794794794794795,0.189420924594975,0.12660697397365914
B,0.17995989974937346,0.1187894567264485,state1,4.804804804804805,0.18932284718206693,0.12652519350369457
B,0.17995989974937346,0.1187894567264485,state1,4.814814814814815,0.18922573682763327,0.12644423357972503
B,0.17995989974937346,0.1187894567264485,state1,4.824824824824825,0.18912958499937543,0.1263640866983784
B,0.17995989974937346,0.1187894567264485,state1,4.834834834834835,0.18903438322007207,0.1262847454096409
B,0.17995989974937346,0.1187894567264485,state1,4.844844844844845,0.18894012306764427,0.12620620231680638
B,0.17995989974937346,0.1187894567264485,state1,4.854854854854855,0.18884679617520916,0.12612845007641665
B,0.17995989974937346,0.1187894567264485,state1,4.864864864864865,0.18875439423112342,0.12605148139819417
B,0.17995989974937346,0.1187894567264485,state1,4.874874874874875,0.1886629089790159,0.12597528904496638
B,0.17995989974937346,0.1187894567264485,state1,4.884884884884885,0.18857233221781033,0.12589986583258242
B,0.17995989974937346,0.1187894567264485,state1,4.894894894894895,0.18848265580173812,0.12582520462982255
B,0.17995989974937346,0.1187894567264485,state1,4.904904904904905,0.18839387164034094,0.12575129835829973
B,0.17995989974937346,0.1187894567264485,state1,4.914914914914915,0.1883059716984644,0.12567813999235442
B,0.17995989974937346,0.1187894567264485,state1,4.924924924924925,0.18821894799624198,0.12560572255894237
B,0.17995989974937346,0.1187894567264485,state1,4.934934934934935,0.18813279260906987,0.1255340391375154
B,0.17995989974937346,0.1187894567264485,state1,4.944944944944945,0.18804749766757306,0.125463082859896
B,0.17995989974937346,0.1187894567264485,state1,4.954954954954955,0.1879630553575628,0.12539284691014507
B,0.17995989974937346,0.1187894567264485,state1,4.964964964964965,0.1878794579199853,0.12532332452442393
B,0.17995989974937346,0.1187894567264485,state1,4.974974974974975,0.1877966976508625,0.1252545089908498
B,0.17995989974937346,0.1187894567264485,state1,4.984984984984985,0.1877147669012243,0.12518639364934592
B,0.17995989974937346,0.1187894567264485,state1,4.994994994994995,0.18763365807703344,0.1251189718914854
B,0.17995989974937346,0.1187894567264485,state1,5.005005005005005,0.18755336363910238,0.1250522371603303
B,0.17995989974937346,0.1187894567264485,state1,5.015015015015015,0.1874738761030027,0.12498618295026441
B,0.17995989974937346,0.1187894567264485,state1,5.025025025025025,0.18739518803896724,0.12492080280682191
B,0.17995989974937346,0.1187894567264485,state1,5.035035035035035,0.18731729207178516,0.12485609032651013
B,0.17995989974937346,0.1187894567264485,state1,5.045045045045045,0.18724018088069005,0.12479203915662782
B,0.17995989974937346,0.1187894567264485,state1,5.055055055055055,0.18716384719924123,0.12472864299507887
B,0.17995989974937346,0.1187894567264485,state1,5.065065065065065,0.18708828381519857,0.124665895590181
B,0.17995989974937346,0.1187894567264485,state1,5.075075075075075,0.18701348357039088,0.12460379074047065
B,0.17995989974937346,0.1187894567264485,state1,5.085085085085085,0.18693943936057808,0.12454232229450297
B,0.17995989974937346,0.1187894567264485,state1,5.095095095095095,0.1868661441353073,0.12448148415064837
B,0.17995989974937346,0.1187894567264485,state1,5.105105105105105,0.18679359089776318,0.12442127025688446
B,0.17995989974937346,0.1187894567264485,state1,5.115115115115115,0.18672177270461235,0.12436167461058473
B,0.17995989974937346,0.1187894567264485,state1,5.125125125125125,0.1866506826658425,0.1243026912583031
B,0.17995989974937346,0.1187894567264485,state1,5.135135135135135,0.18658031394459595,0.12424431429555526
B,0.17995989974937346,0.1187894567264485,state1,5.145145145145145,0.18651065975699813,0.12418653786659628
B,0.17995989974937346,0.1187894567264485,state1,5.155155155155155,0.18644171337198068,0.1241293561641953
B,0.17995989974937346,0.1187894567264485,state1,5.165165165165165,0.18637346811110012,0.1240727634294067
B,0.17995989974937346,0.1187894567264485,state1,5.175175175175175,0.18630591734835136,0.12401675395133839
B,0.17995989974937346,0.1187894567264485,state1,5.185185185185185,0.18623905450997677,0.12396132206691732
B,0.17995989974937346,0.1187894567264485,state1,5.195195195195195,0.18617287307427072,0.12390646216065197
B,0.17995989974937346,0.1187894567264485,state1,5.205205205205205,0.18610736657137988,0.12385216866439232
B,0.17995989974937346,0.1187894567264485,state1,5.215215215215215,0.1860425285830993,0.12379843605708717
B,0.17995989974937346,0.1187894567264485,state1,5.225225225225225,0.18597835274266428,0.12374525886453908
B,0.17995989974937346,0.1187894567264485,state1,5.235235235235235,0.1859148327345387,0.12369263165915706
B,0.17995989974937346,0.1187894567264485,state1,5.245245245245245,0.18585196229419929,0.12364054905970673
B,0.17995989974937346,0.1187894567264485,state1,5.255255255255255,0.1857897352079162,0.12358900573105884
B,0.17995989974937346,0.1187894567264485,state1,5.265265265265265,0.1857281453125305,0.12353799638393524
B,0.17995989974937346,0.1187894567264485,state1,5.275275275275275,0.18566718649522773,0.12348751577465346
B,0.17995989974937346,0.1187894567264485,state1,5.285285285285285,0.18560685269330865,0.12343755870486903
B,0.17995989974937346,0.1187894567264485,state1,5.295295295295295,0.18554713789395655,0.12338812002131645
B,0.17995989974937346,0.1187894567264485,state1,5.305305305305305,0.18548803613400172,0.12333919461554832
B,0.17995989974937346,0.1187894567264485,state1,5.315315315315315,0.1854295414996831,0.12329077742367299
B,0.17995989974937346,0.1187894567264485,state1,5.325325325325325,0.1853716481264068,0.12324286342609085
B,0.17995989974937346,0.1187894567264485,state1,5.335335335335335,0.18531435019850234,0.12319544764722923
B,0.17995989974937346,0.1187894567264485,state1,5.345345345345345,0.1852576419489762,0.12314852515527605
B,0.17995989974937346,0.1187894567264485,state1,5.355355355355355,0.18520151765926282,0.12310209106191229
B,0.17995989974937346,0.1187894567264485,state1,5.365365365365365,0.18514597165897345,0.12305614052204336
B,0.17995989974937346,0.1187894567264485,state1,5.375375375375375,0.18509099832564258,0.12301066873352962
B,0.17995989974937346,0.1187894567264485,state1,5.385385385385385,0.18503659208447243,0.12296567093691568
B,0.17995989974937346,0.1187894567264485,state1,5.395395395395395,0.1849827474080753,0.12292114241515918
B,0.17995989974937346,0.1187894567264485,state1,5.405405405405405,0.184929458816214,0.12287707849335856
B,0.17995989974937346,0.1187894567264485,state1,5.415415415415415,0.1848767208755405,0.12283347453848027
B,0.17995989974937346,0.1187894567264485,state1,5.425425425425425,0.1848245281993327,0.1227903259590853
B,0.17995989974937346,0.1187894567264485,state1,5.435435435435435,0.18477287544722987,0.12274762820505516
B,0.17995989974937346,0.1187894567264485,state1,5.445445445445445,0.18472175732496623,0.12270537676731744
B,0.17995989974937346,0.1187894567264485,state1,5.455455455455455,0.18467116858410315,0.12266356717757086
B,0.17995989974937346,0.1187894567264485,state1,5.465465465465465,0.18462110402176007,0.12262219500801
B,0.17995989974937346,0.1187894567264485,state1,5.475475475475475,0.18457155848034404,0.1225812558710498
B,0.17995989974937346,0.1187894567264485,state1,5.485485485485485,0.18452252684727813,0.12254074541904987
B,0.17995989974937346,0.1187894567264485,state1,5.495495495495495,0.1844740040547286,0.12250065934403837
B,0.17995989974937346,0.1187894567264485,state1,5.505505505505505,0.18442598507933117,0.12246099337743614
B,0.17995989974937346,0.1187894567264485,state1,5.515515515515515,0.18437846494191626,0.1224217432897806
B,0.17995989974937346,0.1187894567264485,state1,5.525525525525525,0.18433143870723323,0.12238290489044967
B,0.17995989974937346,0.1187894567264485,state1,5.535535535535535,0.18428490148367407,0.12234447402738577
B,0.17995989974937346,0.1187894567264485,state1,5.545545545545545,0.18423884842299612,0.12230644658681991
B,0.17995989974937346,0.1187894567264485,state1,5.555555555555555,0.18419327472004415,0.12226881849299609
B,0.17995989974937346,0.1187894567264485,state1,5.565565565565565,0.18414817561247201,0.12223158570789565
B,0.17995989974937346,0.1187894567264485,state1,5.575575575575575,0.18410354638046345,0.1221947442309622
B,0.17995989974937346,0.1187894567264485,state1,5.585585585585585,0.18405938234645283,0.12215829009882664
B,0.17995989974937346,0.1187894567264485,state1,5.595595595595595,0.18401567887484527,0.12212221938503262
B,0.17995989974937346,0.1187894567264485,state1,5.605605605605605,0.18397243137173616,0.12208652819976243
B,0.17995989974937346,0.1187894567264485,state1,5.615615615615615,0.18392963528463108,0.12205121268956327
B,0.17995989974937346,0.1187894567264485,state1,5.625625625625625,0.18388728610216476,0.1220162690370742
B,0.17995989974937346,0.1187894567264485,state1,5.635635635635635,0.18384537935382056,0.12198169346075327
B,0.17995989974937346,0.1187894567264485,state1,5.645645645645645,0.18380391060964918,0.12194748221460565
B,0.17995989974937346,0.1187894567264485,state1,5.655655655655655,0.18376287547998799,0.12191363158791203
B,0.17995989974937346,0.1187894567264485,state1,5.665665665665665,0.18372226961517982,0.1218801379049579
B,0.17995989974937346,0.1187894567264485,state1,5.675675675675675,0.18368208870529226,0.12184699752476327
B,0.17995989974937346,0.1187894567264485,state1,5.685685685685685,0.18364232847983664,0.12181420684081352
B,0.17995989974937346,0.1187894567264485,state1,5.6956956956956954,0.18360298470748765,0.12178176228079048
B,0.17995989974937346,0.1187894567264485,state1,5.7057057057057055,0.18356405319580274,0.12174966030630473
B,0.17995989974937346,0.1187894567264485,state1,5.7157157157157155,0.1835255297909421,0.12171789741262858
B,0.17995989974937346,0.1187894567264485,state1,5.7257257257257255,0.18348741037738878,0.12168647012842972
B,0.17995989974937346,0.1187894567264485,state1,5.7357357357357355,0.18344969087766919,0.1216553750155061
B,0.17995989974937346,0.1187894567264485,state1,5.7457457457457455,0.18341236725207413,0.12162460866852148
B,0.17995989974937346,0.1187894567264485,state1,5.7557557557557555,0.18337543549838003,0.12159416771474192
B,0.17995989974937346,0.1187894567264485,state1,5.7657657657657655,0.1833388916515709,0.12156404881377328
B,0.17995989974937346,0.1187894567264485,state1,5.7757757757757755,0.18330273178356074,0.12153424865729989
B,0.17995989974937346,0.1187894567264485,state1,5.7857857857857855,0.1832669520029163,0.12150476396882388
B,0.17995989974937346,0.1187894567264485,state1,5.7957957957957955,0.18323154845458084,0.12147559150340585
B,0.17995989974937346,0.1187894567264485,state1,5.8058058058058055,0.18319651731959818,0.12144672804740639
B,0.17995989974937346,0.1187894567264485,state1,5.8158158158158155,0.1831618548148376,0.12141817041822893
B,0.17995989974937346,0.1187894567264485,state1,5.8258258258258255,0.18312755719271948,0.12138991546406348
B,0.17995989974937346,0.1187894567264485,state1,5.8358358358358355,0.18309362074094143,0.12136196006363158
B,0.17995989974937346,0.1187894567264485,state1,5.8458458458458455,0.1830600417822056,0.12133430112593238
B,0.17995989974937346,0.1187894567264485,state1,5.8558558558558556,0.1830268166739464,0.12130693558998999
B,0.17995989974937346,0.1187894567264485,state1,5.865865865865866,0.18299394180805933,0.1212798604246018
B,0.17995989974937346,0.1187894567264485,state1,5.875875875875876,0.18296141361063056,0.12125307262808827
B,0.17995989974937346,0.1187894567264485,state1,5.885885885885886,0.18292922854166746,0.12122656922804369
B,0.17995989974937346,0.1187894567264485,state1,5.895895895895896,0.18289738309482986,0.12120034728108839
B,0.17995989974937346,0.1187894567264485,state1,5.905905905905906,0.18286587379716276,0.12117440387262202
B,0.17995989974937346,0.1187894567264485,state1,5.915915915915916,0.18283469720882933,0.12114873611657821
B,0.17995989974937346,0.1187894567264485,state1,5.925925925925926,0.18280384992284548,0.12112334115518052
B,0.17995989974937346,0.1187894567264485,state1,5.935935935935936,0.18277332856481515,0.12109821615869959
B,0.17995989974937346,0.1187894567264485,state1,5.945945945945946,0.1827431297926668,0.1210733583252117
B,0.17995989974937346,0.1187894567264485,state1,5.955955955955956,0.1827132502963909,0.12104876488035853
B,0.17995989974937346,0.1187894567264485,state1,5.965965965965966,0.1826836867977785,0.1210244330771084
B,0.17995989974937346,0.1187894567264485,state1,5.975975975975976,0.18265443605016096,0.12100036019551874
B,0.17995989974937346,0.1187894567264485,state1,5.985985985985986,0.18262549483815083,0.12097654354249991
B,0.17995989974937346,0.1187894567264485,state1,5.995995995995996,0.18259685997738387,0.1209529804515805
B,0.17995989974937346,0.1187894567264485,state1,6.006006006006006,0.18256852831426215,0.1209296682826738
B,0.17995989974937346,0.1187894567264485,state1,6.016016016016016,0.1825404967256985,0.1209066044218459
B,0.17995989974937346,0.1187894567264485,state1,6.026026026026026,0.182512762118862,0.12088378628108491
B,0.17995989974937346,0.1187894567264485,state1,6.036036036036036,0.1824853214309249,0.12086121129807177
B,0.17995989974937346,0.1187894567264485,state1,6.046046046046046,0.1824581716288107,0.12083887693595242
B,0.17995989974937346,0.1187894567264485,state1,6.056056056056056,0.18243130970894317,0.1208167806831113
B,0.17995989974937346,0.1187894567264485,state1,6.066066066066066,0.18240473269699722,0.12079492005294638
B,0.17995989974937346,0.1187894567264485,state1,6.076076076076076,0.1823784376476507,0.12077329258364546
B,0.17995989974937346,0.1187894567264485,state1,6.086086086086086,0.1823524216443374,0.12075189583796411
B,0.17995989974937346,0.1187894567264485,state1,6.096096096096096,0.18232668179900174,0.12073072740300476
B,0.17995989974937346,0.1187894567264485,state1,6.106106106106106,0.1823012152518543,0.12070978488999755
B,0.17995989974937346,0.1187894567264485,state1,6.116116116116116,0.18227601917112918,0.12068906593408228
B,0.17995989974937346,0.1187894567264485,state1,6.126126126126126,0.18225109075284232,0.12066856819409208
B,0.17995989974937346,0.1187894567264485,state1,6.136136136136136,0.18222642722055135,0.12064828935233837
B,0.17995989974937346,0.1187894567264485,state1,6.146146146146146,0.18220202582511674,0.12062822711439729
B,0.17995989974937346,0.1187894567264485,state1,6.156156156156156,0.18217788384446446,0.12060837920889762
B,0.17995989974937346,0.1187894567264485,state1,6.166166166166166,0.1821539985833497,0.12058874338731014
B,0.17995989974937346,0.1187894567264485,state1,6.176176176176176,0.18213036737312255,0.12056931742373837
B,0.17995989974937346,0.1187894567264485,state1,6.186186186186186,0.18210698757149427,0.12055009911471087
B,0.17995989974937346,0.1187894567264485,state1,6.196196196196196,0.18208385656230575,0.12053108627897495
B,0.17995989974937346,0.1187894567264485,state1,6.206206206206206,0.1820609717552969,0.1205122767572918
B,0.17995989974937346,0.1187894567264485,state1,6.216216216216216,0.1820383305858777,0.12049366841223312
B,0.17995989974937346,0.1187894567264485,state1,6.226226226226226,0.18201593051490045,0.1204752591279792
B,0.17995989974937346,0.1187894567264485,state1,6.236236236236236,0.18199376902843362,0.1204570468101184
B,0.17995989974937346,0.1187894567264485,state1,6.246246246246246,0.18197184363753716,0.12043902938544822
B,0.17995989974937346,0.1187894567264485,state1,6.256256256256256,0.181950151878039,0.12042120480177758
B,0.17995989974937346,0.1187894567264485,state1,6.266266266266266,0.1819286913103134,0.1204035710277309
B,0.17995989974937346,0.1187894567264485,state1,6.276276276276276,0.18190745951906023,0.12038612605255325
B,0.17995989974937346,0.1187894567264485,state1,6.286286286286286,0.18188645411308618,0.12036886788591722
B,0.17995989974937346,0.1187894567264485,state1,6.296296296296296,0.18186567272508716,0.1203517945577311
B,0.17995989974937346,0.1187894567264485,state1,6.306306306306306,0.1818451130114321,0.12033490411794856
B,0.17995989974937346,0.1187894567264485,state1,6.316316316316316,0.18182477265194852,0.12031819463637987
B,0.17995989974937346,0.1187894567264485,state1,6.326326326326326,0.1818046493497091,0.12030166420250425
B,0.17995989974937346,0.1187894567264485,state1,6.336336336336336,0.18178474083082016,0.12028531092528394
B,0.17995989974937346,0.1187894567264485,state1,6.346346346346346,0.1817650448442113,0.12026913293297964
B,0.17995989974937346,0.1187894567264485,state1,6.356356356356356,0.18174555916142648,0.12025312837296734
B,0.17995989974937346,0.1187894567264485,state1,6.366366366366366,0.18172628157641696,0.12023729541155652
B,0.17995989974937346,0.1187894567264485,state1,6.376376376376376,0.18170720990533515,0.12022163223380992
B,0.17995989974937346,0.1187894567264485,state1,6.386386386386386,0.18168834198633027,0.12020613704336464
B,0.17995989974937346,0.1187894567264485,state1,6.396396396396396,0.1816696756793454,0.12019080806225453
B,0.17995989974937346,0.1187894567264485,state1,6.406406406406406,0.1816512088659159,0.12017564353073426
B,0.17995989974937346,0.1187894567264485,state1,6.416416416416417,0.18163293944896955,0.12016064170710457
B,0.17995989974937346,0.1187894567264485,state1,6.426426426426427,0.1816148653526276,0.120145800867539
B,0.17995989974937346,0.1187894567264485,state1,6.436436436436437,0.18159698452200798,0.12013111930591203
B,0.17995989974937346,0.1187894567264485,state1,6.446446446446447,0.1815792949230294,0.12011659533362852
B,0.17995989974937346,0.1187894567264485,state1,6.456456456456457,0.18156179454221721,0.12010222727945473
B,0.17995989974937346,0.1187894567264485,state1,6.466466466466467,0.1815444813865105,0.12008801348935039
B,0.17995989974937346,0.1187894567264485,state1,6.476476476476477,0.18152735348307084,0.12007395232630258
B,0.17995989974937346,0.1187894567264485,state1,6.486486486486487,0.18151040887909237,0.12006004217016052
B,0.17995989974937346,0.1187894567264485,state1,6.496496496496497,0.18149364564161327,0.12004628141747205
B,0.17995989974937346,0.1187894567264485,state1,6.506506506506507,0.18147706185732887,0.12003266848132134
B,0.17995989974937346,0.1187894567264485,state1,6.516516516516517,0.1814606556324058,0.12001920179116789
B,0.17995989974937346,0.1187894567264485,state1,6.526526526526527,0.1814444250922981,0.12000587979268712
B,0.17995989974937346,0.1187894567264485,state1,6.536536536536537,0.18142836838156434,0.11999270094761186
B,0.17995989974937346,0.1187894567264485,state1,6.546546546546547,0.18141248366368623,0.11997966373357569
B,0.17995989974937346,0.1187894567264485,state1,6.556556556556557,0.1813967691208889,0.1199667666439572
B,0.17995989974937346,0.1187894567264485,state1,6.566566566566567,0.18138122295396228,0.11995400818772574
B,0.17995989974937346,0.1187894567264485,state1,6.576576576576577,0.18136584338208406,0.11994138688928845
B,0.17995989974937346,0.1187894567264485,state1,6.586586586586587,0.18135062864264395,0.11992890128833864
B,0.17995989974937346,0.1187894567264485,state1,6.596596596596597,0.1813355769910695,0.11991654993970538
B,0.17995989974937346,0.1187894567264485,state1,6.606606606606607,0.18132068670065316,0.11990433141320452
B,0.17995989974937346,0.1187894567264485,state1,6.616616616616617,0.18130595606238079,0.11989224429349071
B,0.17995989974937346,0.1187894567264485,state1,6.626626626626627,0.18129138338476158,0.11988028717991112
B,0.17995989974937346,0.1187894567264485,state1,6.636636636636637,0.18127696699365925,0.11986845868636005
B,0.17995989974937346,0.1187894567264485,state1,6.646646646646647,0.1812627052321247,0.11985675744113501
B,0.17995989974937346,0.1187894567264485,state1,6.656656656656657,0.18124859646023017,0.11984518208679393
B,0.17995989974937346,0.1187894567264485,state1,6.666666666666667,0.1812346390549043,0.11983373128001386
B,0.17995989974937346,0.1187894567264485,state1,6.676676676676677,0.1812208314097692,0.11982240369145047
B,0.17995989974937346,0.1187894567264485,state1,6.686686686686687,0.18120717193497823,0.1198111980055993
B,0.17995989974937346,0.1187894567264485,state1,6.696696696696697,0.1811936590570556,0.11980011292065793
B,0.17995989974937346,0.1187894567264485,state1,6.706706706706707,0.18118029121873708,0.11978914714838923
B,0.17995989974937346,0.1187894567264485,state1,6.716716716716717,0.181167066878812,0.11977829941398628
B,0.17995989974937346,0.1187894567264485,state1,6.726726726726727,0.18115398451196682,0.11976756845593815
B,0.17995989974937346,0.1187894567264485,state1,6.736736736736737,0.18114104260862968,0.11975695302589688
B,0.17995989974937346,0.1187894567264485,state1,6.746746746746747,0.1811282396748165,0.1197464518885458
B,0.17995989974937346,0.1187894567264485,state1,6.756756756756757,0.1811155742319785,0.11973606382146897
B,0.17995989974937346,0.1187894567264485,state1,6.766766766766767,0.1811030448168505,0.11972578761502171
B,0.17995989974937346,0.1187894567264485,state1,6.776776776776777,0.1810906499813011,0.11971562207220246
B,0.17995989974937346,0.1187894567264485,state1,6.786786786786787,0.18107838829218384,0.11970556600852568
B,0.17995989974937346,0.1187894567264485,state1,6.796796796796797,0.18106625833118967,0.11969561825189584
B,0.17995989974937346,0.1187894567264485,state1,6.806806806806807,0.18105425869470074,0.11968577764248278
B,0.17995989974937346,0.1187894567264485,state1,6.816816816816817,0.1810423879936454,0.119676043032598
B,0.17995989974937346,0.1187894567264485,state1,6.826826826826827,0.18103064485335446,0.11966641328657213
B,0.17995989974937346,0.1187894567264485,state1,6.836836836836837,0.18101902791341884,0.11965688728063352
B,0.17995989974937346,0.1187894567264485,state1,6.846846846846847,0.1810075358275481,0.11964746390278802
B,0.17995989974937346,0.1187894567264485,state1,6.856856856856857,0.18099616726343082,0.1196381420526998
B,0.17995989974937346,0.1187894567264485,state1,6.866866866866867,0.18098492090259544,0.11962892064157318
B,0.17995989974937346,0.1187894567264485,state1,6.876876876876877,0.18097379544027295,0.11961979859203568
B,0.17995989974937346,0.1187894567264485,state1,6.886886886886887,0.18096278958526055,0.11961077483802215
B,0.17995989974937346,0.1187894567264485,state1,6.896896896896897,0.18095190205978642,0.11960184832465988
B,0.17995989974937346,0.1187894567264485,state1,6.906906906906907,0.18094113159937586,0.1195930180081548
B,0.17995989974937346,0.1187894567264485,state1,6.916916916916917,0.1809304769527185,0.11958428285567886
B,0.17995989974937346,0.1187894567264485,state1,6.926926926926927,0.1809199368815368,0.11957564184525825
B,0.17995989974937346,0.1187894567264485,state1,6.936936936936937,0.18090951016045562,0.11956709396566281
B,0.17995989974937346,0.1187894567264485,state1,6.946946946946947,0.18089919557687306,0.1195586382162965
B,0.17995989974937346,0.1187894567264485,state1,6.956956956956957,0.18088899193083233,0.11955027360708873
B,0.17995989974937346,0.1187894567264485,state1,6.966966966966967,0.18087889803489482,0.11954199915838687
B,0.17995989974937346,0.1187894567264485,state1,6.976976976976977,0.18086891271401448,0.11953381390084976
B,0.17995989974937346,0.1187894567264485,state1,6.986986986986987,0.18085903480541307,0.11952571687534198
B,0.17995989974937346,0.1187894567264485,state1,6.996996996996997,0.1808492631584567,0.11951770713282964
B,0.17995989974937346,0.1187894567264485,state1,7.007007007007007,0.18083959663453342,0.11950978373427647
B,0.17995989974937346,0.1187894567264485,state1,7.017017017017017,0.18083003410693207,0.11950194575054153
B,0.17995989974937346,0.1187894567264485,state1,7.027027027027027,0.18082057446072194,0.11949419226227742
B,0.17995989974937346,0.1187894567264485,state1,7.037037037037037,0.18081121659263397,0.11948652235982983
B,0.17995989974937346,0.1187894567264485,state1,7.047047047047047,0.1808019594109424,0.11947893514313765
B,0.17995989974937346,0.1187894567264485,state1,7.057057057057057,0.18079280183534838,0.11947142972163437
B,0.17995989974937346,0.1187894567264485,state1,7.067067067067067,0.18078374279686363,0.11946400521415035
B,0.17995989974937346,0.1187894567264485,state1,7.077077077077077,0.18077478123769614,0.11945666074881582
B,0.17995989974937346,0.1187894567264485,state1,7.087087087087087,0.1807659161111362,0.11944939546296507
B,0.17995989974937346,0.1187894567264485,state1,7.097097097097097,0.18075714638144394,0.1194422085030414
B,0.17995989974937346,0.1187894567264485,state1,7.107107107107107,0.18074847102373756,0.11943509902450299
B,0.17995989974937346,0.1187894567264485,state1,7.117117117117117,0.180739889023883,0.11942806619172983
B,0.17995989974937346,0.1187894567264485,state1,7.127127127127127,0.1807313993783842,0.11942110917793129
B,0.17995989974937346,0.1187894567264485,state1,7.137137137137137,0.18072300109427475,0.11941422716505483
B,0.17995989974937346,0.1187894567264485,state1,7.147147147147147,0.1807146931890103,0.1194074193436954
B,0.17995989974937346,0.1187894567264485,state1,7.157157157157157,0.18070647469036208,0.11940068491300584
B,0.17995989974937346,0.1187894567264485,state1,7.167167167167167,0.18069834463631154,0.11939402308060809
B,0.17995989974937346,0.1187894567264485,state1,7.177177177177177,0.18069030207494569,0.11938743306250527
B,0.17995989974937346,0.1187894567264485,state1,7.187187187187187,0.18068234606435363,0.11938091408299463
B,0.17995989974937346,0.1187894567264485,state1,7.197197197197197,0.180674475672524,0.11937446537458132
B,0.17995989974937346,0.1187894567264485,state1,7.207207207207207,0.18066668997724356,0.11936808617789302
B,0.17995989974937346,0.1187894567264485,state1,7.217217217217217,0.18065898806599626,0.11936177574159539
B,0.17995989974937346,0.1187894567264485,state1,7.227227227227227,0.18065136903586387,0.11935553332230833
B,0.17995989974937346,0.1187894567264485,state1,7.237237237237237,0.18064383199342712,0.1193493581845231
B,0.17995989974937346,0.1187894567264485,state1,7.247247247247247,0.18063637605466795,0.11934324960052023
B,0.17995989974937346,0.1187894567264485,state1,7.257257257257257,0.18062900034487267,0.11933720685028823
B,0.17995989974937346,0.1187894567264485,state1,7.267267267267267,0.18062170399853592,0.11933122922144299
B,0.17995989974937346,0.1187894567264485,state1,7.277277277277277,0.18061448615926587,0.11932531600914825
B,0.17995989974937346,0.1187894567264485,state1,7.287287287287287,0.1806073459796899,0.11931946651603662
B,0.17995989974937346,0.1187894567264485,state1,7.297297297297297,0.18060028262136152,0.11931368005213129
B,0.17995989974937346,0.1187894567264485,state1,7.307307307307307,0.180593295254668,0.11930795593476888
B,0.17995989974937346,0.1187894567264485,state1,7.317317317317317,0.1805863830587389,0.11930229348852264
B,0.17995989974937346,0.1187894567264485,state1,7.327327327327327,0.18057954522135564,0.1192966920451267
B,0.17995989974937346,0.1187894567264485,state1,7.337337337337337,0.18057278093886167,0.1192911509434009
B,0.17995989974937346,0.1187894567264485,state1,7.347347347347347,0.18056608941607377,0.11928566952917642
B,0.17995989974937346,0.1187894567264485,state1,7.357357357357357,0.180559469866194,0.11928024715522223
B,0.17995989974937346,0.1187894567264485,state1,7.367367367367367,0.18055292151072264,0.11927488318117206
B,0.17995989974937346,0.1187894567264485,state1,7.377377377377377,0.18054644357937188,0.11926957697345231
B,0.17995989974937346,0.1187894567264485,state1,7.387387387387387,0.18054003530998036,0.11926432790521052
B,0.17995989974937346,0.1187894567264485,state1,7.397397397397397,0.18053369594842864,0.11925913535624465
B,0.17995989974937346,0.1187894567264485,state1,7.407407407407407,0.18052742474855532,0.11925399871293309
B,0.17995989974937346,0.1187894567264485,state1,7.4174174174174174,0.18052122097207418,0.11924891736816512
B,0.17995989974937346,0.1187894567264485,state1,7.4274274274274275,0.18051508388849183,0.11924389072127242
B,0.17995989974937346,0.1187894567264485,state1,7.4374374374374375,0.18050901277502648,0.11923891817796099
B,0.17995989974937346,0.1187894567264485,state1,7.4474474474474475,0.1805030069165273,0.11923399915024392
B,0.17995989974937346,0.1187894567264485,state1,7.4574574574574575,0.18049706560539466,0.11922913305637463
B,0.17995989974937346,0.1187894567264485,state1,7.4674674674674675,0.18049118814150109,0.11922431932078104
B,0.17995989974937346,0.1187894567264485,state1,7.4774774774774775,0.18048537383211305,0.11921955737400017
B,0.17995989974937346,0.1187894567264485,state1,7.4874874874874875,0.18047962199181344,0.11921484665261352
B,0.17995989974937346,0.1187894567264485,state1,7.4974974974974975,0.18047393194242486,0.11921018659918305
B,0.17995989974937346,0.1187894567264485,state1,7.5075075075075075,0.18046830301293368,0.1192055766621878
B,0.17995989974937346,0.1187894567264485,state1,7.5175175175175175,0.18046273453941486,0.11920101629596117
B,0.17995989974937346,0.1187894567264485,state1,7.5275275275275275,0.18045722586495727,0.11919650496062884
B,0.17995989974937346,0.1187894567264485,state1,7.5375375375375375,0.1804517763395903,0.11919204212204719
B,0.17995989974937346,0.1187894567264485,state1,7.5475475475475475,0.18044638532021037,0.11918762725174259
B,0.17995989974937346,0.1187894567264485,state1,7.5575575575575575,0.18044105217050901,0.11918325982685099
B,0.17995989974937346,0.1187894567264485,state1,7.5675675675675675,0.1804357762609011,0.11917893933005837
B,0.17995989974937346,0.1187894567264485,state1,7.5775775775775776,0.18043055696845398,0.11917466524954169
B,0.17995989974937346,0.1187894567264485,state1,7.587587587587588,0.18042539367681723,0.11917043707891037
B,0.17995989974937346,0.1187894567264485,state1,7.597597597597598,0.18042028577615338,0.1191662543171485
B,0.17995989974937346,0.1187894567264485,state1,7.607607607607608,0.18041523266306875,0.11916211646855751
B,0.17995989974937346,0.1187894567264485,state1,7.617617617617618,0.18041023374054568,0.11915802304269953
B,0.17995989974937346,0.1187894567264485,state1,7.627627627627628,0.1804052884178748,0.11915397355434114
B,0.17995989974937346,0.1187894567264485,state1,7.637637637637638,0.18040039611058842,0.11914996752339792
B,0.17995989974937346,0.1187894567264485,state1,7.647647647647648,0.18039555624039427,0.11914600447487941
B,0.17995989974937346,0.1187894567264485,state1,7.657657657657658,0.1803907682351103,0.11914208393883466
B,0.17995989974937346,0.1187894567264485,state1,7.667667667667668,0.18038603152859942,0.11913820545029832
B,0.17995989974937346,0.1187894567264485,state1,7.677677677677678,0.1803813455607057,0.1191343685492373
B,0.17995989974937346,0.1187894567264485,state1,7.687687687687688,0.18037670977719078,0.11913057278049795
B,0.17995989974937346,0.1187894567264485,state1,7.697697697697698,0.18037212362967078,0.11912681769375379
B,0.17995989974937346,0.1187894567264485,state1,7.707707707707708,0.18036758657555424,0.1191231028434538
B,0.17995989974937346,0.1187894567264485,state1,7.717717717717718,0.18036309807798026,0.11911942778877112
B,0.17995989974937346,0.1187894567264485,state1,7.727727727727728,0.1803586576057577,0.11911579209355236
B,0.17995989974937346,0.1187894567264485,state1,7.737737737737738,0.18035426463330448,0.11911219532626746
B,0.17995989974937346,0.1187894567264485,state1,7.747747747747748,0.180349918640588,0.11910863705996
B,0.17995989974937346,0.1187894567264485,state1,7.757757757757758,0.18034561911306574,0.11910511687219799
B,0.17995989974937346,0.1187894567264485,state1,7.767767767767768,0.18034136554162664,0.11910163434502519
B,0.17995989974937346,0.1187894567264485,state1,7.777777777777778,0.18033715742253315,0.11909818906491294
B,0.17995989974937346,0.1187894567264485,state1,7.787787787787788,0.18033299425736365,0.1190947806227125
B,0.17995989974937346,0.1187894567264485,state1,7.797797797797798,0.18032887555295557,0.11909140861360774
B,0.17995989974937346,0.1187894567264485,state1,7.807807807807808,0.18032480082134905,0.11908807263706858
B,0.17995989974937346,0.1187894567264485,state1,7.817817817817818,0.18032076957973128,0.11908477229680456
B,0.17995989974937346,0.1187894567264485,state1,7.827827827827828,0.18031678135038118,0.11908150720071911
B,0.17995989974937346,0.1187894567264485,state1,7.837837837837838,0.18031283566061468,0.11907827696086433
B,0.17995989974937346,0.1187894567264485,state1,7.847847847847848,0.18030893204273085,0.11907508119339595
B,0.17995989974937346,0.1187894567264485,state1,7.857857857857858,0.18030507003395815,0.11907191951852913
B,0.17995989974937346,0.1187894567264485,state1,7.867867867867868,0.1803012491764014,0.11906879156049432
B,0.17995989974937346,0.1187894567264485,state1,7.877877877877878,0.1802974690169894,0.11906569694749392
B,0.17995989974937346,0.1187894567264485,state1,7.887887887887888,0.18029372910742286,0.11906263531165909
B,0.17995989974937346,0.1187894567264485,state1,7.897897897897898,0.180290029004123,0.1190596062890072
B,0.17995989974937346,0.1187894567264485,state1,7.907907907907908,0.18028636826818067,0.11905660951939971
B,0.17995989974937346,0.1187894567264485,state1,7.917917917917918,0.1802827464653058,0.11905364464650016
B,0.17995989974937346,0.1187894567264485,state1,7.927927927927928,0.1802791631657776,0.11905071131773319
B,0.17995989974937346,0.1187894567264485,state1,7.937937937937938,0.18027561794439514,0.11904780918424332
B,0.17995989974937346,0.1187894567264485,state1,7.947947947947948,0.18027211038042837,0.11904493790085463
B,0.17995989974937346,0.1187894567264485,state1,7.957957957957958,0.18026864005756982,0.11904209712603066
B,0.17995989974937346,0.1187894567264485,state1,7.967967967967968,0.18026520656388648,0.11903928652183468
B,0.17995989974937346,0.1187894567264485,state1,7.977977977977978,0.1802618094917726,0.11903650575389041
B,0.17995989974937346,0.1187894567264485,state1,7.987987987987988,0.18025844843790242,0.11903375449134325
B,0.17995989974937346,0.1187894567264485,state1,7.997997997997998,0.18025512300318403,0.11903103240682175
B,0.17995989974937346,0.1187894567264485,state1,8.008008008008009,0.1802518327927129,0.11902833917639943
B,0.17995989974937346,0.1187894567264485,state1,8.018018018018019,0.18024857741572675,0.1190256744795573
B,0.17995989974937346,0.1187894567264485,state1,8.028028028028029,0.1802453564855601,0.11902303799914635
B,0.17995989974937346,0.1187894567264485,state1,8.038038038038039,0.18024216961959977,0.1190204294213507
B,0.17995989974937346,0.1187894567264485,state1,8.048048048048049,0.1802390164392407,0.11901784843565111
B,0.17995989974937346,0.1187894567264485,state1,8.058058058058059,0.18023589656984207,0.11901529473478867
B,0.17995989974937346,0.1187894567264485,state1,8.068068068068069,0.18023280964068406,0.11901276801472907
B,0.17995989974937346,0.1187894567264485,state1,8.078078078078079,0.1802297552849249,0.11901026797462717
B,0.17995989974937346,0.1187894567264485,state1,8.088088088088089,0.18022673313955861,0.11900779431679182
B,0.17995989974937346,0.1187894567264485,state1,8.098098098098099,0.1802237428453726,0.11900534674665121
B,0.17995989974937346,0.1187894567264485,state1,8.108108108108109,0.18022078404690642,0.11900292497271844
B,0.17995989974937346,0.1187894567264485,state1,8.118118118118119,0.1802178563924104,0.11900052870655757
B,0.17995989974937346,0.1187894567264485,state1,8.128128128128129,0.18021495953380492,0.11899815766274986
B,0.17995989974937346,0.1187894567264485,state1,8.138138138138139,0.18021209312664002,0.11899581155886042
B,0.17995989974937346,0.1187894567264485,state1,8.148148148148149,0.1802092568300555,0.1189934901154053
B,0.17995989974937346,0.1187894567264485,state1,8.158158158158159,0.1802064503067413,0.11899119305581875
B,0.17995989974937346,0.1187894567264485,state1,8.168168168168169,0.18020367322289835,0.11898892010642088
B,0.17995989974937346,0.1187894567264485,state1,8.178178178178179,0.18020092524819983,0.11898667099638575
B,0.17995989974937346,0.1187894567264485,state1,8.188188188188189,0.18019820605575285,0.11898444545770953
B,0.17995989974937346,0.1187894567264485,state1,8.198198198198199,0.18019551532206032,0.11898224322517931
B,0.17995989974937346,0.1187894567264485,state1,8.208208208208209,0.1801928527269835,0.11898006403634193
B,0.17995989974937346,0.1187894567264485,state1,8.218218218218219,0.1801902179537046,0.11897790763147331
B,0.17995989974937346,0.1187894567264485,state1,8.228228228228229,0.1801876106886901,0.11897577375354804
B,0.17995989974937346,0.1187894567264485,state1,8.238238238238239,0.1801850306216541,0.11897366214820923
B,0.17995989974937346,0.1187894567264485,state1,8.248248248248249,0.18018247744552235,0.11897157256373878
B,0.17995989974937346,0.1187894567264485,state1,8.258258258258259,0.18017995085639635,0.11896950475102781
B,0.17995989974937346,0.1187894567264485,state1,8.268268268268269,0.180177450553518,0.11896745846354749
B,0.17995989974937346,0.1187894567264485,state1,8.278278278278279,0.18017497623923467,0.1189654334573201
B,0.17995989974937346,0.1187894567264485,state1,8.288288288288289,0.18017252761896427,0.11896342949089043
B,0.17995989974937346,0.1187894567264485,state1,8.298298298298299,0.18017010440116107,0.11896144632529754
B,0.17995989974937346,0.1187894567264485,state1,8.308308308308309,0.1801677062972817,0.11895948372404654
B,0.17995989974937346,0.1187894567264485,state1,8.318318318318319,0.18016533302175133,0.11895754145308093
B,0.17995989974937346,0.1187894567264485,state1,8.328328328328329,0.18016298429193056,0.11895561928075521
B,0.17995989974937346,0.1187894567264485,state1,8.338338338338339,0.1801606598280822,0.1189537169778075
B,0.17995989974937346,0.1187894567264485,state1,8.348348348348349,0.18015835935333874,0.11895183431733272
B,0.17995989974937346,0.1187894567264485,state1,8.358358358358359,0.18015608259366994,0.11894997107475591
B,0.17995989974937346,0.1187894567264485,state1,8.368368368368369,0.18015382927785092,0.11894812702780584
B,0.17995989974937346,0.1187894567264485,state1,8.378378378378379,0.18015159913743023,0.11894630195648885
B,0.17995989974937346,0.1187894567264485,state1,8.388388388388389,0.1801493919066987,0.11894449564306304
B,0.17995989974937346,0.1187894567264485,state1,8.398398398398399,0.1801472073226583,0.11894270787201262
B,0.17995989974937346,0.1187894567264485,state1,8.408408408408409,0.18014504512499116,0.11894093843002258
B,0.17995989974937346,0.1187894567264485,state1,8.418418418418419,0.18014290505602948,0.11893918710595361
B,0.17995989974937346,0.1187894567264485,state1,8.428428428428429,0.18014078686072502,0.11893745369081715
B,0.17995989974937346,0.1187894567264485,state1,8.438438438438439,0.18013869028661947,0.118935737977751
B,0.17995989974937346,0.1187894567264485,state1,8.448448448448449,0.18013661508381476,0.11893403976199474
B,0.17995989974937346,0.1187894567264485,state1,8.458458458458459,0.18013456100494377,0.11893235884086577
B,0.17995989974937346,0.1187894567264485,state1,8.468468468468469,0.18013252780514147,0.11893069501373536
B,0.17995989974937346,0.1187894567264485,state1,8.478478478478479,0.18013051524201612,0.11892904808200509
B,0.17995989974937346,0.1187894567264485,state1,8.488488488488489,0.1801285230756208,0.11892741784908337
B,0.17995989974937346,0.1187894567264485,state1,8.498498498498499,0.1801265510684254,0.11892580412036229
B,0.17995989974937346,0.1187894567264485,state1,8.508508508508509,0.18012459898528868,0.1189242067031947
B,0.17995989974937346,0.1187894567264485,state1,8.518518518518519,0.18012266659343062,0.11892262540687158
B,0.17995989974937346,0.1187894567264485,state1,8.528528528528529,0.1801207536624053,0.11892106004259934
B,0.17995989974937346,0.1187894567264485,state1,8.538538538538539,0.18011885996407354,0.11891951042347776
B,0.17995989974937346,0.1187894567264485,state1,8.548548548548549,0.18011698527257644,0.11891797636447785
B,0.17995989974937346,0.1187894567264485,state1,8.558558558558559,0.18011512936430862,0.11891645768242
B,0.17995989974937346,0.1187894567264485,state1,8.568568568568569,0.18011329201789203,0.11891495419595245
B,0.17995989974937346,0.1187894567264485,state1,8.578578578578579,0.1801114730141499,0.11891346572552974
B,0.17995989974937346,0.1187894567264485,state1,8.588588588588589,0.1801096721360811,0.11891199209339172
B,0.17995989974937346,0.1187894567264485,state1,8.598598598598599,0.1801078891688344,0.11891053312354233
B,0.17995989974937346,0.1187894567264485,state1,8.608608608608609,0.18010612389968347,0.118909088641729
B,0.17995989974937346,0.1187894567264485,state1,8.618618618618619,0.18010437611800165,0.11890765847542197
B,0.17995989974937346,0.1187894567264485,state1,8.62862862862863,0.18010264561523726,0.11890624245379391
B,0.17995989974937346,0.1187894567264485,state1,8.63863863863864,0.180100932184889,0.11890484040769983
B,0.17995989974937346,0.1187894567264485,state1,8.64864864864865,0.18009923562248184,0.11890345216965693
B,0.17995989974937346,0.1187894567264485,state1,8.65865865865866,0.18009755572554265,0.11890207757382497
B,0.17995989974937346,0.1187894567264485,state1,8.66866866866867,0.18009589229357656,0.11890071645598652
B,0.17995989974937346,0.1187894567264485,state1,8.67867867867868,0.18009424512804328,0.11889936865352765
B,0.17995989974937346,0.1187894567264485,state1,8.68868868868869,0.1800926140323337,0.11889803400541867
B,0.17995989974937346,0.1187894567264485,state1,8.6986986986987,0.18009099881174687,0.11889671235219498
B,0.17995989974937346,0.1187894567264485,state1,8.70870870870871,0.18008939927346676,0.11889540353593846
B,0.17995989974937346,0.1187894567264485,state1,8.71871871871872,0.1800878152265398,0.11889410740025846
B,0.17995989974937346,0.1187894567264485,state1,8.72872872872873,0.18008624648185223,0.11889282379027352
B,0.17995989974937346,0.1187894567264485,state1,8.73873873873874,0.18008469285210787,0.11889155255259298
B,0.17995989974937346,0.1187894567264485,state1,8.74874874874875,0.18008315415180598,0.11889029353529884
B,0.17995989974937346,0.1187894567264485,state1,8.75875875875876,0.1800816301972194,0.11888904658792768
B,0.17995989974937346,0.1187894567264485,state1,8.76876876876877,0.1800801208063728,0.11888781156145294
B,0.17995989974937346,0.1187894567264485,state1,8.77877877877878,0.18007862579902137,0.11888658830826729
B,0.17995989974937346,0.1187894567264485,state1,8.78878878878879,0.18007714499662936,0.11888537668216502
B,0.17995989974937346,0.1187894567264485,state1,8.7987987987988,0.1800756782223491,0.11888417653832486
B,0.17995989974937346,0.1187894567264485,state1,8.80880880880881,0.1800742253010001,0.11888298773329271
B,0.17995989974937346,0.1187894567264485,state1,8.81881881881882,0.18007278605904828,0.11888181012496477
B,0.17995989974937346,0.1187894567264485,state1,8.82882882882883,0.18007136032458573,0.11888064357257051
B,0.17995989974937346,0.1187894567264485,state1,8.83883883883884,0.18006994792731004,0.11887948793665616
B,0.17995989974937346,0.1187894567264485,state1,8.84884884884885,0.1800685486985044,0.11887834307906811
B,0.17995989974937346,0.1187894567264485,state1,8.85885885885886,0.18006716247101762,0.11887720886293651
B,0.17995989974937346,0.1187894567264485,state1,8.86886886886887,0.18006578907924436,0.118876085152659
B,0.17995989974937346,0.1187894567264485,state1,8.87887887887888,0.1800644283591055,0.1188749718138848
B,0.17995989974937346,0.1187894567264485,state1,8.88888888888889,0.18006308014802885,0.11887386871349857
B,0.17995989974937346,0.1187894567264485,state1,8.8988988988989,0.1800617442849298,0.11887277571960474
B,0.17995989974937346,0.1187894567264485,state1,8.90890890890891,0.1800604206101923,0.11887169270151182
B,0.17995989974937346,0.1187894567264485,state1,8.91891891891892,0.18005910896565008,0.11887061952971686
B,0.17995989974937346,0.1187894567264485,state1,8.92892892892893,0.18005780919456774,0.11886955607589016
B,0.17995989974937346,0.1187894567264485,state1,8.93893893893894,0.18005652114162232,0.11886850221285997
B,0.17995989974937346,0.1187894567264485,state1,8.94894894894895,0.18005524465288494,0.11886745781459744
B,0.17995989974937346,0.1187894567264485,state1,8.95895895895896,0.18005397957580252,0.11886642275620161
B,0.17995989974937346,0.1187894567264485,state1,8.96896896896897,0.18005272575917966,0.11886539691388458
B,0.17995989974937346,0.1187894567264485,state1,8.97897897897898,0.1800514830531609,0.11886438016495689
B,0.17995989974937346,0.1187894567264485,state1,8.98898898898899,0.18005025130921276,0.11886337238781282
B,0.17995989974937346,0.1187894567264485,state1,8.998998998999,0.1800490303801063,0.11886237346191604
B,0.17995989974937346,0.1187894567264485,state1,9.00900900900901,0.18004782011989962,0.1188613832677853
B,0.17995989974937346,0.1187894567264485,state1,9.01901901901902,0.18004662038392058,0.11886040168698009
B,0.17995989974937346,0.1187894567264485,state1,9.02902902902903,0.1800454310287496,0.11885942860208679
B,0.17995989974937346,0.1187894567264485,state1,9.03903903903904,0.1800442519122027,0.11885846389670449
B,0.17995989974937346,0.1187894567264485,state1,9.04904904904905,0.18004308289331467,0.11885750745543133
B,0.17995989974937346,0.1187894567264485,state1,9.05905905905906,0.1800419238323223,0.11885655916385066
B,0.17995989974937346,0.1187894567264485,state1,9.06906906906907,0.18004077459064777,0.11885561890851751
B,0.17995989974937346,0.1187894567264485,state1,9.07907907907908,0.1800396350308824,0.11885468657694509
B,0.17995989974937346,0.1187894567264485,state1,9.08908908908909,0.18003850501677013,0.11885376205759136
B,0.17995989974937346,0.1187894567264485,state1,9.0990990990991,0.1800373844131914,0.11885284523984585
B,0.17995989974937346,0.1187894567264485,state1,9.10910910910911,0.18003627308614717,0.11885193601401639
B,0.17995989974937346,0.1187894567264485,state1,9.11911911911912,0.1800351709027431,0.1188510342713162
B,0.17995989974937346,0.1187894567264485,state1,9.12912912912913,0.18003407773117358,0.1188501399038508
B,0.17995989974937346,0.1187894567264485,state1,9.13913913913914,0.18003299344070617,0.11884925280460529
B,0.17995989974937346,0.1187894567264485,state1,9.14914914914915,0.18003191790166614,0.11884837286743158
B,0.17995989974937346,0.1187894567264485,state1,9.15915915915916,0.18003085098542096,0.11884749998703574
B,0.17995989974937346,0.1187894567264485,state1,9.16916916916917,0.1800297925643651,0.11884663405896541
B,0.17995989974937346,0.1187894567264485,state1,9.17917917917918,0.1800287425119049,0.11884577497959754
B,0.17995989974937346,0.1187894567264485,state1,9.18918918918919,0.18002770070244334,0.11884492264612584
B,0.17995989974937346,0.1187894567264485,state1,9.1991991991992,0.18002666701136544,0.1188440769565487
B,0.17995989974937346,0.1187894567264485,state1,9.20920920920921,0.1800256413150231,0.11884323780965694
B,0.17995989974937346,0.1187894567264485,state1,9.21921921921922,0.18002462349072074,0.11884240510502189
B,0.17995989974937346,0.1187894567264485,state1,9.22922922922923,0.18002361341670034,0.11884157874298322
B,0.17995989974937346,0.1187894567264485,state1,9.23923923923924,0.1800226109721274,0.11884075862463728
B,0.17995989974937346,0.1187894567264485,state1,9.24924924924925,0.18002161603707623,0.11883994465182515
B,0.17995989974937346,0.1187894567264485,state1,9.25925925925926,0.1800206284925158,0.11883913672712111
B,0.17995989974937346,0.1187894567264485,state1,9.26926926926927,0.18001964822029562,0.11883833475382087
B,0.17995989974937346,0.1187894567264485,state1,9.27927927927928,0.1800186751031317,0.11883753863593015
B,0.17995989974937346,0.1187894567264485,state1,9.28928928928929,0.18001770902459246,0.11883674827815316
B,0.17995989974937346,0.1187894567264485,state1,9.2992992992993,0.1800167498690851,0.11883596358588135
B,0.17995989974937346,0.1187894567264485,state1,9.30930930930931,0.18001579752184171,0.11883518446518201
B,0.17995989974937346,0.1187894567264485,state1,9.31931931931932,0.1800148518689055,0.11883441082278721
B,0.17995989974937346,0.1187894567264485,state1,9.32932932932933,0.1800139127971176,0.11883364256608252
B,0.17995989974937346,0.1187894567264485,state1,9.33933933933934,0.18001298019410308,0.11883287960309605
B,0.17995989974937346,0.1187894567264485,state1,9.34934934934935,0.1800120539482581,0.11883212184248752
B,0.17995989974937346,0.1187894567264485,state1,9.35935935935936,0.18001113394873627,0.11883136919353732
B,0.17995989974937346,0.1187894567264485,state1,9.36936936936937,0.18001022008543555,0.11883062156613566
B,0.17995989974937346,0.1187894567264485,state1,9.37937937937938,0.1800093122489852,0.11882987887077187
B,0.17995989974937346,0.1187894567264485,state1,9.38938938938939,0.1800084103307327,0.11882914101852371
B,0.17995989974937346,0.1187894567264485,state1,9.3993993993994,0.18000751422273079,0.11882840792104672
B,0.17995989974937346,0.1187894567264485,state1,9.40940940940941,0.18000662381772467,0.11882767949056378
B,0.17995989974937346,0.1187894567264485,state1,9.41941941941942,0.1800057390091392,0.11882695563985449
B,0.17995989974937346,0.1187894567264485,state1,9.42942942942943,0.1800048596910661,0.1188262362822449
B,0.17995989974937346,0.1187894567264485,state1,9.43943943943944,0.18000398575825163,0.11882552133159703
B,0.17995989974937346,0.1187894567264485,state1,9.44944944944945,0.1800031171060836,0.11882481070229872
B,0.17995989974937346,0.1187894567264485,state1,9.45945945945946,0.1800022536305794,0.1188241043092533
B,0.17995989974937346,0.1187894567264485,state1,9.46946946946947,0.18000139522837313,0.11882340206786951
B,0.17995989974937346,0.1187894567264485,state1,9.47947947947948,0.1800005417967036,0.11882270389405136
B,0.17995989974937346,0.1187894567264485,state1,9.48948948948949,0.1799996932334021,0.11882200970418806
B,0.17995989974937346,0.1187894567264485,state1,9.4994994994995,0.17999884943687988,0.11882131941514408
B,0.17995989974937346,0.1187894567264485,state1,9.50950950950951,0.17999801030611645,0.1188206329442492
B,0.17995989974937346,0.1187894567264485,state1,9.51951951951952,0.17999717574064727,0.11881995020928868
B,0.17995989974937346,0.1187894567264485,state1,9.52952952952953,0.17999634564055186,0.11881927112849328
B,0.17995989974937346,0.1187894567264485,state1,9.53953953953954,0.17999551990644183,0.11881859562052971
B,0.17995989974937346,0.1187894567264485,state1,9.54954954954955,0.17999469843944918,0.11881792360449078
B,0.17995989974937346,0.1187894567264485,state1,9.55955955955956,0.1799938811412142,0.11881725499988575
B,0.17995989974937346,0.1187894567264485,state1,9.56956956956957,0.17999306791387418,0.11881658972663066
B,0.17995989974937346,0.1187894567264485,state1,9.57957957957958,0.17999225866005122,0.11881592770503892
B,0.17995989974937346,0.1187894567264485,state1,9.58958958958959,0.1799914532828411,0.11881526885581152
B,0.17995989974937346,0.1187894567264485,state1,9.5995995995996,0.17999065168580136,0.11881461310002787
B,0.17995989974937346,0.1187894567264485,state1,9.60960960960961,0.17998985377293994,0.11881396035913609
B,0.17995989974937346,0.1187894567264485,state1,9.61961961961962,0.17998905944870372,0.11881331055494371
B,0.17995989974937346,0.1187894567264485,state1,9.62962962962963,0.17998826861796713,0.11881266360960838
B,0.17995989974937346,0.1187894567264485,state1,9.63963963963964,0.1799874811860207,0.1188120194456285
B,0.17995989974937346,0.1187894567264485,state1,9.64964964964965,0.17998669705855994,0.11881137798583392
B,0.17995989974937346,0.1187894567264485,state1,9.65965965965966,0.17998591614167384,0.1188107391533768
B,0.17995989974937346,0.1187894567264485,state1,9.66966966966967,0.1799851383418338,0.11881010287172226
B,0.17995989974937346,0.1187894567264485,state1,9.67967967967968,0.17998436356588252,0.11880946906463939
B,0.17995989974937346,0.1187894567264485,state1,9.68968968968969,0.17998359172102274,0.11880883765619209
B,0.17995989974937346,0.1187894567264485,state1,9.6996996996997,0.17998282271480623,0.11880820857072982
B,0.17995989974937346,0.1187894567264485,state1,9.70970970970971,0.17998205645512272,0.11880758173287875
B,0.17995989974937346,0.1187894567264485,state1,9.71971971971972,0.17998129285018896,0.11880695706753266
B,0.17995989974937346,0.1187894567264485,state1,9.72972972972973,0.17998053180853768,0.11880633449984392
B,0.17995989974937346,0.1187894567264485,state1,9.73973973973974,0.17997977323900674,0.1188057139552145
B,0.17995989974937346,0.1187894567264485,state1,9.74974974974975,0.17997901705072814,0.11880509535928713
B,0.17995989974937346,0.1187894567264485,state1,9.75975975975976,0.1799782631531173,0.11880447863793633
B,0.17995989974937346,0.1187894567264485,state1,9.76976976976977,0.17997751145586205,0.11880386371725955
B,0.17995989974937346,0.1187894567264485,state1,9.77977977977978,0.17997676186891207,0.11880325052356829
B,0.17995989974937346,0.1187894567264485,state1,9.78978978978979,0.17997601430246796,0.11880263898337927
B,0.17995989974937346,0.1187894567264485,state1,9.7997997997998,0.17997526866697056,0.11880202902340564
B,0.17995989974937346,0.1187894567264485,state1,9.80980980980981,0.1799745248730903,0.11880142057054825
B,0.17995989974937346,0.1187894567264485,state1,9.81981981981982,0.17997378283171636,0.11880081355188674
B,0.17995989974937346,0.1187894567264485,state1,9.82982982982983,0.17997304245394627,0.11880020789467094
B,0.17995989974937346,0.1187894567264485,state1,9.83983983983984,0.1799723036510751,0.11879960352631208
B,0.17995989974937346,0.1187894567264485,state1,9.84984984984985,0.1799715663345849,0.11879900037437408
B,0.17995989974937346,0.1187894567264485,state1,9.85985985985986,0.17997083041613413,0.11879839836656488
B,0.17995989974937346,0.1187894567264485,state1,9.86986986986987,0.1799700958075471,0.11879779743072773
B,0.17995989974937346,0.1187894567264485,state1,9.87987987987988,0.1799693624208035,0.11879719749483263
B,0.17995989974937346,0.1187894567264485,state1,9.88988988988989,0.17996863016802772,0.11879659848696754
B,0.17995989974937346,0.1187894567264485,state1,9.8998998998999,0.17996789896147847,0.11879600033532987
B,0.17995989974937346,0.1187894567264485,state1,9.90990990990991,0.17996716871353832,0.11879540296821778
B,0.17995989974937346,0.1187894567264485,state1,9.91991991991992,0.17996643933670306,0.11879480631402163
B,0.17995989974937346,0.1187894567264485,state1,9.92992992992993,0.17996571074357143,0.11879421030121531
B,0.17995989974937346,0.1187894567264485,state1,9.93993993993994,0.17996498284683454,0.11879361485834775
B,0.17995989974937346,0.1187894567264485,state1,9.94994994994995,0.1799642555592655,0.11879301991403421
B,0.17995989974937346,0.1187894567264485,state1,9.95995995995996,0.17996352879370897,0.1187924253969478
B,0.17995989974937346,0.1187894567264485,state1,9.96996996996997,0.17996280246307078,0.11879183123581089
B,0.17995989974937346,0.1187894567264485,state1,9.97997997997998,0.17996207648030738,0.11879123735938645
B,0.17995989974937346,0.1187894567264485,state1,9.98998998998999,0.1799613507584156,0.11879064369646963
B,0.17995989974937346,0.1187894567264485,state1,10.0,0.17996062521042222,0.11879005017587908
C,0.2,0.1141381198834435,state0,0.0,0.20023209869222544,0.27524710107097106
C,0.2,0.1141381198834435,state0,0.01001001001001001,0.20267948725511775,0.27155078605194144
C,0.2,0.1141381198834435,state0,0.02002002002002002,0.20502077509804623,0.26796567103933333
C,0.2,0.1141381198834435,state0,0.03003003003003003,0.20725992975316473,0.26448819349374764
C,0.2,0.1141381198834435,state0,0.04004004004004004,0.20940076624729706,0.2611149023141691
C,0.2,0.1141381198834435,state0,0.050050050050050046,0.21144695380159312,0.25784245446403614
C,0.2,0.1141381198834435,state0,0.06006006006006006,0.21340202214521115,0.2546676117040166
C,0.2,0.1141381198834435,state0,0.07007007007007007,0.21526936747496195,0.25158723742716027
C,0.2,0.1141381198834435,state0,0.08008008008008008,0.2170522580892473,0.24859829359236085
C,0.2,0.1141381198834435,state0,0.09009009009009009,0.21875383972151932,0.24569783775229473
C,0.2,0.1141381198834435,state0,0.10010010010010009,0.2203771405958044,0.24288302017222851
C,0.2,0.1141381198834435,state0,0.11011011011011011,0.22192507622450885,0.24015108103628666
C,0.2,0.1141381198834435,state0,0.12012012012012012,0.2234004539666928,0.23749934773796175
C,0.2,0.1141381198834435,state0,0.13013013013013014,0.22480597736322736,0.23492523225182255
C,0.2,0.1141381198834435,state0,0.14014014014014015,0.22614425026369447,0.2324262285835388
C,0.2,0.1141381198834435,state0,0.15015015015015015,0.227417780758521,0.22999991029549138
C,0.2,0.1141381198834435,state0,0.16016016016016016,0.2286289849286278,0.2276439281053759
C,0.2,0.1141381198834435,state0,0.17017017017017017,0.22978019042380693,0.22535600755534047
C,0.2,0.1141381198834435,state0,0.18018018018018017,0.23087363988008786,0.22313394674931655
C,0.2,0.1141381198834435,state0,0.19019019019019018,0.2319114941855067,0.22097561415631817
C,0.2,0.1141381198834435,state0,0.20020020020020018,0.23289583560293647,0.21887894647758752
C,0.2,0.1141381198834435,state0,0.21021021021021022,0.23382867075795827,0.2168419465755659
C,0.2,0.1141381198834435,state0,0.22022022022022023,0.23471193349914435,0.21486268146275894
C,0.2,0.1141381198834435,state0,0.23023023023023023,0.23554748763757713,0.21293928034865178
C,0.2,0.1141381198834435,state0,0.24024024024024024,0.23633712957193187,0.21106993274291072
C,0.2,0.1141381198834435,state0,0.2502502502502503,0.23708259080500566,0.20925288661318084
C,0.2,0.1141381198834435,state0,0.2602602602602603,0.23778554035716698,0.20748644659586218
C,0.2,0.1141381198834435,state0,0.2702702702702703,0.23844758708183295,0.2057689722583102
C,0.2,0.1141381198834435,state0,0.2802802802802803,0.23907028188774568,0.20409887641096894
C,0.2,0.1141381198834435,state0,0.2902902902902903,0.23965511987251062,0.202474623468003
C,0.2,0.1141381198834435,state0,0.3003003003003003,0.24020354237158192,0.20089472785504847
C,0.2,0.1141381198834435,state0,0.3103103103103103,0.2407169389266204,0.19935775246275314
C,0.2,0.1141381198834435,state0,0.3203203203203203,0.24119664917691502,0.19786230714482472
C,0.2,0.1141381198834435,state0,0.3303303303303303,0.2416439646773415,0.19640704725935046
C,0.2,0.1141381198834435,state0,0.34034034034034033,0.24206013064613027,0.19499067225219313
C,0.2,0.1141381198834435,state0,0.35035035035035034,0.2424463476455333,0.19361192428130933
C,0.2,0.1141381198834435,state0,0.36036036036036034,0.24280377319830493,0.19226958688087192
C,0.2,0.1141381198834435,state0,0.37037037037037035,0.24313352334275778,0.1909624836641156
C,0.2,0.1141381198834435,state0,0.38038038038038036,0.2434366741290033,0.18968947706385628
C,0.2,0.1141381198834435,state0,0.39039039039039036,0.24371426305885208,0.18844946710966828
C,0.2,0.1141381198834435,state0,0.40040040040040037,0.24396729047172216,0.18724139024073233
C,0.2,0.1141381198834435,state0,0.41041041041041043,0.2441967208787832,0.18606421815339622
C,0.2,0.1141381198834435,state0,0.42042042042042044,0.24440348424745378,0.184916956682517
C,0.2,0.1141381198834435,state0,0.43043043043043044,0.2445884772382672,0.1837986447156804
C,0.2,0.1141381198834435,state0,0.44044044044044045,0.24475256439602094,0.18270835313941544
C,0.2,0.1141381198834435,state0,0.45045045045045046,0.24489657929703712,0.18164518381654962
C,0.2,0.1141381198834435,state0,0.46046046046046046,0.24502132565427248,0.18060826859386814
C,0.2,0.1141381198834435,state0,0.47047047047047047,0.24512757838193955,0.17959676833926624
C,0.2,0.1141381198834435,state0,0.4804804804804805,0.24521608462122174,0.17860987200760214
C,0.2,0.1141381198834435,state0,0.4904904904904905,0.24528756472859542,0.17764679573447903
C,0.2,0.1141381198834435,state0,0.5005005005005005,0.2453427132282052,0.17670678195720366
C,0.2,0.1141381198834435,state0,0.5105105105105106,0.2453821997296737,0.17578909856218775
C,0.2,0.1141381198834435,state0,0.5205205205205206,0.24540666981266848,0.17489303805807635
C,0.2,0.1141381198834435,state0,0.5305305305305306,0.2454167458794905,0.17401791677390505
C,0.2,0.1141381198834435,state0,0.5405405405405406,0.2454130279768961,0.1731630740816042
C,0.2,0.1141381198834435,state0,0.5505505505505506,0.24539609458831255,0.17232787164218585
C,0.2,0.1141381198834435,state0,0.5605605605605606,0.2453665033975593,0.17151169267496366
C,0.2,0.1141381198834435,state0,0.5705705705705706,0.24532479202514032,0.1707139412491725
C,0.2,0.1141381198834435,state0,0.5805805805805806,0.24527147873813057,0.1699340415973698
C,0.2,0.1141381198834435,state0,0.5905905905905906,0.24520706313463675,0.16917143745001456
C,0.2,0.1141381198834435,state0,0.6006006006006006,0.24513202680377363,0.16842559139063498
C,0.2,0.1141381198834435,state0,0.6106106106106106,0.2450468339620592,0.16769598423100984
C,0.2,0.1141381198834435,state0,0.6206206206206206,0.24495193206709695,0.16698211440580196
C,0.2,0.1141381198834435,state0,0.6306306306306306,0.24484775240937764,0.16628349738609613
C,0.2,0.1141381198834435,state0,0.6406406406406406,0.24473471068300198,0.16559966511130653
C,0.2,0.1141381198834435,state0,0.6506506506506506,0.244613207536093,0.16493016543893235
C,0.2,0.1141381198834435,state0,0.6606606606606606,0.2444836291016383,0.16427456161165185
C,0.2,0.1141381198834435,state0,0.6706706706706707,0.24434634750947318,0.16363243174125852
C,0.2,0.1141381198834435,state0,0.6806806806806807,0.24420172138008817,0.16300336830895457
C,0.2,0.1141381198834435,state0,0.6906906906906907,0.24405009630091898,0.1623869776815293
C,0.2,0.1141381198834435,state0,0.7007007007007007,0.2438918052857521,0.16178287964296076
C,0.2,0.1141381198834435,state0,0.7107107107107107,0.24372716921785406,0.16119070694099186
C,0.2,0.1141381198834435,state0,0.7207207207207207,0.24355649727741116,0.1606101048482422
C,0.2,0.1141381198834435,state0,0.7307307307307307,0.24338008735384356,0.16004073073742828
C,0.2,0.1141381198834435,state0,0.7407407407407407,0.2431982264435361,0.15948225367027585
C,0.2,0.1141381198834435,state0,0.7507507507507507,0.24301119103350957,0.15893435399971856
C,0.2,0.1141381198834435,state0,0.7607607607607607,0.24281924747153533,0.15839672298498694
C,0.2,0.1141381198834435,state0,0.7707707707707707,0.2426226523231782,0.1578690624192034
C,0.2,0.1141381198834435,state0,0.7807807807807807,0.24242165271623423,0.15735108426910682
C,0.2,0.1141381198834435,state0,0.7907907907907907,0.24221648667301415,0.1568425103265425
C,0.2,0.1141381198834435,state0,0.8008008008008007,0.2420073834309047,0.1563430718713607
C,0.2,0.1141381198834435,state0,0.8108108108108109,0.24179456375162617,0.15585250934537775
C,0.2,0.1141381198834435,state0,0.8208208208208209,0.2415782402195881,0.1553705720370629
C,0.2,0.1141381198834435,state0,0.8308308308308309,0.24135861752973087,0.15489701777662196
C,0.2,0.1141381198834435,state0,0.8408408408408409,0.2411358927652267,0.15443161264115954
C,0.2,0.1141381198834435,state0,0.8508508508508509,0.24091025566540059,0.1539741306696083
C,0.2,0.1141381198834435,state0,0.8608608608608609,0.24068188888421774,0.15352435358712396
C,0.2,0.1141381198834435,state0,0.8708708708708709,0.24045096823967219,0.15308207053865175
C,0.2,0.1141381198834435,state0,0.8808808808808809,0.24021766295439956,0.15264707783137885
C,0.2,0.1141381198834435,state0,0.8908908908908909,0.23998213588782397,0.1522191786857954
C,0.2,0.1141381198834435,state0,0.9009009009009009,0.2397445437601401,0.15179818299509384
C,0.2,0.1141381198834435,state0,0.9109109109109109,0.2395050373684182,0.15138390709264427
C,0.2,0.1141381198834435,state0,0.9209209209209209,0.23926376179511155,0.15097617352729134
C,0.2,0.1141381198834435,state0,0.9309309309309309,0.23902085660923475,0.15057481084622493
C,0.2,0.1141381198834435,state0,0.9409409409409409,0.23877645606047196,0.15017965338518385
C,0.2,0.1141381198834435,state0,0.950950950950951,0.238530689266465,0.14979054106575934
C,0.2,0.1141381198834435,state0,0.960960960960961,0.2382836803935224,0.14940731919957154
C,0.2,0.1141381198834435,state0,0.970970970970971,0.23803554883098146,0.1490298382990986
C,0.2,0.1141381198834435,state0,0.980980980980981,0.23778640935944795,0.14865795389494477
C,0.2,0.1141381198834435,state0,0.990990990990991,0.23753637231312882,0.14829152635933993
C,0.2,0.1141381198834435,state0,1.001001001001001,0.23728554373646757,0.14793042073566948
C,0.2,0.1141381198834435,state0,1.011011011011011,0.23703402553528186,0.1475745065738388
C,0.2,0.1141381198834435,state0,1.021021021021021,0.23678191562259854,0.1472236577712832
C,0.2,0.1141381198834435,state0,1.031031031031031,0.23652930805937294,0.14687775241943926
C,0.2,0.1141381198834435,state0,1.0410410410410411,0.23627629319027213,0.1465366726554993
C,0.2,0.1141381198834435,state0,1.0510510510510511,0.23602295777469698,0.14620030451927601
C,0.2,0.1141381198834435,state0,1.0610610610610611,0.23576938511321063,0.1458685378150099
C,0.2,0.1141381198834435,state0,1.0710710710710711,0.23551565516953538,0.14554126597795622
C,0.2,0.1141381198834435,state0,1.0810810810810811,0.235261844688274,0.14521838594559475
C,0.2,0.1141381198834435,state0,1.0910910910910911,0.2350080273085065,0.1448997980333089
C,0.2,0.1141381198834435,state0,1.1011011011011012,0.23475427367340734,0.14458540581438653
C,0.2,0.1141381198834435,state0,1.1111111111111112,0.23450065153602373,0.14427511600419896
C,0.2,0.1141381198834435,state0,1.1211211211211212,0.2342472258613499,0.1439688383484188
C,0.2,0.1141381198834435,state0,1.1311311311311312,0.23399405892482833,0.14366648551514263
C,0.2,0.1141381198834435,state0,1.1411411411411412,0.23374121040740306,0.1433679729907873
C,0.2,0.1141381198834435,state0,1.1511511511511512,0.2334887374872474,0.1430732189796341
C,0.2,0.1141381198834435,state0,1.1611611611611612,0.2332366949282825,0.14278214430689803
C,0.2,0.1141381198834435,state0,1.1711711711711712,0.23298513516560038,0.1424946723252037
C,0.2,0.1141381198834435,state0,1.1811811811811812,0.23273410838789987,0.14221072882435346
C,0.2,0.1141381198834435,state0,1.1911911911911912,0.23248366261704106,0.14193024194427592
C,0.2,0.1141381198834435,state0,1.2012012012012012,0.23223384378481968,0.14165314209104815
C,0.2,0.1141381198834435,state0,1.2112112112112112,0.23198469580705908,0.14137936185588657
C,0.2,0.1141381198834435,state0,1.2212212212212212,0.2317362606551145,0.1411088359370065
C,0.2,0.1141381198834435,state0,1.2312312312312312,0.2314885784248805,0.14084150106425203
C,0.2,0.1141381198834435,state0,1.2412412412412412,0.23124168740338974,0.14057729592640278
C,0.2,0.1141381198834435,state0,1.2512512512512513,0.23099562413308758,0.1403161611010651
C,0.2,0.1141381198834435,state0,1.2612612612612613,0.23075042347386446,0.14005803898706
C,0.2,0.1141381198834435,state0,1.2712712712712713,0.23050611866292503,0.13980287373922226
C,0.2,0.1141381198834435,state0,1.2812812812812813,0.23026274137256983,0.13955061120552759
C,0.2,0.1141381198834435,state0,1.2912912912912913,0.23002032176596354,0.13930119886646827
C,0.2,0.1141381198834435,state0,1.3013013013013013,0.22977888855095996,0.13905458577659935
C,0.2,0.1141381198834435,state0,1.3113113113113113,0.22953846903205247,0.138810722508181
C,0.2,0.1141381198834435,state0,1.3213213213213213,0.22929908916051614,0.1385695610968443
C,0.2,0.1141381198834435,state0,1.3313313313313313,0.22906077358280416,0.13833105498921042
C,0.2,0.1141381198834435,state0,1.3413413413413413,0.22882354568726126,0.13809515899239583
C,0.2,0.1141381198834435,state0,1.3513513513513513,0.22858742764921186,0.1378618292253374
C,0.2,0.1141381198834435,state0,1.3613613613613613,0.22835244047448156,0.1376310230718748
C,0.2,0.1141381198834435,state0,1.3713713713713713,0.22811860404140571,0.1374026991355285
C,0.2,0.1141381198834435,state0,1.3813813813813813,0.22788593714137906,0.13717681719591446
C,0.2,0.1141381198834435,state0,1.3913913913913913,0.22765445751799723,0.1369533381667381
C,0.2,0.1141381198834435,state0,1.4014014014014013,0.22742418190484012,0.13673222405531255
C,0.2,0.1141381198834435,state0,1.4114114114114114,0.2271951260619438,0.1365134379235476
C,0.2,0.1141381198834435,state0,1.4214214214214214,0.22696730481100838,0.13629694385035737
C,0.2,0.1141381198834435,state0,1.4314314314314314,0.22674073206938505,0.13608270689543778
C,0.2,0.1141381198834435,state0,1.4414414414414414,0.22651542088288548,0.1358706930643644
C,0.2,0.1141381198834435,state0,1.4514514514514514,0.22629138345745514,0.13566086927496485
C,0.2,0.1141381198834435,state0,1.4614614614614614,0.22606863118975026,0.13545320332492075
C,0.2,0.1141381198834435,state0,1.4714714714714714,0.22584717469665638,0.13524766386055515
C,0.2,0.1141381198834435,state0,1.4814814814814814,0.2256270238437865,0.1350442203467641
C,0.2,0.1141381198834435,state0,1.4914914914914914,0.22540818777299373,0.13484284303805133
C,0.2,0.1141381198834435,state0,1.5015015015015014,0.22519067492893324,0.13464350295062702
C,0.2,0.1141381198834435,state0,1.5115115115115114,0.22497449308470727,0.1344461718355327
C,0.2,0.1141381198834435,state0,1.5215215215215214,0.22475964936662426,0.13425082215275577
C,0.2,0.1141381198834435,state0,1.5315315315315314,0.2245461502781042,0.13405742704629842
C,0.2,0.1141381198834435,state0,1.5415415415415414,0.22433400172275914,0.1338659603201665
C,0.2,0.1141381198834435,state0,1.5515515515515514,0.22412320902667837,0.1336763964152457
C,0.2,0.1141381198834435,state0,1.5615615615615615,0.22391377695994572,0.13348871038703325
C,0.2,0.1141381198834435,state0,1.5715715715715715,0.22370570975741555,0.13330287788419412
C,0.2,0.1141381198834435,state0,1.5815815815815815,0.22349901113877416,0.13311887512791243
C,0.2,0.1141381198834435,state0,1.5915915915915915,0.22329368432791047,0.1329366788920091
C,0.2,0.1141381198834435,state0,1.6016016016016015,0.22308973207162078,0.1327562664837984
C,0.2,0.1141381198834435,state0,1.6116116116116117,0.22288715665767048,0.13257761572565663
C,0.2,0.1141381198834435,state0,1.6216216216216217,0.22268595993223567,0.13240070493727674
C,0.2,0.1141381198834435,state0,1.6316316316316317,0.22248614331674524,0.132225512918585
C,0.2,0.1141381198834435,state0,1.6416416416416417,0.22228770782414506,0.13205201893329455
C,0.2,0.1141381198834435,state0,1.6516516516516517,0.22209065407460457,0.13188020269307366
C,0.2,0.1141381198834435,state0,1.6616616616616617,0.22189498231068416,0.13171004434230568
C,0.2,0.1141381198834435,state0,1.6716716716716717,0.221700692411983,0.13154152444341952
C,0.2,0.1141381198834435,state0,1.6816816816816818,0.2215077839092851,0.13137462396276947
C,0.2,0.1141381198834435,state0,1.6916916916916918,0.22131625599822036,0.13120932425704473
C,0.2,0.1141381198834435,state0,1.7017017017017018,0.22112610755245873,0.13104560706018886
C,0.2,0.1141381198834435,state0,1.7117117117117118,0.22093733713645217,0.13088345447081057
C,0.2,0.1141381198834435,state0,1.7217217217217218,0.22074994301774137,0.13072284894006794
C,0.2,0.1141381198834435,state0,1.7317317317317318,0.2205639231788409,0.1305637732600086
C,0.2,0.1141381198834435,state0,1.7417417417417418,0.22037927532871926,0.13040621055234874
C,0.2,0.1141381198834435,state0,1.7517517517517518,0.2201959969138854,0.13025014425767556
C,0.2,0.1141381198834435,state0,1.7617617617617618,0.22001408512909737,0.1300955581250564
C,0.2,0.1141381198834435,state0,1.7717717717717718,0.21983353692770535,0.12994243620204074
C,0.2,0.1141381198834435,state0,1.7817817817817818,0.21965434903164094,0.12979076282503935
C,0.2,0.1141381198834435,state0,1.7917917917917918,0.21947651794106648,0.12964052261006734
C,0.2,0.1141381198834435,state0,1.8018018018018018,0.21930003994369413,0.12949170044383748
C,0.2,0.1141381198834435,state0,1.8118118118118118,0.21912491112378804,0.12934428147519048
C,0.2,0.1141381198834435,state0,1.8218218218218218,0.2189511273708588,0.12919825110684963
C,0.2,0.1141381198834435,state0,1.8318318318318318,0.2187786843880619,0.12905359498748833
C,0.2,0.1141381198834435,state0,1.8418418418418419,0.21860757770030945,0.12891029900409792
C,0.2,0.1141381198834435,state0,1.8518518518518519,0.2184378026621058,0.1287683492746451
C,0.2,0.1141381198834435,state0,1.8618618618618619,0.21826935446511583,0.12862773214100798
C,0.2,0.1141381198834435,state0,1.8718718718718719,0.21810222814547525,0.1284884341621802
C,0.2,0.1141381198834435,state0,1.8818818818818819,0.2179364185908518,0.12835044210773308
C,0.2,0.1141381198834435,state0,1.8918918918918919,0.217771920547266,0.128213742951526
C,0.2,0.1141381198834435,state0,1.901901901901902,0.21760872862567884,0.12807832386565574
C,0.2,0.1141381198834435,state0,1.911911911911912,0.21744683730835546,0.1279441722146358
C,0.2,0.1141381198834435,state0,1.921921921921922,0.2172862409550116,0.12781127554979643
C,0.2,0.1141381198834435,state0,1.931931931931932,0.21712693380875034,0.1276796216038979
C,0.2,0.1141381198834435,state0,1.941941941941942,0.21696891000179655,0.12754919828594824
C,0.2,0.1141381198834435,state0,1.951951951951952,0.21681216356103544,0.1274199936762177
C,0.2,0.1141381198834435,state0,1.961961961961962,0.21665668841336222,0.12729199602144267
C,0.2,0.1141381198834435,state0,1.971971971971972,0.2165024783908492,0.1271651937302117
C,0.2,0.1141381198834435,state0,1.981981981981982,0.21634952723573583,0.12703957536852672
C,0.2,0.1141381198834435,state0,1.991991991991992,0.2161978286052489,0.12691512965553234
C,0.2,0.1141381198834435,state0,2.002002002002002,0.21604737607625707,0.12679184545940755
C,0.2,0.1141381198834435,state0,2.012012012012012,0.21589816314976698,0.12666971179341277
C,0.2,0.1141381198834435,state0,2.022022022022022,0.21575018325526468,0.12654871781208663
C,0.2,0.1141381198834435,state0,2.032032032032032,0.21560342975490834,0.12642885280758678
C,0.2,0.1141381198834435,state0,2.042042042042042,0.21545789594757758,0.12631010620616898
C,0.2,0.1141381198834435,state0,2.052052052052052,0.21531357507278306,0.12619246756479904
C,0.2,0.1141381198834435,state0,2.062062062062062,0.21517046031444237,0.12607592656789288
C,0.2,0.1141381198834435,state0,2.0720720720720722,0.2150285448045252,0.12596047302417895
C,0.2,0.1141381198834435,state0,2.0820820820820822,0.21488782162657374,0.125846096863679
C,0.2,0.1141381198834435,state0,2.0920920920920922,0.21474828381910097,0.12573278813480235
C,0.2,0.1141381198834435,state0,2.1021021021021022,0.21460992437887177,0.12562053700154885
C,0.2,0.1141381198834435,state0,2.1121121121121122,0.21447273626407068,0.12550933374081674
C,0.2,0.1141381198834435,state0,2.1221221221221223,0.21433671239735946,0.1253991687398111
C,0.2,0.1141381198834435,state0,2.1321321321321323,0.2142018456688288,0.125290032493549
C,0.2,0.1141381198834435,state0,2.1421421421421423,0.21406812893884758,0.12518191560245714
C,0.2,0.1141381198834435,state0,2.1521521521521523,0.21393555504081202,0.12507480877005916
C,0.2,0.1141381198834435,state0,2.1621621621621623,0.21380411678379987,0.12496870280074822
C,0.2,0.1141381198834435,state0,2.1721721721721723,0.21367380695513094,0.12486358859764181
C,0.2,0.1141381198834435,state0,2.1821821821821823,0.21354461832283828,0.1247594571605158
C,0.2,0.1141381198834435,state0,2.1921921921921923,0.213416543638052,0.12465629958381413
C,0.2,0.1141381198834435,state0,2.2022022022022023,0.2132895756372997,0.12455410705473118
C,0.2,0.1141381198834435,state0,2.2122122122122123,0.21316370704472495,0.12445287085136428
C,0.2,0.1141381198834435,state0,2.2222222222222223,0.21303893057422751,0.12435258234093315
C,0.2,0.1141381198834435,state0,2.2322322322322323,0.21291523893152733,0.12425323297806382
C,0.2,0.1141381198834435,state0,2.2422422422422423,0.21279262481615488,0.12415481430313424
C,0.2,0.1141381198834435,state0,2.2522522522522523,0.21267108092337023,0.12405731794067948
C,0.2,0.1141381198834435,state0,2.2622622622622623,0.21255059994601352,0.12396073559785346
C,0.2,0.1141381198834435,state0,2.2722722722722724,0.21243117457628805,0.12386505906294565
C,0.2,0.1141381198834435,state0,2.2822822822822824,0.21231279750747975,0.12377028020395005
C,0.2,0.1141381198834435,state0,2.2922922922922924,0.21219546143561313,0.12367639096718443
C,0.2,0.1141381198834435,state0,2.3023023023023024,0.21207915906104768,0.12358338337595785
C,0.2,0.1141381198834435,state0,2.3123123123123124,0.21196388309001532,0.12349124952928456
C,0.2,0.1141381198834435,state0,2.3223223223223224,0.2118496262361012,0.12339998160064194
C,0.2,0.1141381198834435,state0,2.3323323323323324,0.2117363812216698,0.12330957183677156
C,0.2,0.1141381198834435,state0,2.3423423423423424,0.211624140779238,0.1232200125565205
C,0.2,0.1141381198834435,state0,2.3523523523523524,0.21151289765279663,0.12313129614972229
C,0.2,0.1141381198834435,state0,2.3623623623623624,0.2114026445990826,0.12304341507611508
C,0.2,0.1141381198834435,state0,2.3723723723723724,0.21129337438880227,0.12295636186429587
C,0.2,0.1141381198834435,state0,2.3823823823823824,0.2111850798078091,0.12287012911070948
C,0.2,0.1141381198834435,state0,2.3923923923923924,0.2110777536582354,0.12278470947867019
C,0.2,0.1141381198834435,state0,2.4024024024024024,0.21097138875958082,0.12270009569741556
C,0.2,0.1141381198834435,state0,2.4124124124124124,0.21086597794975834,0.12261628056119021
C,0.2,0.1141381198834435,state0,2.4224224224224224,0.21076151408609947,0.12253325692835902
C,0.2,0.1141381198834435,state0,2.4324324324324325,0.21065799004631966,0.12245101772054823
C,0.2,0.1141381198834435,state0,2.4424424424424425,0.21055539872944523,0.12236955592181308
C,0.2,0.1141381198834435,state0,2.4524524524524525,0.21045373305670348,0.12228886457783132
C,0.2,0.1141381198834435,state0,2.4624624624624625,0.2103529859723761,0.12220893679512126
C,0.2,0.1141381198834435,state0,2.4724724724724725,0.21025315044461856,0.12212976574028321
C,0.2,0.1141381198834435,state0,2.4824824824824825,0.21015421946624502,0.12205134463926359
C,0.2,0.1141381198834435,state0,2.4924924924924925,0.21005618605548076,0.12197366677664062
C,0.2,0.1141381198834435,state0,2.5025025025025025,0.20995904325668296,0.12189672549493064
C,0.2,0.1141381198834435,state0,2.5125125125125125,0.20986278414103085,0.12182051419391433
C,0.2,0.1141381198834435,state0,2.5225225225225225,0.20976740180718587,0.12174502632998198
C,0.2,0.1141381198834435,state0,2.5325325325325325,0.2096728893819233,0.1216702554154966
C,0.2,0.1141381198834435,state0,2.5425425425425425,0.20957924002073589,0.1215961950181749
C,0.2,0.1141381198834435,state0,2.5525525525525525,0.20948644690841045,0.12152283876048466
C,0.2,0.1141381198834435,state0,2.5625625625625625,0.20939450325957826,0.1214501803190581
C,0.2,0.1141381198834435,state0,2.5725725725725725,0.20930340231924024,0.12137821342412057
C,0.2,0.1141381198834435,state0,2.5825825825825826,0.2092131373632674,0.12130693185893393
C,0.2,0.1141381198834435,state0,2.5925925925925926,0.20912370169887776,0.12123632945925387
C,0.2,0.1141381198834435,state0,2.6026026026026026,0.2090350886650898,0.12116640011280069
C,0.2,0.1141381198834435,state0,2.6126126126126126,0.20894729163315398,0.12109713775874292
C,0.2,0.1141381198834435,state0,2.6226226226226226,0.20886030400696254,0.1210285363871932
C,0.2,0.1141381198834435,state0,2.6326326326326326,0.2087741192234383,0.12096059003871613
C,0.2,0.1141381198834435,state0,2.6426426426426426,0.20868873075290312,0.12089329280384706
C,0.2,0.1141381198834435,state0,2.6526526526526526,0.20860413209942674,0.12082663882262203
C,0.2,0.1141381198834435,state0,2.6626626626626626,0.20852031680115685,0.12076062228411784
C,0.2,0.1141381198834435,state0,2.6726726726726726,0.20843727843063006,0.12069523742600208
C,0.2,0.1141381198834435,state0,2.6826826826826826,0.2083550105950659,0.12063047853409263
C,0.2,0.1141381198834435,state0,2.6926926926926926,0.2082735069366427,0.1205663399419262
C,0.2,0.1141381198834435,state0,2.7027027027027026,0.2081927611327571,0.12050281603033573
C,0.2,0.1141381198834435,state0,2.7127127127127126,0.20811276689626748,0.12043990122703577
C,0.2,0.1141381198834435,state0,2.7227227227227226,0.20803351797572125,0.1203775900062163
C,0.2,0.1141381198834435,state0,2.7327327327327327,0.20795500815556714,0.12031587688814369
C,0.2,0.1141381198834435,state0,2.7427427427427427,0.20787723125635282,0.12025475643876936
C,0.2,0.1141381198834435,state0,2.7527527527527527,0.2078001811349082,0.12019422326934526
C,0.2,0.1141381198834435,state0,2.7627627627627627,0.2077238516845146,0.12013427203604603
C,0.2,0.1141381198834435,state0,2.7727727727727727,0.2076482368350609,0.12007489743959772
C,0.2,0.1141381198834435,state0,2.7827827827827827,0.20757333055318675,0.12001609422491256
C,0.2,0.1141381198834435,state0,2.7927927927927927,0.20749912684241278,0.11995785718072975
C,0.2,0.1141381198834435,state0,2.8028028028028027,0.20742561974325904,0.11990018113926171
C,0.2,0.1141381198834435,state0,2.8128128128128127,0.20735280333335174,0.11984306097584596
C,0.2,0.1141381198834435,state0,2.8228228228228227,0.2072806717275179,0.11978649160860215
C,0.2,0.1141381198834435,state0,2.8328328328328327,0.20720921907787027,0.11973046799809399
C,0.2,0.1141381198834435,state0,2.8428428428428427,0.20713843957387998,0.11967498514699608
C,0.2,0.1141381198834435,state0,2.8528528528528527,0.20706832744244014,0.11962003809976524
C,0.2,0.1141381198834435,state0,2.8628628628628627,0.2069988769479189,0.11956562194231635
C,0.2,0.1141381198834435,state0,2.8728728728728727,0.20693008239220279,0.11951173180170238
C,0.2,0.1141381198834435,state0,2.8828828828828827,0.20686193811473086,0.11945836284579843
C,0.2,0.1141381198834435,state0,2.8928928928928928,0.20679443849251963,0.11940551028298972
C,0.2,0.1141381198834435,state0,2.9029029029029028,0.20672757794017954,0.11935316936186342
C,0.2,0.1141381198834435,state0,2.9129129129129128,0.20666135090992255,0.11930133537090395
C,0.2,0.1141381198834435,state0,2.9229229229229228,0.20659575189156176,0.11925000363819184
C,0.2,0.1141381198834435,state0,2.932932932932933,0.20653077541250328,0.11919916953110585
C,0.2,0.1141381198834435,state0,2.942942942942943,0.20646641603772994,0.11914882845602848
C,0.2,0.1141381198834435,state0,2.952952952952953,0.20640266836977803,0.11909897585805433
C,0.2,0.1141381198834435,state0,2.962962962962963,0.20633952704870676,0.11904960722070168
C,0.2,0.1141381198834435,state0,2.972972972972973,0.20627698675206088,0.11900071806562683
C,0.2,0.1141381198834435,state0,2.982982982982983,0.20621504219482623,0.11895230395234112
C,0.2,0.1141381198834435,state0,2.992992992992993,0.20615368812937943,0.11890436047793088
C,0.2,0.1141381198834435,state0,3.003003003003003,0.2060929193454308,0.11885688327677979
C,0.2,0.1141381198834435,state0,3.013013013013013,0.20603273066996172,0.11880986802029372
C,0.2,0.1141381198834435,state0,3.023023023023023,0.20597311696715573,0.11876331041662809
C,0.2,0.1141381198834435,state0,3.033033033033033,0.20591407313832424,0.11871720621041755
C,0.2,0.1141381198834435,state0,3.043043043043043,0.20585559412182702,0.11867155118250783
C,0.2,0.1141381198834435,state0,3.053053053053053,0.20579767489298706,0.11862634114968985
C,0.2,0.1141381198834435,state0,3.063063063063063,0.20574031046400068,0.11858157196443608
C,0.2,0.1141381198834435,state0,3.073073073073073,0.20568349588384277,0.11853723951463864
C,0.2,0.1141381198834435,state0,3.083083083083083,0.20562722623816704,0.11849333972334976
C,0.2,0.1141381198834435,state0,3.093093093093093,0.20557149664920227,0.118449868548524
C,0.2,0.1141381198834435,state0,3.103103103103103,0.20551630227564383,0.11840682198276231
C,0.2,0.1141381198834435,state0,3.113113113113113,0.205461638312541,0.11836419605305815
C,0.2,0.1141381198834435,state0,3.123123123123123,0.20540749999118058,0.11832198682054507
C,0.2,0.1141381198834435,state0,3.133133133133133,0.20535388257896633,0.11828019038024647
C,0.2,0.1141381198834435,state0,3.143143143143143,0.20530078137929472,0.11823880286082662
C,0.2,0.1141381198834435,state0,3.153153153153153,0.20524819173142733,0.11819782042434371
C,0.2,0.1141381198834435,state0,3.163163163163163,0.2051961090103593,0.11815723926600423
C,0.2,0.1141381198834435,state0,3.173173173173173,0.20514452862668522,0.11811705561391926
C,0.2,0.1141381198834435,state0,3.183183183183183,0.20509344602646096,0.11807726572886196
C,0.2,0.1141381198834435,state0,3.193193193193193,0.20504285669106323,0.11803786590402691
C,0.2,0.1141381198834435,state0,3.203203203203203,0.2049927561370457,0.11799885246479071
C,0.2,0.1141381198834435,state0,3.2132132132132134,0.20494313991599256,0.11796022176847414
C,0.2,0.1141381198834435,state0,3.2232232232232234,0.2048940036143693,0.11792197020410587
C,0.2,0.1141381198834435,state0,3.2332332332332334,0.20484534285337097,0.11788409419218732
C,0.2,0.1141381198834435,state0,3.2432432432432434,0.20479715328876785,0.1178465901844592
C,0.2,0.1141381198834435,state0,3.2532532532532534,0.204749430610749,0.1178094546636692
C,0.2,0.1141381198834435,state0,3.2632632632632634,0.20470217054376325,0.11777268414334115
C,0.2,0.1141381198834435,state0,3.2732732732732734,0.20465536884635838,0.11773627516754552
C,0.2,0.1141381198834435,state0,3.2832832832832834,0.20460902131101794,0.11770022431067115
C,0.2,0.1141381198834435,state0,3.2932932932932935,0.20456312376399635,0.1176645281771983
C,0.2,0.1141381198834435,state0,3.3033033033033035,0.20451767206515195,0.11762918340147303
C,0.2,0.1141381198834435,state0,3.3133133133133135,0.20447266210777845,0.11759418664748289
C,0.2,0.1141381198834435,state0,3.3233233233233235,0.20442808981843458,0.11755953460863361
C,0.2,0.1141381198834435,state0,3.3333333333333335,0.20438395115677233,0.11752522400752734
C,0.2,0.1141381198834435,state0,3.3433433433433435,0.20434024211536322,0.11749125159574197
C,0.2,0.1141381198834435,state0,3.3533533533533535,0.20429695871952389,0.11745761415361167
C,0.2,0.1141381198834435,state0,3.3633633633633635,0.20425409702713956,0.11742430849000858
C,0.2,0.1141381198834435,state0,3.3733733733733735,0.20421165312848674,0.11739133144212588
C,0.2,0.1141381198834435,state0,3.3833833833833835,0.20416962314605452,0.11735867987526181
C,0.2,0.1141381198834435,state0,3.3933933933933935,0.20412800323436486,0.11732635068260512
C,0.2,0.1141381198834435,state0,3.4034034034034035,0.20408678957979162,0.11729434078502143
C,0.2,0.1141381198834435,state0,3.4134134134134135,0.20404597840037883,0.11726264713084096
C,0.2,0.1141381198834435,state0,3.4234234234234235,0.20400556594565789,0.11723126669564729
C,0.2,0.1141381198834435,state0,3.4334334334334335,0.203965548496464,0.11720019648206742
C,0.2,0.1141381198834435,state0,3.4434434434434436,0.2039259223647518,0.11716943351956273
C,0.2,0.1141381198834435,state0,3.4534534534534536,0.20388668389341003,0.11713897486422142
C,0.2,0.1141381198834435,state0,3.4634634634634636,0.20384782945607596,0.11710881759855173
C,0.2,0.1141381198834435,state0,3.4734734734734736,0.20380935545694898,0.11707895883127652
C,0.2,0.1141381198834435,state0,3.4834834834834836,0.20377125833060333,0.11704939569712898
C,0.2,0.1141381198834435,state0,3.4934934934934936,0.20373353454180096,0.11702012535664932
C,0.2,0.1141381198834435,state0,3.5035035035035036,0.20369618058530334,0.11699114499598268
C,0.2,0.1141381198834435,state0,3.5135135135135136,0.2036591929856832,0.11696245182667814
C,0.2,0.1141381198834435,state0,3.5235235235235236,0.20362256829713588,0.11693404308548891
C,0.2,0.1141381198834435,state0,3.5335335335335336,0.20358630310329026,0.11690591603417348
C,0.2,0.1141381198834435,state0,3.5435435435435436,0.20355039401701955,0.116878067959298
C,0.2,0.1141381198834435,state0,3.5535535535535536,0.20351483768025175,0.11685049617203984
C,0.2,0.1141381198834435,state0,3.5635635635635636,0.20347963076378006,0.11682319800799189
C,0.2,0.1141381198834435,state0,3.5735735735735736,0.2034447699670732,0.11679617082696854
C,0.2,0.1141381198834435,state0,3.5835835835835836,0.2034102520180853,0.11676941201281224
C,0.2,0.1141381198834435,state0,3.5935935935935936,0.20337607367306626,0.11674291897320145
C,0.2,0.1141381198834435,state0,3.6036036036036037,0.2033422317163718,0.11671668913945958
C,0.2,0.1141381198834435,state0,3.6136136136136137,0.2033087229602735,0.11669071996636507
C,0.2,0.1141381198834435,state0,3.6236236236236237,0.20327554424476907,0.11666500893196256
C,0.2,0.1141381198834435,state0,3.6336336336336337,0.20324269243739262,0.11663955353737514
C,0.2,0.1141381198834435,state0,3.6436436436436437,0.20321016443302517,0.11661435130661767
C,0.2,0.1141381198834435,state0,3.6536536536536537,0.2031779571537052,0.11658939978641128
C,0.2,0.1141381198834435,state0,3.6636636636636637,0.20314606754843953,0.11656469654599887
C,0.2,0.1141381198834435,state0,3.6736736736736737,0.2031144925930143,0.11654023917696177
C,0.2,0.1141381198834435,state0,3.6836836836836837,0.2030832292898064,0.11651602529303738
C,0.2,0.1141381198834435,state0,3.6936936936936937,0.203052274667595,0.11649205252993808
C,0.2,0.1141381198834435,state0,3.7037037037037037,0.20302162578137353,0.11646831854517103
C,0.2,0.1141381198834435,state0,3.7137137137137137,0.20299127971216208,0.11644482101785923
C,0.2,0.1141381198834435,state0,3.7237237237237237,0.2029612335668198,0.1164215576485635
C,0.2,0.1141381198834435,state0,3.7337337337337337,0.20293148447785833,0.11639852615910573
C,0.2,0.1141381198834435,state0,3.7437437437437437,0.20290202960325504,0.11637572429239301
C,0.2,0.1141381198834435,state0,3.7537537537537538,0.20287286612626718,0.11635314981224305
C,0.2,0.1141381198834435,state0,3.7637637637637638,0.20284399125524608,0.11633080050321044
C,0.2,0.1141381198834435,state0,3.7737737737737738,0.2028154022234524,0.11630867417041431
C,0.2,0.1141381198834435,state0,3.7837837837837838,0.20278709628887132,0.11628676863936674
C,0.2,0.1141381198834435,state0,3.793793793793794,0.20275907073402863,0.11626508175580243
C,0.2,0.1141381198834435,state0,3.803803803803804,0.20273132286580742,0.1162436113855095
C,0.2,0.1141381198834435,state0,3.813813813813814,0.202703850015265,0.11622235541416111
C,0.2,0.1141381198834435,state0,3.823823823823824,0.20267664953745076,0.11620131174714853
C,0.2,0.1141381198834435,state0,3.833833833833834,0.20264971881122457,0.1161804783094149
C,0.2,0.1141381198834435,state0,3.843843843843844,0.20262305523907562,0.1161598530452903
C,0.2,0.1141381198834435,state0,3.853853853853854,0.20259665624694229,0.1161394339183279
C,0.2,0.1141381198834435,state0,3.863863863863864,0.20257051928403222,0.116119218911141
C,0.2,0.1141381198834435,state0,3.873873873873874,0.20254464182264353,0.11609920602524125
C,0.2,0.1141381198834435,state0,3.883883883883884,0.2025190213579864,0.11607939328087802
C,0.2,0.1141381198834435,state0,3.893893893893894,0.20249365540800549,0.11605977871687863
C,0.2,0.1141381198834435,state0,3.903903903903904,0.2024685415132031,0.11604036039048986
C,0.2,0.1141381198834435,state0,3.913913913913914,0.20244367723646303,0.11602113637722035
C,0.2,0.1141381198834435,state0,3.923923923923924,0.2024190601628753,0.11600210477068407
C,0.2,0.1141381198834435,state0,3.933933933933934,0.20239468789956144,0.115983263682445
C,0.2,0.1141381198834435,state0,3.943943943943944,0.2023705580755007,0.11596461124186276
C,0.2,0.1141381198834435,state0,3.953953953953954,0.2023466683413571,0.11594614559593915
C,0.2,0.1141381198834435,state0,3.963963963963964,0.20232301636930702,0.11592786490916604
C,0.2,0.1141381198834435,state0,3.973973973973974,0.20229959985286802,0.11590976736337408
C,0.2,0.1141381198834435,state0,3.983983983983984,0.20227641650672804,0.11589185115758245
C,0.2,0.1141381198834435,state0,3.993993993993994,0.2022534640665757,0.11587411450784993
C,0.2,0.1141381198834435,state0,4.004004004004004,0.2022307402889314,0.11585655564712653
C,0.2,0.1141381198834435,state0,4.014014014014014,0.20220824295097908,0.11583917282510668
C,0.2,0.1141381198834435,state0,4.024024024024024,0.20218596985039927,0.115821964308083
C,0.2,0.1141381198834435,state0,4.034034034034034,0.20216391880520246,0.11580492837880148
C,0.2,0.1141381198834435,state0,4.044044044044044,0.2021420876535637,0.11578806333631737
C,0.2,0.1141381198834435,state0,4.054054054054054,0.20212047425365795,0.1157713674958523
C,0.2,0.1141381198834435,state0,4.064064064064064,0.2020990764834964,0.11575483918865238
C,0.2,0.1141381198834435,state0,4.074074074074074,0.2020778922407636,0.11573847676184731
C,0.2,0.1141381198834435,state0,4.084084084084084,0.20205691944265544,0.11572227857831038
C,0.2,0.1141381198834435,state0,4.094094094094094,0.20203615602571817,0.1157062430165198
C,0.2,0.1141381198834435,state0,4.104104104104104,0.2020155999456882,0.11569036847042062
C,0.2,0.1141381198834435,state0,4.114114114114114,0.20199524917733305,0.11567465334928805
C,0.2,0.1141381198834435,state0,4.124124124124124,0.20197510171429262,0.11565909607759157
C,0.2,0.1141381198834435,state0,4.134134134134134,0.20195515556892224,0.11564369509485999
C,0.2,0.1141381198834435,state0,4.1441441441441444,0.20193540877213592,0.11562844885554771
C,0.2,0.1141381198834435,state0,4.1541541541541545,0.201915859373251,0.11561335582890184
C,0.2,0.1141381198834435,state0,4.1641641641641645,0.20189650543983323,0.11559841449883024
C,0.2,0.1141381198834435,state0,4.1741741741741745,0.20187734505754348,0.11558362336377076
C,0.2,0.1141381198834435,state0,4.1841841841841845,0.2018583763299846,0.11556898093656127
C,0.2,0.1141381198834435,state0,4.1941941941941945,0.20183959737854998,0.11555448574431075
C,0.2,0.1141381198834435,state0,4.2042042042042045,0.20182100634227235,0.11554013632827133
C,0.2,0.1141381198834435,state0,4.2142142142142145,0.2018026013776741,0.1155259312437113
C,0.2,0.1141381198834435,state0,4.2242242242242245,0.2017843806586183,0.11551186905978918
C,0.2,0.1141381198834435,state0,4.2342342342342345,0.2017663423761604,0.11549794835942849
C,0.2,0.1141381198834435,state0,4.2442442442442445,0.2017484847384015,0.11548416773919391
C,0.2,0.1141381198834435,state0,4.2542542542542545,0.201730805970342,0.11547052580916793
C,0.2,0.1141381198834435,state0,4.2642642642642645,0.20171330431373646,0.11545702119282875
C,0.2,0.1141381198834435,state0,4.2742742742742745,0.20169597802694939,0.11544365252692902
C,0.2,0.1141381198834435,state0,4.2842842842842845,0.20167882538481202,0.11543041846137558
C,0.2,0.1141381198834435,state0,4.2942942942942945,0.2016618446784799,0.11541731765911004
C,0.2,0.1141381198834435,state0,4.3043043043043046,0.20164503421529148,0.11540434879599042
C,0.2,0.1141381198834435,state0,4.314314314314315,0.2016283923186278,0.11539151056067352
C,0.2,0.1141381198834435,state0,4.324324324324325,0.20161191732777303,0.11537880165449856
C,0.2,0.1141381198834435,state0,4.334334334334335,0.20159560759777576,0.11536622079137134
C,0.2,0.1141381198834435,state0,4.344344344344345,0.20157946149931166,0.11535376669764953
C,0.2,0.1141381198834435,state0,4.354354354354355,0.20156347741854672,0.11534143811202896
C,0.2,0.1141381198834435,state0,4.364364364364365,0.2015476537570016,0.11532923378543053
C,0.2,0.1141381198834435,state0,4.374374374374375,0.2015319889314169,0.11531715248088832
C,0.2,0.1141381198834435,state0,4.384384384384385,0.20151648137361947,0.11530519297343846
C,0.2,0.1141381198834435,state0,4.394394394394395,0.20150112953038943,0.11529335405000873
C,0.2,0.1141381198834435,state0,4.404404404404405,0.2014859318633284,0.11528163450930952
C,0.2,0.1141381198834435,state0,4.414414414414415,0.2014708868487284,0.11527003316172511
C,0.2,0.1141381198834435,state0,4.424424424424425,0.20145599297744213,0.11525854882920625
C,0.2,0.1141381198834435,state0,4.434434434434435,0.20144124875475355,0.1152471803451633
C,0.2,0.1141381198834435,state0,4.444444444444445,0.2014266527002499,0.11523592655436057
C,0.2,0.1141381198834435,state0,4.454454454454455,0.20141220334769463,0.11522478631281127
C,0.2,0.1141381198834435,state0,4.464464464464465,0.2013978992449009,0.11521375848767333
C,0.2,0.1141381198834435,state0,4.474474474474475,0.2013837389536063,0.1152028419571463
C,0.2,0.1141381198834435,state0,4.484484484484485,0.2013697210493486,0.11519203561036881
C,0.2,0.1141381198834435,state0,4.494494494494495,0.20135584412134203,0.11518133834731704
C,0.2,0.1141381198834435,state0,4.504504504504505,0.20134210677235476,0.11517074907870403
C,0.2,0.1141381198834435,state0,4.514514514514515,0.20132850761858742,0.11516026672587981
C,0.2,0.1141381198834435,state0,4.524524524524525,0.20131504528955216,0.1151498902207323
C,0.2,0.1141381198834435,state0,4.534534534534535,0.20130171842795286,0.11513961850558907
C,0.2,0.1141381198834435,state0,4.544544544544545,0.20128852568956634,0.11512945053312
C,0.2,0.1141381198834435,state0,4.554554554554555,0.20127546574312413,0.11511938526624059
C,0.2,0.1141381198834435,state0,4.564564564564565,0.20126253727019555,0.11510942167801629
C,0.2,0.1141381198834435,state0,4.574574574574575,0.20124973896507148,0.11509955875156747
C,0.2,0.1141381198834435,state0,4.584584584584585,0.20123706953464887,0.11508979547997521
C,0.2,0.1141381198834435,state0,4.594594594594595,0.2012245276983166,0.11508013086618796
C,0.2,0.1141381198834435,state0,4.604604604604605,0.20121211218784163,0.11507056392292894
C,0.2,0.1141381198834435,state0,4.614614614614615,0.20119982174725662,0.1150610936726044
C,0.2,0.1141381198834435,state0,4.624624624624625,0.20118765513274797,0.11505171914721252
C,0.2,0.1141381198834435,state0,4.634634634634635,0.2011756111125451,0.11504243938825308
C,0.2,0.1141381198834435,state0,4.644644644644645,0.20116368846681024,0.11503325344663826
C,0.2,0.1141381198834435,state0,4.654654654654655,0.20115188598752942,0.11502416038260367
C,0.2,0.1141381198834435,state0,4.664664664664665,0.20114020247840422,0.11501515926562048
C,0.2,0.1141381198834435,state0,4.674674674674675,0.20112863675474413,0.11500624917430831
C,0.2,0.1141381198834435,state0,4.684684684684685,0.20111718764336028,0.11499742919634866
C,0.2,0.1141381198834435,state0,4.694694694694695,0.20110585398245948,0.11498869842839932
C,0.2,0.1141381198834435,state0,4.704704704704705,0.20109463462153948,0.11498005597600934
C,0.2,0.1141381198834435,state0,4.714714714714715,0.201083528421285,0.11497150095353487
C,0.2,0.1141381198834435,state0,4.724724724724725,0.20107253425346439,0.11496303248405562
C,0.2,0.1141381198834435,state0,4.734734734734735,0.20106165100082746,0.1149546496992922
C,0.2,0.1141381198834435,state0,4.744744744744745,0.20105087755700388,0.11494635173952389
C,0.2,0.1141381198834435,state0,4.754754754754755,0.20104021282640255,0.1149381377535075
C,0.2,0.1141381198834435,state0,4.764764764764765,0.20102965572411166,0.11493000689839668
C,0.2,0.1141381198834435,state0,4.774774774774775,0.20101920517579974,0.114921958339662
C,0.2,0.1141381198834435,state0,4.784784784784785,0.20100886011761745,0.1149139912510118
C,0.2,0.1141381198834435,state0,4.794794794794795,0.2009986194961001,0.1149061048143136
C,0.2,0.1141381198834435,state0,4.804804804804805,0.20098848226807098,0.11489829821951635
C,0.2,0.1141381198834435,state0,4.814814814814815,0.20097844740054582,0.11489057066457324
C,0.2,0.1141381198834435,state0,4.824824824824825,0.2009685138706375,0.11488292135536532
C,0.2,0.1141381198834435,state0,4.834834834834835,0.20095868066546194,0.11487534950562567
C,0.2,0.1141381198834435,state0,4.844844844844845,0.20094894678204467,0.11486785433686429
C,0.2,0.1141381198834435,state0,4.854854854854855,0.20093931122722822,0.1148604350782937
C,0.2,0.1141381198834435,state0,4.864864864864865,0.2009297730175801,0.11485309096675515
C,0.2,0.1141381198834435,state0,4.874874874874875,0.200920331179302,0.11484582124664551
C,0.2,0.1141381198834435,state0,4.884884884884885,0.2009109847481391,0.11483862516984478
C,0.2,0.1141381198834435,state0,4.894894894894895,0.20090173276929077,0.11483150199564429
C,0.2,0.1141381198834435,state0,4.904904904904905,0.20089257429732163,0.11482445099067552
C,0.2,0.1141381198834435,state0,4.914914914914915,0.20088350839607358,0.1148174714288396
C,0.2,0.1141381198834435,state0,4.924924924924925,0.20087453413857845,0.1148105625912373
C,0.2,0.1141381198834435,state0,4.934934934934935,0.20086565060697142,0.11480372376609989
C,0.2,0.1141381198834435,state0,4.944944944944945,0.2008568568924053,0.11479695424872038
C,0.2,0.1141381198834435,state0,4.954954954954955,0.20084815209496534,0.11479025334138554
C,0.2,0.1141381198834435,state0,4.964964964964965,0.20083953532358498,0.11478362035330847
C,0.2,0.1141381198834435,state0,4.974974974974975,0.2008310056959621,0.11477705460056178
C,0.2,0.1141381198834435,state0,4.984984984984985,0.20082256233847626,0.11477055540601136
C,0.2,0.1141381198834435,state0,4.994994994994995,0.20081420438610642,0.11476412209925083
C,0.2,0.1141381198834435,state0,5.005005005005005,0.20080593098234945,0.11475775401653644
C,0.2,0.1141381198834435,state0,5.015015015015015,0.20079774127913946,0.11475145050072284
C,0.2,0.1141381198834435,state0,5.025025025025025,0.2007896344367677,0.11474521090119896
C,0.2,0.1141381198834435,state0,5.035035035035035,0.20078160962380306,0.11473903457382499
C,0.2,0.1141381198834435,state0,5.045045045045045,0.2007736660170136,0.11473292088086963
C,0.2,0.1141381198834435,state0,5.055055055055055,0.20076580280128836,0.11472686919094792
C,0.2,0.1141381198834435,state0,5.065065065065065,0.2007580191695603,0.11472087887895985
C,0.2,0.1141381198834435,state0,5.075075075075075,0.20075031432272936,0.11471494932602921
C,0.2,0.1141381198834435,state0,5.085085085085085,0.2007426874695868,0.11470907991944336
C,0.2,0.1141381198834435,state0,5.095095095095095,0.20073513782673974,0.1147032700525932
C,0.2,0.1141381198834435,state0,5.105105105105105,0.20072766461853656,0.11469751912491398
C,0.2,0.1141381198834435,state0,5.115115115115115,0.20072026707699306,0.11469182654182652
C,0.2,0.1141381198834435,state0,5.125125125125125,0.20071294444171894,0.11468619171467893
C,0.2,0.1141381198834435,state0,5.135135135135135,0.20070569595984536,0.11468061406068894
C,0.2,0.1141381198834435,state0,5.145145145145145,0.20069852088595275,0.11467509300288681
C,0.2,0.1141381198834435,state0,5.155155155155155,0.20069141848199953,0.11466962797005868
C,0.2,0.1141381198834435,state0,5.165165165165165,0.20068438801725147,0.11466421839669039
C,0.2,0.1141381198834435,state0,5.175175175175175,0.2006774287682113,0.11465886372291198
C,0.2,0.1141381198834435,state0,5.185185185185185,0.2006705400185495,0.11465356339444267
C,0.2,0.1141381198834435,state0,5.195195195195195,0.20066372105903535,0.11464831686253618
C,0.2,0.1141381198834435,state0,5.205205205205205,0.20065697118746872,0.11464312358392675
C,0.2,0.1141381198834435,state0,5.215215215215215,0.20065028970861232,0.11463798302077562
C,0.2,0.1141381198834435,state0,5.225225225225225,0.20064367593412485,0.11463289464061789
C,0.2,0.1141381198834435,state0,5.235235235235235,0.20063712918249446,0.11462785791631011
C,0.2,0.1141381198834435,state0,5.245245245245245,0.20063064877897305,0.11462287232597806
C,0.2,0.1141381198834435,state0,5.255255255255255,0.20062423405551089,0.11461793735296534
C,0.2,0.1141381198834435,state0,5.265265265265265,0.20061788435069217,0.11461305248578212
C,0.2,0.1141381198834435,state0,5.275275275275275,0.20061159900967074,0.11460821721805464
C,0.2,0.1141381198834435,state0,5.285285285285285,0.20060537738410686,0.11460343104847498
C,0.2,0.1141381198834435,state0,5.295295295295295,0.20059921883210424,0.11459869348075148
C,0.2,0.1141381198834435,state0,5.305305305305305,0.20059312271814755,0.11459400402355946
C,0.2,0.1141381198834435,state0,5.315315315315315,0.20058708841304088,0.1145893621904925
C,0.2,0.1141381198834435,state0,5.325325325325325,0.20058111529384656,0.11458476750001416
C,0.2,0.1141381198834435,state0,5.335335335335335,0.20057520274382434,0.11458021947541021
C,0.2,0.1141381198834435,state0,5.345345345345345,0.20056935015237143,0.1145757176447411
C,0.2,0.1141381198834435,state0,5.355355355355355,0.20056355691496303,0.11457126154079515
C,0.2,0.1141381198834435,state0,5.365365365365365,0.20055782243309328,0.11456685070104208
C,0.2,0.1141381198834435,state0,5.375375375375375,0.20055214611421673,0.11456248466758683
C,0.2,0.1141381198834435,state0,5.385385385385385,0.20054652737169065,0.11455816298712403
C,0.2,0.1141381198834435,state0,5.395395395395395,0.20054096562471743,0.11455388521089284
C,0.2,0.1141381198834435,state0,5.405405405405405,0.20053546029828795,0.11454965089463212
C,0.2,0.1141381198834435,state0,5.415415415415415,0.20053001082312505,0.1145454595985362
C,0.2,0.1141381198834435,state0,5.425425425425425,0.20052461663562793,0.11454131088721077
C,0.2,0.1141381198834435,state0,5.435435435435435,0.2005192771778167,0.11453720432962966
C,0.2,0.1141381198834435,state0,5.445445445445445,0.2005139918972777,0.1145331394990915
C,0.2,0.1141381198834435,state0,5.455455455455455,0.20050876024710923,0.11452911597317723
C,0.2,0.1141381198834435,state0,5.465465465465465,0.20050358168586768,0.11452513333370773
C,0.2,0.1141381198834435,state0,5.475475475475475,0.20049845567751448,0.11452119116670198
C,0.2,0.1141381198834435,state0,5.485485485485485,0.2004933816913631,0.11451728906233558
C,0.2,0.1141381198834435,state0,5.495495495495495,0.20048835920202693,0.11451342661489974
C,0.2,0.1141381198834435,state0,5.505505505505505,0.20048338768936735,0.11450960342276055
C,0.2,0.1141381198834435,state0,5.515515515515515,0.2004784666384426,0.11450581908831867
C,0.2,0.1141381198834435,state0,5.525525525525525,0.20047359553945673,0.11450207321796944
C,0.2,0.1141381198834435,state0,5.535535535535535,0.20046877388770948,0.11449836542206343
C,0.2,0.1141381198834435,state0,5.545545545545545,0.20046400118354615,0.11449469531486713
C,0.2,0.1141381198834435,state0,5.555555555555555,0.20045927693230833,0.11449106251452439
C,0.2,0.1141381198834435,state0,5.565565565565565,0.20045460064428497,0.1144874666430178
C,0.2,0.1141381198834435,state0,5.575575575575575,0.2004499718346637,0.11448390732613085
C,0.2,0.1141381198834435,state0,5.585585585585585,0.20044539002348302,0.11448038419341011
C,0.2,0.1141381198834435,state0,5.595595595595595,0.20044085473558454,0.11447689687812804
C,0.2,0.1141381198834435,state0,5.605605605605605,0.20043636550056587,0.11447344501724599
C,0.2,0.1141381198834435,state0,5.615615615615615,0.20043192185273395,0.11447002825137756
C,0.2,0.1141381198834435,state0,5.625625625625625,0.20042752333105873,0.11446664622475244
C,0.2,0.1141381198834435,state0,5.635635635635635,0.20042316947912744,0.11446329858518056
C,0.2,0.1141381198834435,state0,5.645645645645645,0.2004188598450991,0.11445998498401636
C,0.2,0.1141381198834435,state0,5.655655655655655,0.20041459398165956,0.11445670507612375
C,0.2,0.1141381198834435,state0,5.665665665665665,0.200410371445977,0.11445345851984126
C,0.2,0.1141381198834435,state0,5.675675675675675,0.20040619179965782,0.11445024497694734
C,0.2,0.1141381198834435,state0,5.685685685685685,0.20040205460870283,0.11444706411262634
C,0.2,0.1141381198834435,state0,5.6956956956956954,0.20039795944346417,0.11444391559543458
C,0.2,0.1141381198834435,state0,5.7057057057057055,0.20039390587860215,0.11444079909726682
C,0.2,0.1141381198834435,state0,5.7157157157157155,0.20038989349304304,0.114437714293323
C,0.2,0.1141381198834435,state0,5.7257257257257255,0.20038592186993678,0.11443466086207542
C,0.2,0.1141381198834435,state0,5.7357357357357355,0.2003819905966155,0.11443163848523617
C,0.2,0.1141381198834435,state0,5.7457457457457455,0.2003780992645521,0.11442864684772483
C,0.2,0.1141381198834435,state0,5.7557557557557555,0.20037424746931948,0.11442568563763648
C,0.2,0.1141381198834435,state0,5.7657657657657655,0.20037043481054997,0.11442275454621023
C,0.2,0.1141381198834435,state0,5.7757757757757755,0.2003666608918952,0.11441985326779769
C,0.2,0.1141381198834435,state0,5.7857857857857855,0.20036292532098648,0.1144169814998321
C,0.2,0.1141381198834435,state0,5.7957957957957955,0.20035922770939543,0.11441413894279753
C,0.2,0.1141381198834435,state0,5.8058058058058055,0.20035556767259494,0.11441132530019853
C,0.2,0.1141381198834435,state0,5.8158158158158155,0.2003519448299205,0.11440854027852985
C,0.2,0.1141381198834435,state0,5.8258258258258255,0.20034835880453233,0.1144057835872468
C,0.2,0.1141381198834435,state0,5.8358358358358355,0.20034480922337702,0.11440305493873562
C,0.2,0.1141381198834435,state0,5.8458458458458455,0.20034129571715048,0.11440035404828414
C,0.2,0.1141381198834435,state0,5.8558558558558556,0.20033781792026045,0.11439768063405291
C,0.2,0.1141381198834435,state0,5.865865865865866,0.20033437547079003,0.11439503441704654
C,0.2,0.1141381198834435,state0,5.875875875875876,0.20033096801046088,0.1143924151210852
C,0.2,0.1141381198834435,state0,5.885885885885886,0.2003275951845975,0.11438982247277653
C,0.2,0.1141381198834435,state0,5.895895895895896,0.2003242566420913,0.11438725620148775
C,0.2,0.1141381198834435,state0,5.905905905905906,0.20032095203536526,0.11438471603931813
C,0.2,0.1141381198834435,state0,5.915915915915916,0.20031768102033884,0.1143822017210717
C,0.2,0.1141381198834435,state0,5.925925925925926,0.20031444325639328,0.11437971298423005
C,0.2,0.1141381198834435,state0,5.935935935935936,0.2003112384063373,0.11437724956892571
C,0.2,0.1141381198834435,state0,5.945945945945946,0.2003080661363729,0.11437481121791551
C,0.2,0.1141381198834435,state0,5.955955955955956,0.20030492611606182,0.11437239767655447
C,0.2,0.1141381198834435,state0,5.965965965965966,0.20030181801829197,0.11437000869276956
C,0.2,0.1141381198834435,state0,5.975975975975976,0.20029874151924448,0.11436764401703421
C,0.2,0.1141381198834435,state0,5.985985985985986,0.20029569629836094,0.1143653034023426
C,0.2,0.1141381198834435,state0,5.995995995995996,0.20029268203831085,0.11436298660418452
C,0.2,0.1141381198834435,state0,6.006006006006006,0.20028969842495967,0.11436069338052034
C,0.2,0.1141381198834435,state0,6.016016016016016,0.20028674514733688,0.1143584234917563
C,0.2,0.1141381198834435,state0,6.026026026026026,0.20028382189760446,0.11435617670071993
C,0.2,0.1141381198834435,state0,6.036036036036036,0.20028092837102587,0.11435395277263576
C,0.2,0.1141381198834435,state0,6.046046046046046,0.20027806426593492,0.11435175147510142
C,0.2,0.1141381198834435,state0,6.056056056056056,0.20027522928370534,0.1143495725780637
C,0.2,0.1141381198834435,state0,6.066066066066066,0.20027242312872043,0.11434741585379506
C,0.2,0.1141381198834435,state0,6.076076076076076,0.200269645508343,0.11434528107687028
C,0.2,0.1141381198834435,state0,6.086086086086086,0.20026689613288579,0.11434316802414334
C,0.2,0.1141381198834435,state0,6.096096096096096,0.2002641747155819,0.11434107647472462
C,0.2,0.1141381198834435,state0,6.106106106106106,0.2002614809725557,0.11433900620995811
C,0.2,0.1141381198834435,state0,6.116116116116116,0.20025881462279405,0.11433695701339916
C,0.2,0.1141381198834435,state0,6.126126126126126,0.20025617538811763,0.11433492867079213
C,0.2,0.1141381198834435,state0,6.136136136136136,0.2002535629931526,0.11433292097004848
C,0.2,0.1141381198834435,state0,6.146146146146146,0.2002509771653029,0.11433093370122495
C,0.2,0.1141381198834435,state0,6.156156156156156,0.20024841763472195,0.11432896665650205
C,0.2,0.1141381198834435,state0,6.166166166166166,0.20024588413428562,0.11432701963016273
C,0.2,0.1141381198834435,state0,6.176176176176176,0.20024337639956497,0.11432509241857118
C,0.2,0.1141381198834435,state0,6.186186186186186,0.20024089416879903,0.11432318482015195
C,0.2,0.1141381198834435,state0,6.196196196196196,0.2002384371828685,0.11432129663536926
C,0.2,0.1141381198834435,state0,6.206206206206206,0.20023600518526896,0.11431942766670644
C,0.2,0.1141381198834435,state0,6.216216216216216,0.20023359792208498,0.11431757771864566
C,0.2,0.1141381198834435,state0,6.226226226226226,0.20023121514196415,0.11431574659764772
C,0.2,0.1141381198834435,state0,6.236236236236236,0.20022885659609133,0.11431393411213234
C,0.2,0.1141381198834435,state0,6.246246246246246,0.20022652203816332,0.11431214007245825
C,0.2,0.1141381198834435,state0,6.256256256256256,0.20022421122436376,0.11431036429090381
C,0.2,0.1141381198834435,state0,6.266266266266266,0.2002219239133381,0.11430860658164757
C,0.2,0.1141381198834435,state0,6.276276276276276,0.20021965986616896,0.11430686676074923
C,0.2,0.1141381198834435,state0,6.286286286286286,0.20021741884635194,0.11430514464613065
C,0.2,0.1141381198834435,state0,6.296296296296296,0.20021520061977102,0.11430344005755712
C,0.2,0.1141381198834435,state0,6.306306306306306,0.200213004954675,0.11430175281661877
C,0.2,0.1141381198834435,state0,6.316316316316316,0.2002108316216536,0.11430008274671219
C,0.2,0.1141381198834435,state0,6.326326326326326,0.20020868039361397,0.11429842967302221
C,0.2,0.1141381198834435,state0,6.336336336336336,0.20020655104575755,0.11429679342250394
C,0.2,0.1141381198834435,state0,6.346346346346346,0.20020444335555698,0.11429517382386487
C,0.2,0.1141381198834435,state0,6.356356356356356,0.2002023571027333,0.11429357070754714
C,0.2,0.1141381198834435,state0,6.366366366366366,0.20020029206923343,0.11429198390571021
C,0.2,0.1141381198834435,state0,6.376376376376376,0.2001982480392078,0.11429041325221342
C,0.2,0.1141381198834435,state0,6.386386386386386,0.20019622479898821,0.11428885858259892
C,0.2,0.1141381198834435,state0,6.396396396396396,0.20019422213706595,0.11428731973407454
C,0.2,0.1141381198834435,state0,6.406406406406406,0.20019223984407009,0.11428579654549718
C,0.2,0.1141381198834435,state0,6.416416416416417,0.20019027771274603,0.11428428885735613
C,0.2,0.1141381198834435,state0,6.426426426426427,0.20018833553793414,0.11428279651175642
C,0.2,0.1141381198834435,state0,6.436436436436437,0.20018641311654886,0.11428131935240272
C,0.2,0.1141381198834435,state0,6.446446446446447,0.20018451024755768,0.11427985722458313
C,0.2,0.1141381198834435,state0,6.456456456456457,0.20018262673196063,0.1142784099751531
C,0.2,0.1141381198834435,state0,6.466466466466467,0.2001807623727698,0.11427697745251972
C,0.2,0.1141381198834435,state0,6.476476476476477,0.200178916974989,0.114275559506626
C,0.2,0.1141381198834435,state0,6.486486486486487,0.20017709034559392,0.11427415598893534
C,0.2,0.1141381198834435,state0,6.496496496496497,0.20017528229351209,0.11427276675241618
C,0.2,0.1141381198834435,state0,6.506506506506507,0.20017349262960332,0.11427139165152683
C,0.2,0.1141381198834435,state0,6.516516516516517,0.20017172116664034,0.11427003054220032
C,0.2,0.1141381198834435,state0,6.526526526526527,0.20016996771928935,0.1142686832818296
C,0.2,0.1141381198834435,state0,6.536536536536537,0.20016823210409113,0.11426734972925273
C,0.2,0.1141381198834435,state0,6.546546546546547,0.200166514139442,0.11426602974473826
C,0.2,0.1141381198834435,state0,6.556556556556557,0.20016481364557528,0.11426472318997076
C,0.2,0.1141381198834435,state0,6.566566566566567,0.20016313044454265,0.11426342992803659
C,0.2,0.1141381198834435,state0,6.576576576576577,0.20016146436019594,0.11426214982340954
C,0.2,0.1141381198834435,state0,6.586586586586587,0.2001598152181689,0.11426088274193698
C,0.2,0.1141381198834435,state0,6.596596596596597,0.20015818284585926,0.11425962855082587
C,0.2,0.1141381198834435,state0,6.606606606606607,0.20015656707241097,0.11425838711862903
C,0.2,0.1141381198834435,state0,6.616616616616617,0.2001549677286965,0.11425715831523142
C,0.2,0.1141381198834435,state0,6.626626626626627,0.2001533846472996,0.11425594201183686
C,0.2,0.1141381198834435,state0,6.636636636636637,0.2001518176624978,0.11425473808095446
C,0.2,0.1141381198834435,state0,6.646646646646647,0.20015026661024543,0.11425354639638559
C,0.2,0.1141381198834435,state0,6.656656656656657,0.2001487313281568,0.11425236683321059
C,0.2,0.1141381198834435,state0,6.666666666666667,0.2001472116554892,0.1142511992677761
C,0.2,0.1141381198834435,state0,6.676676676676677,0.20014570743312657,0.11425004357768191
C,0.2,0.1141381198834435,state0,6.686686686686687,0.20014421850356293,0.1142488996417685
C,0.2,0.1141381198834435,state0,6.696696696696697,0.20014274471088606,0.11424776734010435
C,0.2,0.1141381198834435,state0,6.706706706706707,0.20014128590076158,0.11424664655397358
C,0.2,0.1141381198834435,state0,6.716716716716717,0.20013984192041692,0.11424553716586355
C,0.2,0.1141381198834435,state0,6.726726726726727,0.20013841261862553,0.11424443905945277
C,0.2,0.1141381198834435,state0,6.736736736736737,0.20013699784569122,0.11424335211959862
C,0.2,0.1141381198834435,state0,6.746746746746747,0.20013559745343273,0.11424227623232565
C,0.2,0.1141381198834435,state0,6.756756756756757,0.20013421129516853,0.11424121128481357
C,0.2,0.1141381198834435,state0,6.766766766766767,0.20013283922570146,0.11424015716538563
C,0.2,0.1141381198834435,state0,6.776776776776777,0.20013148110130377,0.11423911376349691
C,0.2,0.1141381198834435,state0,6.786786786786787,0.20013013677970234,0.114238080969723
C,0.2,0.1141381198834435,state0,6.796796796796797,0.20012880612006398,0.11423705867574845
C,0.2,0.1141381198834435,state0,6.806806806806807,0.20012748898298066,0.11423604677435566
C,0.2,0.1141381198834435,state0,6.816816816816817,0.20012618523045533,0.11423504515941366
C,0.2,0.1141381198834435,state0,6.826826826826827,0.20012489472588746,0.1142340537258671
C,0.2,0.1141381198834435,state0,6.836836836836837,0.200123617334059,0.1142330723697254
C,0.2,0.1141381198834435,state0,6.846846846846847,0.20012235292112046,0.11423210098805174
C,0.2,0.1141381198834435,state0,6.856856856856857,0.20012110135457678,0.11423113947895261
C,0.2,0.1141381198834435,state0,6.866866866866867,0.20011986250327385,0.11423018774156704
C,0.2,0.1141381198834435,state0,6.876876876876877,0.20011863623738488,0.11422924567605616
C,0.2,0.1141381198834435,state0,6.886886886886887,0.20011742242839692,0.11422831318359288
C,0.2,0.1141381198834435,state0,6.896896896896897,0.20011622094909753,0.11422739016635146
C,0.2,0.1141381198834435,state0,6.906906906906907,0.20011503167356162,0.11422647652749754
C,0.2,0.1141381198834435,state0,6.916916916916917,0.2001138544771384,0.11422557217117783
C,0.2,0.1141381198834435,state0,6.926926926926927,0.20011268923643846,0.11422467700251036
C,0.2,0.1141381198834435,state0,6.936936936936937,0.20011153582932106,0.11422379092757445
C,0.2,0.1141381198834435,state0,6.946946946946947,0.20011039413488124,0.11422291385340098
C,0.2,0.1141381198834435,state0,6.956956956956957,0.20010926403343754,0.11422204568796276
C,0.2,0.1141381198834435,state0,6.966966966966967,0.20010814540651944,0.11422118634016491
C,0.2,0.1141381198834435,state0,6.976976976976977,0.2001070381368551,0.11422033571983531
C,0.2,0.1141381198834435,state0,6.986986986986987,0.20010594210835922,0.11421949373771534
C,0.2,0.1141381198834435,state0,6.996996996996997,0.20010485720612095,0.11421866030545055
C,0.2,0.1141381198834435,state0,7.007007007007007,0.20010378331639198,0.11421783533558134
C,0.2,0.1141381198834435,state0,7.017017017017017,0.20010272032657483,0.11421701874153402
C,0.2,0.1141381198834435,state0,7.027027027027027,0.20010166812521094,0.11421621043761167
C,0.2,0.1141381198834435,state0,7.037037037037037,0.20010062660196937,0.1142154103389853
C,0.2,0.1141381198834435,state0,7.047047047047047,0.20009959564763513,0.11421461836168491
C,0.2,0.1141381198834435,state0,7.057057057057057,0.20009857515409793,0.11421383442259087
C,0.2,0.1141381198834435,state0,7.067067067067067,0.20009756501434098,0.11421305843942509
C,0.2,0.1141381198834435,state0,7.077077077077077,0.2000965651224298,0.11421229033074265
C,0.2,0.1141381198834435,state0,7.087087087087087,0.20009557537350123,0.11421153001592314
C,0.2,0.1141381198834435,state0,7.097097097097097,0.20009459566375262,0.11421077741516233
C,0.2,0.1141381198834435,state0,7.107107107107107,0.20009362589043095,0.11421003244946384
C,0.2,0.1141381198834435,state0,7.117117117117117,0.20009266595182212,0.1142092950406309
C,0.2,0.1141381198834435,state0,7.127127127127127,0.20009171574724052,0.11420856511125822
C,0.2,0.1141381198834435,state0,7.137137137137137,0.20009077517701845,0.11420784258472391
C,0.2,0.1141381198834435,state0,7.147147147147147,0.20008984414249578,0.11420712738518139
C,0.2,0.1141381198834435,state0,7.157157157157157,0.20008892254600974,0.11420641943755172
C,0.2,0.1141381198834435,state0,7.167167167167167,0.20008801029088466,0.11420571866751544
C,0.2,0.1141381198834435,state0,7.177177177177177,0.20008710728142198,0.11420502500150516
C,0.2,0.1141381198834435,state0,7.187187187187187,0.20008621342289043,0.11420433836669762
C,0.2,0.1141381198834435,state0,7.197197197197197,0.20008532862151587,0.11420365869100618
C,0.2,0.1141381198834435,state0,7.207207207207207,0.20008445278447182,0.1142029859030734
C,0.2,0.1141381198834435,state0,7.217217217217217,0.2000835858198696,0.1142023199322634
C,0.2,0.1141381198834435,state0,7.227227227227227,0.20008272763674895,0.1142016607086547
C,0.2,0.1141381198834435,state0,7.237237237237237,0.2000818781450684,0.11420100816303268
C,0.2,0.1141381198834435,state0,7.247247247247247,0.20008103725569598,0.11420036222688265
C,0.2,0.1141381198834435,state0,7.257257257257257,0.20008020488039993,0.11419972283238242
C,0.2,0.1141381198834435,state0,7.267267267267267,0.20007938093183955,0.11419908991239534
C,0.2,0.1141381198834435,state0,7.277277277277277,0.20007856532355603,0.11419846340046338
C,0.2,0.1141381198834435,state0,7.287287287287287,0.20007775796996347,0.1141978432308
C,0.2,0.1141381198834435,state0,7.297297297297297,0.20007695878634002,0.11419722933828347
C,0.2,0.1141381198834435,state0,7.307307307307307,0.200076167688819,0.1141966216584499
C,0.2,0.1141381198834435,state0,7.317317317317317,0.2000753845943802,0.11419602012748663
C,0.2,0.1141381198834435,state0,7.327327327327327,0.2000746094208412,0.11419542468222553
C,0.2,0.1141381198834435,state0,7.337337337337337,0.2000738420868488,0.11419483526013637
C,0.2,0.1141381198834435,state0,7.347347347347347,0.20007308251187064,0.11419425179932033
C,0.2,0.1141381198834435,state0,7.357357357357357,0.20007233061618662,0.11419367423850352
C,0.2,0.1141381198834435,state0,7.367367367367367,0.20007158632088085,0.11419310251703059
C,0.2,0.1141381198834435,state0,7.377377377377377,0.2000708495478331,0.11419253657485834
C,0.2,0.1141381198834435,state0,7.387387387387387,0.20007012021971102,0.1141919763525495
C,0.2,0.1141381198834435,state0,7.397397397397397,0.20006939825996178,0.11419142179126653
C,0.2,0.1141381198834435,state0,7.407407407407407,0.2000686835928043,0.11419087283276544
C,0.2,0.1141381198834435,state0,7.4174174174174174,0.2000679761432211,0.11419032941938966
C,0.2,0.1141381198834435,state0,7.4274274274274275,0.2000672758369508,0.11418979149406411
C,0.2,0.1141381198834435,state0,7.4374374374374375,0.2000665826004801,0.1141892590002892
C,0.2,0.1141381198834435,state0,7.4474474474474475,0.20006589636103628,0.11418873188213488
C,0.2,0.1141381198834435,state0,7.4574574574574575,0.2000652170465795,0.11418821008423484
C,0.2,0.1141381198834435,state0,7.4674674674674675,0.20006454458579537,0.11418769355178067
C,0.2,0.1141381198834435,state0,7.4774774774774775,0.2000638789080875,0.1141871822305162
C,0.2,0.1141381198834435,state0,7.4874874874874875,0.20006321994357004,0.11418667606673183
C,0.2,0.1141381198834435,state0,7.4974974974974975,0.20006256762306052,0.1141861750072588
C,0.2,0.1141381198834435,state0,7.5075075075075075,0.2000619218780725,0.11418567899946375
C,0.2,0.1141381198834435,state0,7.5175175175175175,0.2000612826408086,0.11418518799124318
C,0.2,0.1141381198834435,state0,7.5275275275275275,0.20006064984415325,0.11418470193101796
C,0.2,0.1141381198834435,state0,7.5375375375375375,0.20006002342166573,0.114184220767728
C,0.2,0.1141381198834435,state0,7.5475475475475475,0.2000594033075733,0.11418374445082685
C,0.2,0.1141381198834435,state0,7.5575575575575575,0.20005878943676425,0.1141832729302765
C,0.2,0.1141381198834435,state0,7.5675675675675675,0.20005818174478127,0.11418280615654199
C,0.2,0.1141381198834435,state0,7.5775775775775776,0.2000575801678144,0.11418234408058645
C,0.2,0.1141381198834435,state0,7.587587587587588,0.20005698464269464,0.11418188665386571
C,0.2,0.1141381198834435,state0,7.597597597597598,0.20005639510688733,0.11418143382832345
C,0.2,0.1141381198834435,state0,7.607607607607608,0.20005581149848553,0.11418098555638603
C,0.2,0.1141381198834435,state0,7.617617617617618,0.2000552337562036,0.1141805417909576
C,0.2,0.1141381198834435,state0,7.627627627627628,0.2000546618193707,0.1141801024854151
C,0.2,0.1141381198834435,state0,7.637637637637638,0.20005409562792467,0.11417966759360344
C,0.2,0.1141381198834435,state0,7.647647647647648,0.20005353512240553,0.11417923706983057
C,0.2,0.1141381198834435,state0,7.657657657657658,0.2000529802439494,0.11417881086886285
C,0.2,0.1141381198834435,state0,7.667667667667668,0.20005243093428232,0.11417838894592021
C,0.2,0.1141381198834435,state0,7.677677677677678,0.20005188713571412,0.11417797125667145
C,0.2,0.1141381198834435,state0,7.687687687687688,0.20005134879113246,0.11417755775722972
C,0.2,0.1141381198834435,state0,7.697697697697698,0.2000508158439968,0.11417714840414776
C,0.2,0.1141381198834435,state0,7.707707707707708,0.2000502882383326,0.11417674315441345
C,0.2,0.1141381198834435,state0,7.717717717717718,0.20004976591872528,0.11417634196544534
C,0.2,0.1141381198834435,state0,7.727727727727728,0.2000492488303146,0.11417594479508807
C,0.2,0.1141381198834435,state0,7.737737737737738,0.20004873691878886,0.11417555160160811
C,0.2,0.1141381198834435,state0,7.747747747747748,0.20004823013037915,0.11417516234368925
C,0.2,0.1141381198834435,state0,7.757757757757758,0.20004772841185392,0.11417477698042833
C,0.2,0.1141381198834435,state0,7.767767767767768,0.20004723171051322,0.11417439547133103
C,0.2,0.1141381198834435,state0,7.777777777777778,0.2000467399741833,0.11417401777630744
C,0.2,0.1141381198834435,state0,7.787787787787788,0.20004625315121113,0.11417364385566812
C,0.2,0.1141381198834435,state0,7.797797797797798,0.20004577119045897,0.11417327367011966
C,0.2,0.1141381198834435,state0,7.807807807807808,0.20004529404129903,0.11417290718076083
C,0.2,0.1141381198834435,state0,7.817817817817818,0.20004482165360826,0.11417254434907831
C,0.2,0.1141381198834435,state0,7.827827827827828,0.20004435397776293,0.11417218513694274
C,0.2,0.1141381198834435,state0,7.837837837837838,0.20004389096463362,0.11417182950660476
C,0.2,0.1141381198834435,state0,7.847847847847848,0.20004343256558002,0.11417147742069095
C,0.2,0.1141381198834435,state0,7.857857857857858,0.20004297873244575,0.11417112884219996
C,0.2,0.1141381198834435,state0,7.867867867867868,0.20004252941755352,0.11417078373449877
C,0.2,0.1141381198834435,state0,7.877877877877878,0.20004208457369987,0.11417044206131859
C,0.2,0.1141381198834435,state0,7.887887887887888,0.20004164415415054,0.11417010378675124
C,0.2,0.1141381198834435,state0,7.897897897897898,0.20004120811263532,0.11416976887524541
C,0.2,0.1141381198834435,state0,7.907907907907908,0.20004077640334336,0.1141694372916028
C,0.2,0.1141381198834435,state0,7.917917917917918,0.2000403489809183,0.11416910900097453
C,0.2,0.1141381198834435,state0,7.927927927927928,0.20003992580045354,0.11416878396885746
C,0.2,0.1141381198834435,state0,7.937937937937938,0.20003950681748767,0.11416846216109058
C,0.2,0.1141381198834435,state0,7.947947947947948,0.20003909198799952,0.11416814354385141
C,0.2,0.1141381198834435,state0,7.957957957957958,0.2000386812684039,0.11416782808365251
C,0.2,0.1141381198834435,state0,7.967967967967968,0.2000382746155467,0.11416751574733786
C,0.2,0.1141381198834435,state0,7.977977977977978,0.20003787198670073,0.11416720650207951
C,0.2,0.1141381198834435,state0,7.987987987987988,0.2000374733395609,0.1141669003153741
C,0.2,0.1141381198834435,state0,7.997997997997998,0.20003707863224005,0.11416659715503938
C,0.2,0.1141381198834435,state0,8.008008008008009,0.2000366878232644,0.11416629698921095
C,0.2,0.1141381198834435,state0,8.018018018018019,0.20003630087156932,0.1141659997863388
C,0.2,0.1141381198834435,state0,8.028028028028029,0.20003591773649496,0.11416570551518414
C,0.2,0.1141381198834435,state0,8.038038038038039,0.20003553837778204,0.114165414144816
C,0.2,0.1141381198834435,state0,8.048048048048049,0.2000351627555676,0.11416512564460807
C,0.2,0.1141381198834435,state0,8.058058058058059,0.20003479083038078,0.11416483998423539
C,0.2,0.1141381198834435,state0,8.068068068068069,0.20003442256313883,0.11416455713367134
C,0.2,0.1141381198834435,state0,8.078078078078079,0.2000340579151429,0.11416427706318431
C,0.2,0.1141381198834435,state0,8.088088088088089,0.20003369684807396,0.1141639997433347
C,0.2,0.1141381198834435,state0,8.098098098098099,0.2000333393239889,0.11416372514497176
C,0.2,0.1141381198834435,state0,8.108108108108109,0.20003298530531652,0.11416345323923063
C,0.2,0.1141381198834435,state0,8.118118118118119,0.2000326347548535,0.11416318399752917
C,0.2,0.1141381198834435,state0,8.128128128128129,0.20003228763576064,0.1141629173915651
C,0.2,0.1141381198834435,state0,8.138138138138139,0.20003194391155887,0.11416265339331298
C,0.2,0.1141381198834435,state0,8.148148148148149,0.20003160354612556,0.1141623919750212
C,0.2,0.1141381198834435,state0,8.158158158158159,0.20003126650369066,0.11416213310920922
C,0.2,0.1141381198834435,state0,8.168168168168169,0.2000309327488329,0.11416187676866452
C,0.2,0.1141381198834435,state0,8.178178178178179,0.2000306022464762,0.11416162292643992
C,0.2,0.1141381198834435,state0,8.188188188188189,0.2000302749618859,0.11416137155585056
C,0.2,0.1141381198834435,state0,8.198198198198199,0.20002995086066525,0.11416112263047129
C,0.2,0.1141381198834435,state0,8.208208208208209,0.20002962990875156,0.11416087612413378
C,0.2,0.1141381198834435,state0,8.218218218218219,0.20002931207241287,0.11416063201092377
C,0.2,0.1141381198834435,state0,8.228228228228229,0.20002899731824428,0.11416039026517845
C,0.2,0.1141381198834435,state0,8.238238238238239,0.2000286856131646,0.11416015086148366
C,0.2,0.1141381198834435,state0,8.248248248248249,0.20002837692441264,0.11415991377467126
C,0.2,0.1141381198834435,state0,8.258258258258259,0.20002807121954402,0.11415967897981656
C,0.2,0.1141381198834435,state0,8.268268268268269,0.2000277684664276,0.1141594464522356
C,0.2,0.1141381198834435,state0,8.278278278278279,0.2000274686332422,0.11415921616748256
C,0.2,0.1141381198834435,state0,8.288288288288289,0.20002717168847325,0.11415898810134735
C,0.2,0.1141381198834435,state0,8.298298298298299,0.20002687760090948,0.11415876222985281
C,0.2,0.1141381198834435,state0,8.308308308308309,0.20002658633963954,0.11415853852925253
C,0.2,0.1141381198834435,state0,8.318318318318319,0.20002629787404905,0.11415831697602798
C,0.2,0.1141381198834435,state0,8.328328328328329,0.20002601217381705,0.11415809754688637
C,0.2,0.1141381198834435,state0,8.338338338338339,0.200025729208913,0.11415788021875799
C,0.2,0.1141381198834435,state0,8.348348348348349,0.20002544894959373,0.1141576649687939
C,0.2,0.1141381198834435,state0,8.358358358358359,0.20002517136640002,0.11415745177436348
C,0.2,0.1141381198834435,state0,8.368368368368369,0.2000248964301538,0.11415724061305212
C,0.2,0.1141381198834435,state0,8.378378378378379,0.20002462411195496,0.11415703146265876
C,0.2,0.1141381198834435,state0,8.388388388388389,0.20002435438317828,0.11415682430119367
C,0.2,0.1141381198834435,state0,8.398398398398399,0.20002408721547058,0.11415661910687608
C,0.2,0.1141381198834435,state0,8.408408408408409,0.2000238225807476,0.11415641585813187
C,0.2,0.1141381198834435,state0,8.418418418418419,0.2000235604511911,0.11415621453359139
C,0.2,0.1141381198834435,state0,8.428428428428429,0.20002330079924596,0.11415601511208716
C,0.2,0.1141381198834435,state0,8.438438438438439,0.2000230435976173,0.11415581757265167
C,0.2,0.1141381198834435,state0,8.448448448448449,0.20002278881926758,0.11415562189451516
C,0.2,0.1141381198834435,state0,8.458458458458459,0.20002253643741377,0.11415542805710341
C,0.2,0.1141381198834435,state0,8.468468468468469,0.20002228642552458,0.11415523604003565
C,0.2,0.1141381198834435,state0,8.478478478478479,0.2000220387573176,0.1141550458231224
C,0.2,0.1141381198834435,state0,8.488488488488489,0.20002179340675666,0.11415485738636336
C,0.2,0.1141381198834435,state0,8.498498498498499,0.200021550348049,0.11415467070994519
C,0.2,0.1141381198834435,state0,8.508508508508509,0.20002130955564254,0.11415448577423963
C,0.2,0.1141381198834435,state0,8.518518518518519,0.20002107100422337,0.11415430255980133
C,0.2,0.1141381198834435,state0,8.528528528528529,0.20002083466871287,0.11415412104736573
C,0.2,0.1141381198834435,state0,8.538538538538539,0.20002060052426526,0.11415394121784722
C,0.2,0.1141381198834435,state0,8.548548548548549,0.20002036854626484,0.11415376305233699
C,0.2,0.1141381198834435,state0,8.558558558558559,0.2000201387103236,0.11415358653210111
C,0.2,0.1141381198834435,state0,8.568568568568569,0.20001991099227845,0.11415341163857858
C,0.2,0.1141381198834435,state0,8.578578578578579,0.20001968536818882,0.11415323835337926
C,0.2,0.1141381198834435,state0,8.588588588588589,0.2000194618143341,0.11415306665828216
C,0.2,0.1141381198834435,state0,8.598598598598599,0.20001924030721124,0.11415289653523325
C,0.2,0.1141381198834435,state0,8.608608608608609,0.2000190208235321,0.11415272796634382
C,0.2,0.1141381198834435,state0,8.618618618618619,0.20001880334022112,0.11415256093388841
C,0.2,0.1141381198834435,state0,8.62862862862863,0.20001858783441298,0.11415239542030312
C,0.2,0.1141381198834435,state0,8.63863863863864,0.20001837428345,0.11415223140818362
C,0.2,0.1141381198834435,state0,8.64864864864865,0.20001816266487998,0.11415206888028334
C,0.2,0.1141381198834435,state0,8.65865865865866,0.20001795295645367,0.11415190781951177
C,0.2,0.1141381198834435,state0,8.66866866866867,0.20001774513612247,0.11415174820893254
C,0.2,0.1141381198834435,state0,8.67867867867868,0.20001753918203627,0.11415159003176174
C,0.2,0.1141381198834435,state0,8.68868868868869,0.20001733507254088,0.11415143327136604
C,0.2,0.1141381198834435,state0,8.6986986986987,0.200017132786176,0.1141512779112611
C,0.2,0.1141381198834435,state0,8.70870870870871,0.20001693230167292,0.11415112393510968
C,0.2,0.1141381198834435,state0,8.71871871871872,0.20001673359795216,0.11415097132672003
C,0.2,0.1141381198834435,state0,8.72872872872873,0.20001653665412134,0.11415082007004415
C,0.2,0.1141381198834435,state0,8.73873873873874,0.20001634144947308,0.11415067014917608
C,0.2,0.1141381198834435,state0,8.74874874874875,0.20001614796348266,0.1141505215483503
C,0.2,0.1141381198834435,state0,8.75875875875876,0.20001595617580595,0.11415037425194005
C,0.2,0.1141381198834435,state0,8.76876876876877,0.2000157660662773,0.1141502282444556
C,0.2,0.1141381198834435,state0,8.77877877877878,0.20001557761490735,0.11415008351054275
C,0.2,0.1141381198834435,state0,8.78878878878879,0.200015390801881,0.11414994003498115
C,0.2,0.1141381198834435,state0,8.7987987987988,0.20001520560755526,0.11414979780268268
C,0.2,0.1141381198834435,state0,8.80880880880881,0.20001502201245727,0.11414965679868995
C,0.2,0.1141381198834435,state0,8.81881881881882,0.2000148399972822,0.11414951700817466
C,0.2,0.1141381198834435,state0,8.82882882882883,0.20001465954289122,0.11414937841643602
C,0.2,0.1141381198834435,state0,8.83883883883884,0.20001448063030952,0.1141492410088993
C,0.2,0.1141381198834435,state0,8.84884884884885,0.20001430324072433,0.11414910477111422
C,0.2,0.1141381198834435,state0,8.85885885885886,0.20001412735548288,0.11414896968875343
C,0.2,0.1141381198834435,state0,8.86886886886887,0.20001395295609048,0.11414883574761107
C,0.2,0.1141381198834435,state0,8.87887887887888,0.20001378002420855,0.11414870293360124
C,0.2,0.1141381198834435,state0,8.88888888888889,0.20001360854165284,0.11414857123275646
C,0.2,0.1141381198834435,state0,8.8988988988989,0.2000134384903913,0.11414844063122633
C,0.2,0.1141381198834435,state0,8.90890890890891,0.20001326985254222,0.11414831111527593
C,0.2,0.1141381198834435,state0,8.91891891891892,0.20001310261037267,0.11414818267128456
C,0.2,0.1141381198834435,state0,8.92892892892893,0.2000129367462961,0.1141480552857441
C,0.2,0.1141381198834435,state0,8.93893893893894,0.20001277224287098,0.11414792894525772
C,0.2,0.1141381198834435,state0,8.94894894894895,0.2000126090827987,0.11414780363653845
C,0.2,0.1141381198834435,state0,8.95895895895896,0.20001244724892175,0.11414767934640783
C,0.2,0.1141381198834435,state0,8.96896896896897,0.2000122867242222,0.11414755606179434
C,0.2,0.1141381198834435,state0,8.97897897897898,0.20001212749181946,0.11414743376973233
C,0.2,0.1141381198834435,state0,8.98898898898899,0.2000119695349689,0.11414731245736033
C,0.2,0.1141381198834435,state0,8.998998998999,0.20001181283705988,0.11414719211191993
C,0.2,0.1141381198834435,state0,9.00900900900901,0.2000116573816141,0.1141470727207544
C,0.2,0.1141381198834435,state0,9.01901901901902,0.20001150315228386,0.11414695427130726
C,0.2,0.1141381198834435,state0,9.02902902902903,0.20001135013285024,0.11414683675112107
C,0.2,0.1141381198834435,state0,9.03903903903904,0.20001119830722155,0.11414672014783604
C,0.2,0.1141381198834435,state0,9.04904904904905,0.20001104765943148,0.11414660444918877
C,0.2,0.1141381198834435,state0,9.05905905905906,0.20001089817363762,0.11414648964301097
C,0.2,0.1141381198834435,state0,9.06906906906907,0.20001074983411962,0.1141463757172282
C,0.2,0.1141381198834435,state0,9.07907907907908,0.20001060262527756,0.11414626265985856
C,0.2,0.1141381198834435,state0,9.08908908908909,0.20001045653163044,0.11414615045901137
C,0.2,0.1141381198834435,state0,9.0990990990991,0.2000103115378144,0.11414603910288608
C,0.2,0.1141381198834435,state0,9.10910910910911,0.20001016762858123,0.11414592857977089
C,0.2,0.1141381198834435,state0,9.11911911911912,0.20001002478879665,0.11414581887804162
C,0.2,0.1141381198834435,state0,9.12912912912913,0.20000988300343886,0.11414570998616039
C,0.2,0.1141381198834435,state0,9.13913913913914,0.20000974225759677,0.11414560189267448
C,0.2,0.1141381198834435,state0,9.14914914914915,0.20000960253646863,0.1141454945862151
C,0.2,0.1141381198834435,state0,9.15915915915916,0.2000094638253604,0.11414538805549618
C,0.2,0.1141381198834435,state0,9.16916916916917,0.2000093261096841,0.11414528228931324
C,0.2,0.1141381198834435,state0,9.17917917917918,0.20000918937495651,0.11414517727654215
C,0.2,0.1141381198834435,state0,9.18918918918919,0.2000090536067974,0.11414507300613798
C,0.2,0.1141381198834435,state0,9.1991991991992,0.20000891879092822,0.11414496946713384
C,0.2,0.1141381198834435,state0,9.20920920920921,0.20000878491317042,0.11414486664863978
C,0.2,0.1141381198834435,state0,9.21921921921922,0.2000086519594441,0.11414476453984154
C,0.2,0.1141381198834435,state0,9.22922922922923,0.2000085199157665,0.11414466312999948
C,0.2,0.1141381198834435,state0,9.23923923923924,0.20000838876825042,0.11414456240844746
C,0.2,0.1141381198834435,state0,9.24924924924925,0.200008258503103,0.11414446236459169
C,0.2,0.1141381198834435,state0,9.25925925925926,0.20000812910662402,0.11414436298790961
C,0.2,0.1141381198834435,state0,9.26926926926927,0.2000080005652046,0.11414426426794884
C,0.2,0.1141381198834435,state0,9.27927927927928,0.2000078728653257,0.11414416619432599
C,0.2,0.1141381198834435,state0,9.28928928928929,0.20000774599355675,0.11414406875672567
C,0.2,0.1141381198834435,state0,9.2992992992993,0.20000761993655425,0.11414397194489935
C,0.2,0.1141381198834435,state0,9.30930930930931,0.2000074946810603,0.11414387574866418
C,0.2,0.1141381198834435,state0,9.31931931931932,0.2000073702139013,0.11414378015790223
C,0.2,0.1141381198834435,state0,9.32932932932933,0.20000724652198643,0.11414368516255903
C,0.2,0.1141381198834435,state0,9.33933933933934,0.2000071235923064,0.11414359075264283
C,0.2,0.1141381198834435,state0,9.34934934934935,0.20000700141193206,0.11414349691822336
C,0.2,0.1141381198834435,state0,9.35935935935936,0.200006879968013,0.11414340364943087
C,0.2,0.1141381198834435,state0,9.36936936936937,0.2000067592477762,0.11414331093645508
C,0.2,0.1141381198834435,state0,9.37937937937938,0.2000066392385247,0.11414321876954418
C,0.2,0.1141381198834435,state0,9.38938938938939,0.20000651992763635,0.11414312713900368
C,0.2,0.1141381198834435,state0,9.3993993993994,0.20000640130256228,0.11414303603519556
C,0.2,0.1141381198834435,state0,9.40940940940941,0.20000628335082585,0.11414294544853713
C,0.2,0.1141381198834435,state0,9.41941941941942,0.20000616606002108,0.11414285536950008
C,0.2,0.1141381198834435,state0,9.42942942942943,0.2000060494178115,0.11414276578860948
C,0.2,0.1141381198834435,state0,9.43943943943944,0.2000059334119288,0.11414267669644274
C,0.2,0.1141381198834435,state0,9.44944944944945,0.20000581803017162,0.11414258808362865
C,0.2,0.1141381198834435,state0,9.45945945945946,0.2000057032604041,0.11414249994084645
C,0.2,0.1141381198834435,state0,9.46946946946947,0.2000055890905548,0.11414241225882471
C,0.2,0.1141381198834435,state0,9.47947947947948,0.20000547550861528,0.1141423250283405
C,0.2,0.1141381198834435,state0,9.48948948948949,0.20000536250263887,0.11414223824021837
C,0.2,0.1141381198834435,state0,9.4994994994995,0.20000525006073955,0.11414215188532925
C,0.2,0.1141381198834435,state0,9.50950950950951,0.20000513817109047,0.1141420659545898
C,0.2,0.1141381198834435,state0,9.51951951951952,0.20000502682192292,0.11414198043896112
C,0.2,0.1141381198834435,state0,9.52952952952953,0.20000491600152487,0.11414189532944802
C,0.2,0.1141381198834435,state0,9.53953953953954,0.20000480569824006,0.11414181061709797
C,0.2,0.1141381198834435,state0,9.54954954954955,0.20000469590046643,0.11414172629300022
C,0.2,0.1141381198834435,state0,9.55955955955956,0.2000045865966551,0.1141416423482848
C,0.2,0.1141381198834435,state0,9.56956956956957,0.20000447777530908,0.11414155877412166
C,0.2,0.1141381198834435,state0,9.57957957957958,0.20000436942498218,0.11414147556171968
C,0.2,0.1141381198834435,state0,9.58958958958959,0.2000042615342776,0.11414139270232575
C,0.2,0.1141381198834435,state0,9.5995995995996,0.20000415409184694,0.11414131018722387
C,0.2,0.1141381198834435,state0,9.60960960960961,0.2000040470863889,0.11414122800773426
C,0.2,0.1141381198834435,state0,9.61961961961962,0.200003940506648,0.11414114615521244
C,0.2,0.1141381198834435,state0,9.62962962962963,0.2000038343414137,0.1141410646210482
C,0.2,0.1141381198834435,state0,9.63963963963964,0.20000372857951884,0.11414098339666487
C,0.2,0.1141381198834435,state0,9.64964964964965,0.20000362320983878,0.11414090247351835
C,0.2,0.1141381198834435,state0,9.65965965965966,0.20000351822129,0.11414082184309615
C,0.2,0.1141381198834435,state0,9.66966966966967,0.20000341360282914,0.11414074149691657
C,0.2,0.1141381198834435,state0,9.67967967967968,0.2000033093434517,0.11414066142652779
C,0.2,0.1141381198834435,state0,9.68968968968969,0.20000320543219083,0.11414058162350697
C,0.2,0.1141381198834435,state0,9.6996996996997,0.20000310185811637,0.11414050207945937
C,0.2,0.1141381198834435,state0,9.70970970970971,0.2000029986103336,0.11414042278601745
C,0.2,0.1141381198834435,state0,9.71971971971972,0.20000289567798202,0.11414034373484006
C,0.2,0.1141381198834435,state0,9.72972972972973,0.2000027930502343,0.1141402649176114
C,0.2,0.1141381198834435,state0,9.73973973973974,0.20000269071629517,0.11414018632604038
C,0.2,0.1141381198834435,state0,9.74974974974975,0.20000258866540022,0.11414010795185955
C,0.2,0.1141381198834435,state0,9.75975975975976,0.20000248688681468,0.11414002978682433
C,0.2,0.1141381198834435,state0,9.76976976976977,0.20000238536983256,0.11413995182271205
C,0.2,0.1141381198834435,state0,9.77977977977978,0.20000228410377524,0.11413987405132126
C,0.2,0.1141381198834435,state0,9.78978978978979,0.2000021830779905,0.11413979646447064
C,0.2,0.1141381198834435,state0,9.7997997997998,0.2000020822818514,0.11413971905399835
C,0.2,0.1141381198834435,state0,9.80980980980981,0.20000198170475508,0.114139641811761
C,0.2,0.1141381198834435,state0,9.81981981981982,0.2000018813361217,0.11413956472963296
C,0.2,0.1141381198834435,state0,9.82982982982983,0.20000178116539338,0.11413948779950533
C,0.2,0.1141381198834435,state0,9.83983983983984,0.20000168118203296,0.11413941101328519
C,0.2,0.1141381198834435,state0,9.84984984984985,0.20000158137552296,0.11413933436289475
C,0.2,0.1141381198834435,state0,9.85985985985986,0.20000148173536458,0.11413925784027049
C,0.2,0.1141381198834435,state0,9.86986986986987,0.20000138225107633,0.11413918143736228
C,0.2,0.1141381198834435,state0,9.87987987987988,0.20000128291219327,0.11413910514613254
C,0.2,0.1141381198834435,state0,9.88988988988989,0.2000011837082656,0.11413902895855543
C,0.2,0.1141381198834435,state0,9.8998998998999,0.20000108462885777,0.11413895286661602
C,0.2,0.1141381198834435,state0,9.90990990990991,0.2000009856635472,0.11413887686230931
C,0.2,0.1141381198834435,state0,9.91991991991992,0.20000088680192343,0.11413880093763959
C,0.2,0.1141381198834435,state0,9.92992992992993,0.2000007880335868,0.11413872508461946
C,0.2,0.1141381198834435,state0,9.93993993993994,0.20000068934814746,0.11413864929526898
C,0.2,0.1141381198834435,state0,9.94994994994995,0.20000059073522425,0.11413857356161497
C,0.2,0.1141381198834435,state0,9.95995995995996,0.2000004921844436,0.11413849787569
C,0.2,0.1141381198834435,state0,9.96996996996997,0.2000003936854385,0.1141384222295316
C,0.2,0.1141381198834435,state0,9.97997997997998,0.20000029522784735,0.11413834661518157
C,0.2,0.1141381198834435,state0,9.98998998998999,0.2000001968013129,0.11413827102468495
C,0.2,0.1141381198834435,state0,10.0,0.20000009839548105,0.1141381954500892
C,0.2,0.1141381198834435,state1,0.0,0.3237656532853524,0.3962710643675434
C,0.2,0.1141381198834435,state1,0.01001001001001001,0.3262170331123002,0.39257185459438493
C,0.2,0.1141381198834435,state1,0.02002002002002002,0.32856962840736126,0.388978259555581
C,0.2,0.1141381198834435,state1,0.03003003003003003,0.33082677865432075,0.3854869128677083
C,0.2,0.1141381198834435,state1,0.04004004004004004,0.3329917065478495,0.38209455180398194
C,0.2,0.1141381198834435,state1,0.050050050050050046,0.33506752234023174,0.37879801420036036
C,0.2,0.1141381198834435,state1,0.06006006006006006,0.3370572280001275,0.3755942354517194
C,0.2,0.1141381198834435,state1,0.07007007007007007,0.3389637211940577,0.37248024559538895
C,0.2,0.1141381198834435,state1,0.08008008008008008,0.34078979910045276,0.3694531664794456
C,0.2,0.1141381198834435,state1,0.09009009009009009,0.34253816206534743,0.36651020901324854
C,0.2,0.1141381198834435,state1,0.10010010010010009,0.34421141710812486,0.3636486704977955
C,0.2,0.1141381198834435,state1,0.11011011011011011,0.3458120812850986,0.3608659320335606
C,0.2,0.1141381198834435,state1,0.12012012012012012,0.34734258491816583,0.35815945600355764
C,0.2,0.1141381198834435,state1,0.13013013013013014,0.3488052746952645,0.3555267836294472
C,0.2,0.1141381198834435,state1,0.14014014014014015,0.35020241664891055,0.35296553259858193
C,0.2,0.1141381198834435,state1,0.15015015015015015,0.35153619901867567,0.35047339475995176
C,0.2,0.1141381198834435,state1,0.16016016016016016,0.35280873500308985,0.3480481338870589
C,0.2,0.1141381198834435,state1,0.17017017017017017,0.35402206540610565,0.345687583505815
C,0.2,0.1141381198834435,state1,0.18018018018018017,0.35517816118294604,0.34338964478561446
C,0.2,0.1141381198834435,state1,0.19019019019019018,0.3562789258898653,0.3411522844917944
C,0.2,0.1141381198834435,state1,0.20020020020020018,0.35732619804208876,0.3389735329977481
C,0.2,0.1141381198834435,state1,0.21021021021021022,0.35832175338394767,0.33685148235501217
C,0.2,0.1141381198834435,state1,0.22022022022022023,0.3592673070750009,0.3347842844196971
C,0.2,0.1141381198834435,state1,0.23023023023023023,0.3601645157957248,0.3327701490336799
C,0.2,0.1141381198834435,state1,0.24024024024024024,0.3610149797761576,0.3308073422590254
C,0.2,0.1141381198834435,state1,0.2502502502502503,0.3618202447507059,0.32889418466414566
C,0.2,0.1141381198834435,state1,0.2602602602602603,0.36258180384215094,0.3270290496602512
C,0.2,0.1141381198834435,state1,0.2702702702702703,0.36330109937773974,0.32521036188668884
C,0.2,0.1141381198834435,state1,0.2802802802802803,0.3639795246400973,0.3234365956438004
C,0.2,0.1141381198834435,state1,0.2902902902902903,0.3646184255555638,0.3217062733719752
C,0.2,0.1141381198834435,state1,0.3003003003003003,0.36521910232243077,0.3200179641756063
C,0.2,0.1141381198834435,state1,0.3103103103103103,0.3657828109814343,0.3183702823906957
C,0.2,0.1141381198834435,state1,0.3203203203203203,0.36631076493075,0.3167618861948885
C,0.2,0.1141381198834435,state1,0.3303303303303303,0.3668041363876312,0.31519147625874877
C,0.2,0.1141381198834435,state1,0.34034034034034033,0.3672640577987333,0.31365779443712344
C,0.2,0.1141381198834435,state1,0.35035035035035034,0.3676916232010739,0.3121596224994686
C,0.2,0.1141381198834435,state1,0.36036036036036034,0.3680878895354943,0.3106957808980471
C,0.2,0.1141381198834435,state1,0.37037037037037035,0.36845387791440093,0.30926512757293156
C,0.2,0.1141381198834435,state1,0.38038038038038036,0.36879057484549355,0.307866556792777
C,0.2,0.1141381198834435,state1,0.39039039039039036,0.3690989334131087,0.3064989980303557
C,0.2,0.1141381198834435,state1,0.40040040040040037,0.3693798744187412,0.3051614148718707
C,0.2,0.1141381198834435,state1,0.41041041041041043,0.3696342874822391,0.30385280395909425
C,0.2,0.1141381198834435,state1,0.42042042042042044,0.3698630321051057,0.30257219396339846
C,0.2,0.1141381198834435,state1,0.43043043043043044,0.37006693869728313,0.3013186445907733
C,0.2,0.1141381198834435,state1,0.44044044044044045,0.37024680956873685,0.30009124561694944
C,0.2,0.1141381198834435,state1,0.45045045045045046,0.37040341988710535,0.2988891159517662
C,0.2,0.1141381198834435,state1,0.46046046046046046,0.3705375186026312,0.2977114027319491
C,0.2,0.1141381198834435,state1,0.47047047047047047,0.37064982934153856,0.2965572804414811
C,0.2,0.1141381198834435,state1,0.4804804804804805,0.3707410512689793,0.2954259500587763
C,0.2,0.1141381198834435,state1,0.4904904904904905,0.3708118599226238,0.2943166382298822
C,0.2,0.1141381198834435,state1,0.5005005005005005,0.3708629080179314,0.2932285964669597
C,0.2,0.1141381198834435,state1,0.5105105105105106,0.37089482622609754,0.29216110037130927
C,0.2,0.1141381198834435,state1,0.5205205205205206,0.3709082239256328,0.2911134488802293
C,0.2,0.1141381198834435,state1,0.5305305305305306,0.37090368992849676,0.29008496353701485
C,0.2,0.1141381198834435,state1,0.5405405405405406,0.37088179318167247,0.28907498778342056
C,0.2,0.1141381198834435,state1,0.5505505505505506,0.3708430834450338,0.2880828862739308
C,0.2,0.1141381198834435,state1,0.5605605605605606,0.37078809194632867,0.2871080442111978
C,0.2,0.1141381198834435,state1,0.5705705705705706,0.370717332014068,0.2861498667020246
C,0.2,0.1141381198834435,state1,0.5805805805805806,0.3706312996890823,0.2852077781332886
C,0.2,0.1141381198834435,state1,0.5905905905905906,0.37053047431548003,0.2842812215672146
C,0.2,0.1141381198834435,state1,0.6006006006006006,0.3704153191117146,0.2833696581554254
C,0.2,0.1141381198834435,state1,0.6106106106106106,0.3702862817224417,0.2824725665712116
C,0.2,0.1141381198834435,state1,0.6206206206206206,0.3701437947518229,0.28158944245947765
C,0.2,0.1141381198834435,state1,0.6306306306306306,0.3699882762789099,0.280719797903837
C,0.2,0.1141381198834435,state1,0.6406406406406406,0.36982013035571837,0.27986316091034313
C,0.2,0.1141381198834435,state1,0.6506506506506506,0.36963974748858075,0.2790190749073562
C,0.2,0.1141381198834435,state1,0.6606606606606606,0.369447505103346,0.2781870982610617
C,0.2,0.1141381198834435,state1,0.6706706706706707,0.3692437679949722,0.2773668038061672
C,0.2,0.1141381198834435,state1,0.6806806806806807,0.3690288887620419,0.2765577783913201
C,0.2,0.1141381198834435,state1,0.6906906906906907,0.36880320822670826,0.2757596224387995
C,0.2,0.1141381198834435,state1,0.7007007007007007,0.3685670558405645,0.27497194951804865
C,0.2,0.1141381198834435,state1,0.7107107107107107,0.3683207500769103,0.2741943859326275
C,0.2,0.1141381198834435,state1,0.7207207207207207,0.36806459880987313,0.27342657032017464
C,0.2,0.1141381198834435,state1,0.7307307307307307,0.36779889968082635,0.2726681532649819
C,0.2,0.1141381198834435,state1,0.7407407407407407,0.3675239404525304,0.2719187969227946
C,0.2,0.1141381198834435,state1,0.7507507507507507,0.3672399993514088,0.27117817465746186
C,0.2,0.1141381198834435,state1,0.7607607607607607,0.36694734539835544,0.27044597068907267
C,0.2,0.1141381198834435,state1,0.7707707707707707,0.3666462387284588,0.2697218797532229
C,0.2,0.1141381198834435,state1,0.7807807807807807,0.3663369309000113,0.26900560677106905
C,0.2,0.1141381198834435,state1,0.7907907907907907,0.36601966519316215,0.26829686652983536
C,0.2,0.1141381198834435,state1,0.8008008008008007,0.3656946768985601,0.2675953833734488
C,0.2,0.1141381198834435,state1,0.8108108108108109,0.36536219359631816,0.26690089090298813
C,0.2,0.1141381198834435,state1,0.8208208208208209,0.36502243542562324,0.26621313168663957
C,0.2,0.1141381198834435,state1,0.8308308308308309,0.36467561534530113,0.26553185697886345
C,0.2,0.1141381198834435,state1,0.8408408408408409,0.3643219393856385,0.26485682644848363
C,0.2,0.1141381198834435,state1,0.8508508508508509,0.3639616068917509,0.26418780791541885
C,0.2,0.1141381198834435,state1,0.8608608608608609,0.36359481075877753,0.2635245770957858
C,0.2,0.1141381198834435,state1,0.8708708708708709,0.3632217376591742,0.2628669173551101
C,0.2,0.1141381198834435,state1,0.8808808808808809,0.3628425682623655,0.26221461946938884
C,0.2,0.1141381198834435,state1,0.8908908908908909,0.3624574774470093,0.26156748139375846
C,0.2,0.1141381198834435,state1,0.9009009009009009,0.36206663450611715,0.2609253080385252
C,0.2,0.1141381198834435,state1,0.9109109109109109,0.3616702033452683,0.26028791105232674
C,0.2,0.1141381198834435,state1,0.9209209209209209,0.36126834267414293,0.2596551086121972
C,0.2,0.1141381198834435,state1,0.9309309309309309,0.3608612061915971,0.2590267252203171
C,0.2,0.1141381198834435,state1,0.9409409409409409,0.36044894276449124,0.25840259150723416
C,0.2,0.1141381198834435,state1,0.950950950950951,0.3600316966004778,0.25778254404135004
C,0.2,0.1141381198834435,state1,0.960960960960961,0.35960960741494763,0.25716642514447113
C,0.2,0.1141381198834435,state1,0.970970970970971,0.3591828105923267,0.2565540827132303
C,0.2,0.1141381198834435,state1,0.980980980980981,0.35875143734190923,0.2559453700461915
C,0.2,0.1141381198834435,state1,0.990990990990991,0.35831561484840596,0.255340145676454
C,0.2,0.1141381198834435,state1,1.001001001001001,0.35787546641738255,0.25473827320958015
C,0.2,0.1141381198834435,state1,1.011011011011011,0.3574311116157537,0.25413962116667466
C,0.2,0.1141381198834435,state1,1.021021021021021,0.3569826664074972,0.25354406283245
C,0.2,0.1141381198834435,state1,1.031031031031031,0.35653024328474286,0.2529514761081162
C,0.2,0.1141381198834435,state1,1.0410410410410411,0.35607395139438897,0.25236174336893885
C,0.2,0.1141381198834435,state1,1.0510510510510511,0.3556138966603916,0.2517747513263154
C,0.2,0.1141381198834435,state1,1.0610610610610611,0.3551501819018694,0.25119039089422157
C,0.2,0.1141381198834435,state1,1.0710710710710711,0.3546829069471598,0.250608557059887
C,0.2,0.1141381198834435,state1,1.0810810810810811,0.35421216874395883,0.25002914875856247
C,0.2,0.1141381198834435,state1,1.0910910910910911,0.35373806146567344,0.24945206875224513
C,0.2,0.1141381198834435,state1,1.1011011011011012,0.35326067661410854,0.24887722351223296
C,0.2,0.1141381198834435,state1,1.1111111111111112,0.3527801031186096,0.24830452310538328
C,0.2,0.1141381198834435,state1,1.1211211211211212,0.3522964274317749,0.24773388108395472
C,0.2,0.1141381198834435,state1,1.1311311311311312,0.3518097336218511,0.24716521437891464
C,0.2,0.1141381198834435,state1,1.1411411411411412,0.35132010346191755,0.24659844319659896
C,0.2,0.1141381198834435,state1,1.1511511511511512,0.3508276165159667,0.24603349091861457
C,0.2,0.1141381198834435,state1,1.1611611611611612,0.35033235022197917,0.24547028400487753
C,0.2,0.1141381198834435,state1,1.1711711711711712,0.34983437997209277,0.24490875189968378
C,0.2,0.1141381198834435,state1,1.1811811811811812,0.3493337791899587,0.2443488269407135
C,0.2,0.1141381198834435,state1,1.1911911911911912,0.3488306194053779,0.24379044427087124
C,0.2,0.1141381198834435,state1,1.2012012012012012,0.3483249703263035,0.2432335417528693
C,0.2,0.1141381198834435,state1,1.2112112112112112,0.34781689990829734,0.24267805988646338
C,0.2,0.1141381198834435,state1,1.2212212212212212,0.34730647442152174,0.24212394172825294
C,0.2,0.1141381198834435,state1,1.2312312312312312,0.34679375851534605,0.2415711328139616
C,0.2,0.1141381198834435,state1,1.2412412412412412,0.3462788152806471,0.2410195810831151
C,0.2,0.1141381198834435,state1,1.2512512512512513,0.3457617063098762,0.24046923680603818
C,0.2,0.1141381198834435,state1,1.2612612612612613,0.34524249175496663,0.23992005251309248
C,0.2,0.1141381198834435,state1,1.2712712712712713,0.34472123038315067,0.23937198292608214
C,0.2,0.1141381198834435,state1,1.2812812812812813,0.344197979630754,0.23882498489175452
C,0.2,0.1141381198834435,state1,1.2912912912912913,0.3436727956550337,0.2382790173173265
C,0.2,0.1141381198834435,state1,1.3013013013013013,0.3431457333841219,0.23773404110796922
C,0.2,0.1141381198834435,state1,1.3113113113113113,0.34261684656513747,0.23719001910618626
C,0.2,0.1141381198834435,state1,1.3213213213213213,0.3420861878105245,0.2366469160330216
C,0.2,0.1141381198834435,state1,1.3313313313313313,0.34155380864267537,0.23610469843103746
C,0.2,0.1141381198834435,state1,1.3413413413413413,0.3410197595368933,0.23556333460900195
C,0.2,0.1141381198834435,state1,1.3513513513513513,0.34048408996274876,0.23502279458823078
C,0.2,0.1141381198834435,state1,1.3613613613613613,0.3399468484238813,0.23448305005052655
C,0.2,0.1141381198834435,state1,1.3713713713713713,0.33940808249629767,0.23394407428766398
C,0.2,0.1141381198834435,state1,1.3813813813813813,0.33886783886521393,0.23340584215236787
C,0.2,0.1141381198834435,state1,1.3913913913913913,0.3383261633604901,0.23286833001073542
C,0.2,0.1141381198834435,state1,1.4014014014014013,0.33778310099070175,0.23233151569605395
C,0.2,0.1141381198834435,state1,1.4114114114114114,0.3372386959758931,0.2317953784639679
C,0.2,0.1141381198834435,state1,1.4214214214214214,0.3366929917790551,0.23125989894894958
C,0.2,0.1141381198834435,state1,1.4314314314314314,0.3361460311363686,0.23072505912203164
C,0.2,0.1141381198834435,state1,1.4414414414414414,0.33559785608625364,0.23019084224975705
C,0.2,0.1141381198834435,state1,1.4514514514514514,0.33504850799726377,0.22965723285430842
C,0.2,0.1141381198834435,state1,1.4614614614614614,0.3344980275948619,0.22912421667477548
C,0.2,0.1141381198834435,state1,1.4714714714714714,0.3339464549871158,0.2285917806295241
C,0.2,0.1141381198834435,state1,1.4814814814814814,0.33339382968934644,0.22805991277963006
C,0.2,0.1141381198834435,state1,1.4914914914914914,0.3328401906477654,0.2275286022933415
C,0.2,0.1141381198834435,state1,1.5015015015015014,0.3322855762621325,0.22699783941153714
C,0.2,0.1141381198834435,state1,1.5115115115115114,0.331730024407468,0.22646761541414623
C,0.2,0.1141381198834435,state1,1.5215215215215214,0.33117357245484685,0.22593792258749898
C,0.2,0.1141381198834435,state1,1.5315315315315314,0.3306162572913097,0.22540875419257697
C,0.2,0.1141381198834435,state1,1.5415415415415414,0.33005811533891544,0.224880104434133
C,0.2,0.1141381198834435,state1,1.5515515515515514,0.32949918257296623,0.22435196843065291
C,0.2,0.1141381198834435,state1,1.5615615615615615,0.3289394945394318,0.22382434218513061
C,0.2,0.1141381198834435,state1,1.5715715715715715,0.3283790863715982,0.22329722255663084
C,0.2,0.1141381198834435,state1,1.5815815815815815,0.32781799280596935,0.2227706072326125
C,0.2,0.1141381198834435,state1,1.5915915915915915,0.32725624819744314,0.22224449470198937
C,0.2,0.1141381198834435,state1,1.6016016016016015,0.32669388653378895,0.22171888422890265
C,0.2,0.1141381198834435,state1,1.6116116116116117,0.32613094144944843,0.22119377582718375
C,0.2,0.1141381198834435,state1,1.6216216216216217,0.3255674462386827,0.22066917023548333
C,0.2,0.1141381198834435,state1,1.6316316316316317,0.325003433868088,0.22014506889304702
C,0.2,0.1141381198834435,state1,1.6416416416416417,0.32443893698850096,0.2196214739161156
C,0.2,0.1141381198834435,state1,1.6516516516516517,0.3238739879463149,0.21909838807493004
C,0.2,0.1141381198834435,state1,1.6616616616616617,0.32330861879422573,0.2185758147713225
C,0.2,0.1141381198834435,state1,1.6716716716716717,0.3227428613014289,0.2180537580168748
C,0.2,0.1141381198834435,state1,1.6816816816816818,0.32217674696328413,0.21753222241162515
C,0.2,0.1141381198834435,state1,1.6916916916916918,0.3216103070104687,0.21701121312330818
C,0.2,0.1141381198834435,state1,1.7017017017017018,0.32104357241763465,0.21649073586710912
C,0.2,0.1141381198834435,state1,1.7117117117117118,0.3204765739115887,0.21597079688591825
C,0.2,0.1141381198834435,state1,1.7217217217217218,0.3199093419790114,0.21545140293106854
C,0.2,0.1141381198834435,state1,1.7317317317317318,0.31934190687373126,0.21493256124354324
C,0.2,0.1141381198834435,state1,1.7417417417417418,0.3187742986235703,0.2144142795356371
C,0.2,0.1141381198834435,state1,1.7517517517517518,0.3182065470367756,0.2138965659730596
C,0.2,0.1141381198834435,state1,1.7617617617617618,0.31763868170805226,0.2133794291574651
C,0.2,0.1141381198834435,state1,1.7717717717717718,0.31707073202421243,0.21286287810939844
C,0.2,0.1141381198834435,state1,1.7817817817817818,0.31650272716945343,0.21234692225164295
C,0.2,0.1141381198834435,state1,1.7917917917917918,0.3159346961302798,0.211831571392959
C,0.2,0.1141381198834435,state1,1.8018018018018018,0.31536666770008154,0.21131683571220233
C,0.2,0.1141381198834435,state1,1.8118118118118118,0.3147986704833819,0.2108027257428107
C,0.2,0.1141381198834435,state1,1.8218218218218218,0.3142307328997669,0.21028925235764828
C,0.2,0.1141381198834435,state1,1.8318318318318318,0.31366288318750907,0.2097764267541979
C,0.2,0.1141381198834435,state1,1.8418418418418419,0.3130951494068969,0.2092642604400913
C,0.2,0.1141381198834435,state1,1.8518518518518519,0.3125275594432812,0.208752765218968
C,0.2,0.1141381198834435,state1,1.8618618618618619,0.31196014100985,0.20824195317665353
C,0.2,0.1141381198834435,state1,1.8718718718718719,0.3113929216501424,0.207731836667649
C,0.2,0.1141381198834435,state1,1.8818818818818819,0.31082592874031245,0.20722242830192286
C,0.2,0.1141381198834435,state1,1.8918918918918919,0.3102591894911521,0.20671374093199738
C,0.2,0.1141381198834435,state1,1.901901901901902,0.309692730949884,0.206205787640322
C,0.2,0.1141381198834435,state1,1.911911911911912,0.30912658000173404,0.20569858172692604
C,0.2,0.1141381198834435,state1,1.921921921921922,0.30856076337129207,0.20519213669734399
C,0.2,0.1141381198834435,state1,1.931931931931932,0.3079953076236706,0.2046864662508059
C,0.2,0.1141381198834435,state1,1.941941941941942,0.3074302391654696,0.20418158426868716
C,0.2,0.1141381198834435,state1,1.951951951951952,0.3068655842455571,0.20367750480321054
C,0.2,0.1141381198834435,state1,1.961961961961962,0.30630136895567306,0.2031742420663951
C,0.2,0.1141381198834435,state1,1.971971971971972,0.3057376192308645,0.20267181041924556
C,0.2,0.1141381198834435,state1,1.981981981981982,0.3051743608497606,0.20217022436117713
C,0.2,0.1141381198834435,state1,1.991991991991992,0.30461161943469434,0.20166949851966992
C,0.2,0.1141381198834435,state1,2.002002002002002,0.30404942045167965,0.201169647640148
C,0.2,0.1141381198834435,state1,2.012012012012012,0.3034877892102496,0.2006706865760783
C,0.2,0.1141381198834435,state1,2.022022022022022,0.30292675086316373,0.20017263027928422
C,0.2,0.1141381198834435,state1,2.032032032032032,0.3023663304059909,0.19967549379046975
C,0.2,0.1141381198834435,state1,2.042042042042042,0.30180655267657513,0.19917929222994948
C,0.2,0.1141381198834435,state1,2.052052052052052,0.3012474423543894,0.19868404078858035
C,0.2,0.1141381198834435,state1,2.062062062062062,0.3006890239597849,0.19818975471889116
C,0.2,0.1141381198834435,state1,2.0720720720720722,0.30013132185314184,0.19769644932640587
C,0.2,0.1141381198834435,state1,2.0820820820820822,0.29957436023392664,0.19720413996115693
C,0.2,0.1141381198834435,state1,2.0920920920920922,0.29901816313966223,0.19671284200938502
C,0.2,0.1141381198834435,state1,2.1021021021021022,0.29846275444481735,0.19622257088542205
C,0.2,0.1141381198834435,state1,2.1121121121121122,0.2979081578596186,0.19573334202375364
C,0.2,0.1141381198834435,state1,2.1221221221221223,0.2973543969287928,0.1952451708712582
C,0.2,0.1141381198834435,state1,2.1321321321321323,0.29680149503024267,0.19475807287961944
C,0.2,0.1141381198834435,state1,2.1421421421421423,0.2962494753736623,0.19427206349790938
C,0.2,0.1141381198834435,state1,2.1521521521521523,0.29569836099909647,0.193787158165339
C,0.2,0.1141381198834435,state1,2.1621621621621623,0.29514817477544836,0.19330337230417388
C,0.2,0.1141381198834435,state1,2.1721721721721723,0.2945989393989415,0.19282072131281183
C,0.2,0.1141381198834435,state1,2.1821821821821823,0.2940506773915379,0.19233922055902067
C,0.2,0.1141381198834435,state1,2.1921921921921923,0.2935034110993196,0.1918588853733331
C,0.2,0.1141381198834435,state1,2.2022022022022023,0.2929571626908352,0.19137973104259623
C,0.2,0.1141381198834435,state1,2.2122122122122123,0.2924119541554171,0.19090177280367437
C,0.2,0.1141381198834435,state1,2.2222222222222223,0.29186780730147255,0.1904250258373017
C,0.2,0.1141381198834435,state1,2.2322322322322323,0.2913247437547522,0.18994950526208343
C,0.2,0.1141381198834435,state1,2.2422422422422423,0.2907827849566004,0.18947522612864345
C,0.2,0.1141381198834435,state1,2.2522522522522523,0.29024195216219034,0.1890022034139159
C,0.2,0.1141381198834435,state1,2.2622622622622623,0.2897022664387473,0.18853045201557944
C,0.2,0.1141381198834435,state1,2.2722722722722724,0.28916374866376393,0.18805998674663163
C,0.2,0.1141381198834435,state1,2.2822822822822824,0.2886264195232099,0.18759082233010227
C,0.2,0.1141381198834435,state1,2.2922922922922924,0.2880902995097402,0.18712297339390363
C,0.2,0.1141381198834435,state1,2.3023023023023024,0.28755540892090337,0.1866564544658156
C,0.2,0.1141381198834435,state1,2.3123123123123124,0.2870217678573548,0.18619127996860485
C,0.2,0.1141381198834435,state1,2.3223223223223224,0.2864893962210754,0.18572746421527542
C,0.2,0.1141381198834435,state1,2.3323323323323324,0.2859583137136003,0.18526502140444992
C,0.2,0.1141381198834435,state1,2.3423423423423424,0.2854285398342592,0.18480396561587972
C,0.2,0.1141381198834435,state1,2.3523523523523524,0.2849000938784312,0.1843443108060819
C,0.2,0.1141381198834435,state1,2.3623623623623624,0.2843729949358161,0.18388607080410255
C,0.2,0.1141381198834435,state1,2.3723723723723724,0.283847261888725,0.1834292593074041
C,0.2,0.1141381198834435,state1,2.3823823823823824,0.28332291341039234,0.18297388987787602
C,0.2,0.1141381198834435,state1,2.3923923923923924,0.2827999679633111,0.1825199759379666
C,0.2,0.1141381198834435,state1,2.4024024024024024,0.28227844379759326,0.1820675307669354
C,0.2,0.1141381198834435,state1,2.4124124124124124,0.28175835894935847,0.18161656749722443
C,0.2,0.1141381198834435,state1,2.4224224224224224,0.28123973123915125,0.18116709911094686
C,0.2,0.1141381198834435,state1,2.4324324324324325,0.28072257827038943,0.180719138436492
C,0.2,0.1141381198834435,state1,2.4424424424424425,0.28020691742784626,0.18027269814524546
C,0.2,0.1141381198834435,state1,2.4524524524524525,0.2796927658761654,0.17982779074842287
C,0.2,0.1141381198834435,state1,2.4624624624624625,0.27918014055841356,0.17938442859401596
C,0.2,0.1141381198834435,state1,2.4724724724724725,0.27866905819466986,0.1789426238638503
C,0.2,0.1141381198834435,state1,2.4824824824824825,0.278159535280654,0.17850238857075243
C,0.2,0.1141381198834435,state1,2.4924924924924925,0.2776515880863952,0.17806373455582655
C,0.2,0.1141381198834435,state1,2.5025025025025025,0.2771452326549423,0.1776266734858379
C,0.2,0.1141381198834435,state1,2.5125125125125125,0.2766404848011171,0.17719121685070333
C,0.2,0.1141381198834435,state1,2.5225225225225225,0.27613736011031087,0.1767573759610864
C,0.2,0.1141381198834435,state1,2.5325325325325325,0.27563587393732675,0.1763251619460969
C,0.2,0.1141381198834435,state1,2.5425425425425425,0.2751360414052673,0.17589458575109299
C,0.2,0.1141381198834435,state1,2.5525525525525525,0.27463787740446943,0.17546565813558476
C,0.2,0.1141381198834435,state1,2.5625625625625625,0.274141396591487,0.17503838967123866
C,0.2,0.1141381198834435,state1,2.5725725725725725,0.27364661338812224,0.17461279073998076
C,0.2,0.1141381198834435,state1,2.5825825825825826,0.27315354198050606,0.1741888715321982
C,0.2,0.1141381198834435,state1,2.5925925925925926,0.27266219631822897,0.17376664204503764
C,0.2,0.1141381198834435,state1,2.6026026026026026,0.2721725901135225,0.17334611208079923
C,0.2,0.1141381198834435,state1,2.6126126126126126,0.27168473684049166,0.17292729124542516
C,0.2,0.1141381198834435,state1,2.6226226226226226,0.2711986497343998,0.17251018894708167
C,0.2,0.1141381198834435,state1,2.6326326326326326,0.270714341791005,0.17209481439483304
C,0.2,0.1141381198834435,state1,2.6426426426426426,0.2702318257659503,0.17168117659740662
C,0.2,0.1141381198834435,state1,2.6526526526526526,0.2697511141742056,0.17126928436204752
C,0.2,0.1141381198834435,state1,2.6626626626626626,0.2692722192895643,0.17085914629346227
C,0.2,0.1141381198834435,state1,2.6726726726726726,0.26879515314419283,0.1704507707928493
C,0.2,0.1141381198834435,state1,2.6826826826826826,0.26831992752823447,0.170044166057016
C,0.2,0.1141381198834435,state1,2.6926926926926926,0.26784655398946683,0.16963934007758075
C,0.2,0.1141381198834435,state1,2.7027027027027026,0.2673750438330142,0.16923630064025857
C,0.2,0.1141381198834435,state1,2.7127127127127126,0.26690540812111374,0.16883505532422943
C,0.2,0.1141381198834435,state1,2.7227227227227226,0.26643765767293603,0.16843561150158787
C,0.2,0.1141381198834435,state1,2.7327327327327327,0.26597180306446033,0.16803797633687292
C,0.2,0.1141381198834435,state1,2.7427427427427427,0.2655078546284036,0.16764215678667663
C,0.2,0.1141381198834435,state1,2.7527527527527527,0.2650458224542044,0.1672481595993307
C,0.2,0.1141381198834435,state1,2.7627627627627627,0.26458571638806017,0.1668559913146692
C,0.2,0.1141381198834435,state1,2.7727727727727727,0.26412754603301936,0.16646565826386658
C,0.2,0.1141381198834435,state1,2.7827827827827827,0.26367132074912636,0.1660771665693501
C,0.2,0.1141381198834435,state1,2.7927927927927927,0.26321704965362075,0.16569052214478427
C,0.2,0.1141381198834435,state1,2.8028028028028027,0.2627647416211892,0.16530573069512747
C,0.2,0.1141381198834435,state1,2.8128128128128127,0.26231440528427097,0.16492279771675844
C,0.2,0.1141381198834435,state1,2.8228228228228227,0.26186604903341537,0.1645417284976719
C,0.2,0.1141381198834435,state1,2.8328328328328327,0.26141968101769203,0.1641625281177419
C,0.2,0.1141381198834435,state1,2.8428428428428427,0.26097530914515266,0.1637852014490518
C,0.2,0.1141381198834435,state1,2.8528528528528527,0.2605329410833447,0.16340975315628906
C,0.2,0.1141381198834435,state1,2.8628628628628627,0.26009258425987536,0.16303618769720474
C,0.2,0.1141381198834435,state1,2.8728728728728727,0.25965424586302677,0.16266450932313484
C,0.2,0.1141381198834435,state1,2.8828828828828827,0.2592179328424208,0.16229472207958395
C,0.2,0.1141381198834435,state1,2.8928928928928928,0.2587836519097335,0.16192682980686832
C,0.2,0.1141381198834435,state1,2.9029029029029028,0.25835140953945845,0.16156083614081834
C,0.2,0.1141381198834435,state1,2.9129129129129128,0.2579212119697181,0.16119674451353858
C,0.2,0.1141381198834435,state1,2.9229229229229228,0.2574930652031238,0.16083455815422396
C,0.2,0.1141381198834435,state1,2.932932932932933,0.25706697500768155,0.16047428009003148
C,0.2,0.1141381198834435,state1,2.942942942942943,0.2566429469177455,0.16011591314700535
C,0.2,0.1141381198834435,state1,2.952952952952953,0.25622098623501655,0.15975945995105492
C,0.2,0.1141381198834435,state1,2.962962962962963,0.2558010980295862,0.15940492292898403
C,0.2,0.1141381198834435,state1,2.972972972972973,0.25538328714102493,0.15905230430957012
C,0.2,0.1141381198834435,state1,2.982982982982983,0.254967558179514,0.15870160612469247
C,0.2,0.1141381198834435,state1,2.992992992992993,0.25455391552702056,0.15835283021050767
C,0.2,0.1141381198834435,state1,3.003003003003003,0.25414236333851464,0.15800597820867168
C,0.2,0.1141381198834435,state1,3.013013013013013,0.25373290554322775,0.15766105156760654
C,0.2,0.1141381198834435,state1,3.023023023023023,0.25332554584595207,0.1573180515438114
C,0.2,0.1141381198834435,state1,3.033033033033033,0.25292028772837954,0.15697697920321535
C,0.2,0.1141381198834435,state1,3.043043043043043,0.2525171344504798,0.1566378354225724
C,0.2,0.1141381198834435,state1,3.053053053053053,0.2521160890519167,0.15630062089089578
C,0.2,0.1141381198834435,state1,3.063063063063063,0.2517171543535018,0.15596533611093155
C,0.2,0.1141381198834435,state1,3.073073073073073,0.25132033295868483,0.15563198140066964
C,0.2,0.1141381198834435,state1,3.083083083083083,0.2509256272550797,0.1553005568948913
C,0.2,0.1141381198834435,state1,3.093093093093093,0.25053303941602517,0.15497106254675172
C,0.2,0.1141381198834435,state1,3.103103103103103,0.2501425714021796,0.15464349812939676
C,0.2,0.1141381198834435,state1,3.113113113113113,0.2497542249631492,0.15431786323761226
C,0.2,0.1141381198834435,state1,3.123123123123123,0.24936800163914807,0.15399415728950508
C,0.2,0.1141381198834435,state1,3.133133133133133,0.24898390276268986,0.1536723795282146
C,0.2,0.1141381198834435,state1,3.143143143143143,0.2486019294603096,0.15335252902365346
C,0.2,0.1141381198834435,state1,3.153153153153153,0.2482220826543155,0.15303460467427604
C,0.2,0.1141381198834435,state1,3.163163163163163,0.24784436306456928,0.1527186052088745
C,0.2,0.1141381198834435,state1,3.173173173173173,0.2474687712102942,0.1524045291884001
C,0.2,0.1141381198834435,state1,3.183183183183183,0.24709530741191024,0.1520923750078094
C,0.2,0.1141381198834435,state1,3.193193193193193,0.24672397179289493,0.1517821408979338
C,0.2,0.1141381198834435,state1,3.203203203203203,0.2463547642816696,0.15147382492737185
C,0.2,0.1141381198834435,state1,3.2132132132132134,0.2459876846135098,0.15116742500440253
C,0.2,0.1141381198834435,state1,3.2232232232232234,0.24562273233247872,0.15086293887891888
C,0.2,0.1141381198834435,state1,3.2332332332332334,0.24525990679338347,0.1505603641443808
C,0.2,0.1141381198834435,state1,3.2432432432432434,0.24489920716375244,0.15025969823978594
C,0.2,0.1141381198834435,state1,3.2532532532532534,0.24454063242583354,0.1499609384516576
C,0.2,0.1141381198834435,state1,3.2632632632632634,0.24418418137861223,0.1496640819160485
C,0.2,0.1141381198834435,state1,3.2732732732732734,0.24382985263984785,0.1493691256205598
C,0.2,0.1141381198834435,state1,3.2832832832832834,0.24347764464812882,0.1490760664063736
C,0.2,0.1141381198834435,state1,3.2932932932932935,0.24312755566494396,0.14878490097029898
C,0.2,0.1141381198834435,state1,3.3033033033033035,0.24277958377677047,0.14849562586682927
C,0.2,0.1141381198834435,state1,3.3133133133133135,0.24243372689717735,0.1482082375102111
C,0.2,0.1141381198834435,state1,3.3233233233233235,0.24208998276894306,0.14792273217652255
C,0.2,0.1141381198834435,state1,3.3333333333333335,0.24174834896618663,0.14763910600576133
C,0.2,0.1141381198834435,state1,3.3433433433433435,0.2414088228965118,0.1473573550039402
C,0.2,0.1141381198834435,state1,3.3533533533533535,0.24107140180316305,0.14707747504519028
C,0.2,0.1141381198834435,state1,3.3633633633633635,0.24073608276719247,0.14679946187387016
C,0.2,0.1141381198834435,state1,3.3733733733733735,0.2404028627096369,0.14652331110668085
C,0.2,0.1141381198834435,state1,3.3833833833833835,0.24007173839370471,0.146249018234785
C,0.2,0.1141381198834435,state1,3.3933933933933935,0.23974270642697082,0.14597657862592983
C,0.2,0.1141381198834435,state1,3.4034034034034035,0.23941576326357975,0.14570598752657307
C,0.2,0.1141381198834435,state1,3.4134134134134135,0.2390909052064555,0.14543724006401065
C,0.2,0.1141381198834435,state1,3.4234234234234235,0.23876812840951797,0.14517033124850595
C,0.2,0.1141381198834435,state1,3.4334334334334335,0.23844742887990394,0.144905255975419
C,0.2,0.1141381198834435,state1,3.4434434434434436,0.23812880248019377,0.14464200902733576
C,0.2,0.1141381198834435,state1,3.4534534534534536,0.23781224493064132,0.14438058507619592
C,0.2,0.1141381198834435,state1,3.4634634634634636,0.2374977518114071,0.144120978685419
C,0.2,0.1141381198834435,state1,3.4734734734734736,0.23718531856479375,0.14386318431202777
C,0.2,0.1141381198834435,state1,3.4834834834834836,0.23687494049748367,0.1436071963087683
C,0.2,0.1141381198834435,state1,3.4934934934934936,0.23656661278277694,0.14335300892622602
C,0.2,0.1141381198834435,state1,3.5035035035035036,0.23626033046282977,0.143100616314937
C,0.2,0.1141381198834435,state1,3.5135135135135136,0.23595608845089272,0.14285001252749394
C,0.2,0.1141381198834435,state1,3.5235235235235236,0.23565388153354735,0.14260119152064593
C,0.2,0.1141381198834435,state1,3.5335335335335336,0.23535370437294162,0.14235414715739175
C,0.2,0.1141381198834435,state1,3.5435435435435436,0.23505555150902202,0.14210887320906562
C,0.2,0.1141381198834435,state1,3.5535535535535536,0.2347594173617635,0.14186536335741537
C,0.2,0.1141381198834435,state1,3.5635635635635636,0.23446529623339507,0.14162361119667166
C,0.2,0.1141381198834435,state1,3.5735735735735736,0.23417318231062106,0.14138361023560858
C,0.2,0.1141381198834435,state1,3.5835835835835836,0.23388306966683792,0.14114535389959437
C,0.2,0.1141381198834435,state1,3.5935935935935936,0.2335949522643445,0.14090883553263187
C,0.2,0.1141381198834435,state1,3.6036036036036037,0.23330882395654717,0.1406740483993888
C,0.2,0.1141381198834435,state1,3.6136136136136137,0.23302467849015768,0.140440985687216
C,0.2,0.1141381198834435,state1,3.6236236236236237,0.23274250950738345,0.14020964050815488
C,0.2,0.1141381198834435,state1,3.6336336336336337,0.23246231054811095,0.13998000590093185
C,0.2,0.1141381198834435,state1,3.6436436436436437,0.23218407505207958,0.13975207483294091
C,0.2,0.1141381198834435,state1,3.6536536536536537,0.23190779636104744,0.13952584020221245
C,0.2,0.1141381198834435,state1,3.6636636636636637,0.23163346772094756,0.139301294839369
C,0.2,0.1141381198834435,state1,3.6736736736736737,0.23136108228403365,0.13907843150956695
C,0.2,0.1141381198834435,state1,3.6836836836836837,0.23109063311101646,0.13885724291442358
C,0.2,0.1141381198834435,state1,3.6936936936936937,0.2308221131731883,0.13863772169393013
C,0.2,0.1141381198834435,state1,3.7037037037037037,0.2305555153545369,0.1384198604283488
C,0.2,0.1141381198834435,state1,3.7137137137137137,0.23029083245384704,0.13820365164009518
C,0.2,0.1141381198834435,state1,3.7237237237237237,0.2300280571867906,0.1379890877956044
C,0.2,0.1141381198834435,state1,3.7337337337337337,0.2297671821880031,0.13777616130718107
C,0.2,0.1141381198834435,state1,3.7437437437437437,0.22950820001314817,0.13756486453483327
C,0.2,0.1141381198834435,state1,3.7537537537537538,0.22925110314096772,0.1373551897880893
C,0.2,0.1141381198834435,state1,3.7637637637637638,0.2289958839753192,0.1371471293277976
C,0.2,0.1141381198834435,state1,3.7737737737737738,0.22874253484719775,0.1369406753679094
C,0.2,0.1141381198834435,state1,3.7837837837837838,0.22849104801674466,0.13673582007724383
C,0.2,0.1141381198834435,state1,3.793793793793794,0.2282414156752403,0.13653255558123498
C,0.2,0.1141381198834435,state1,3.803803803803804,0.22799362994708244,0.13633087396366125
C,0.2,0.1141381198834435,state1,3.813813813813814,0.2277476828917484,0.13613076726835618
C,0.2,0.1141381198834435,state1,3.823823823823824,0.22750356650574194,0.13593222750090092
C,0.2,0.1141381198834435,state1,3.833833833833834,0.2272612727245236,0.135735246630298
C,0.2,0.1141381198834435,state1,3.843843843843844,0.22702079342442497,0.1355398165906263
C,0.2,0.1141381198834435,state1,3.853853853853854,0.22678212042454596,0.13534592928267686
C,0.2,0.1141381198834435,state1,3.863863863863864,0.22654524548863536,0.1351535765755696
C,0.2,0.1141381198834435,state1,3.873873873873874,0.22631016032695403,0.1349627503083507
C,0.2,0.1141381198834435,state1,3.883883883883884,0.22607685659812082,0.13477344229157057
C,0.2,0.1141381198834435,state1,3.893893893893894,0.22584532591094053,0.134585644308842
C,0.2,0.1141381198834435,state1,3.903903903903904,0.22561555982621445,0.13439934811837895
C,0.2,0.1141381198834435,state1,3.913913913913914,0.22538754985853243,0.1342145454545152
C,0.2,0.1141381198834435,state1,3.923923923923924,0.22516128747804673,0.1340312280292031
C,0.2,0.1141381198834435,state1,3.933933933933934,0.22493676411222768,0.13384938753349274
C,0.2,0.1141381198834435,state1,3.943943943943944,0.22471397114760036,0.13366901563899058
C,0.2,0.1141381198834435,state1,3.953953953953954,0.22449289993146263,0.13349010399929814
C,0.2,0.1141381198834435,state1,3.963963963963964,0.22427354177358427,0.13331264425143058
C,0.2,0.1141381198834435,state1,3.973973973973974,0.22405588794788706,0.13313662801721496
C,0.2,0.1141381198834435,state1,3.983983983983984,0.2238399296941054,0.13296204690466829
C,0.2,0.1141381198834435,state1,3.993993993993994,0.22362565821942784,0.13278889250935527
C,0.2,0.1141381198834435,state1,4.004004004004004,0.22341306470011915,0.1326171564157258
C,0.2,0.1141381198834435,state1,4.014014014014014,0.2232021402831226,0.13244683019843212
C,0.2,0.1141381198834435,state1,4.024024024024024,0.22299287608764282,0.13227790542362566
C,0.2,0.1141381198834435,state1,4.034034034034034,0.222785263206709,0.13211037365023362
C,0.2,0.1141381198834435,state1,4.044044044044044,0.2225792927087178,0.13194422643121534
C,0.2,0.1141381198834435,state1,4.054054054054054,0.2223749556389571,0.13177945531479823
C,0.2,0.1141381198834435,state1,4.064064064064064,0.22217224302110924,0.1316160518456937
C,0.2,0.1141381198834435,state1,4.074074074074074,0.2219711458587346,0.13145400756629277
C,0.2,0.1141381198834435,state1,4.084084084084084,0.22177165513673483,0.13129331401784175
C,0.2,0.1141381198834435,state1,4.094094094094094,0.22157376182279653,0.1311339627415975
C,0.2,0.1141381198834435,state1,4.104104104104104,0.22137745686881444,0.13097594527996295
C,0.2,0.1141381198834435,state1,4.114114114114114,0.2211827312122947,0.13081925317760276
C,0.2,0.1141381198834435,state1,4.124124124124124,0.22098957577773784,0.13066387798253873
C,0.2,0.1141381198834435,state1,4.134134134134134,0.220797981478002,0.13050981124722585
C,0.2,0.1141381198834435,state1,4.1441441441441444,0.22060793921564573,0.1303570445296084
C,0.2,0.1141381198834435,state1,4.1541541541541545,0.2204194398842509,0.13020556939415637
C,0.2,0.1141381198834435,state1,4.1641641641641645,0.22023247436972543,0.1300553774128827
C,0.2,0.1141381198834435,state1,4.1741741741741745,0.22004703355158592,0.12990646016634072
C,0.2,0.1141381198834435,state1,4.1841841841841845,0.21986310830422062,0.12975880924460262
C,0.2,0.1141381198834435,state1,4.1941941941941945,0.2196806894981319,0.12961241624821845
C,0.2,0.1141381198834435,state1,4.2042042042042045,0.21949976800115942,0.12946727278915632
C,0.2,0.1141381198834435,state1,4.2142142142142145,0.21932033467968276,0.12932337049172335
C,0.2,0.1141381198834435,state1,4.2242242242242245,0.21914238039980477,0.1291807009934681
C,0.2,0.1141381198834435,state1,4.2342342342342345,0.21896589602851493,0.12903925594606416
C,0.2,0.1141381198834435,state1,4.2442442442442445,0.21879087243483317,0.12889902701617514
C,0.2,0.1141381198834435,state1,4.2542542542542545,0.21861730049093378,0.12876000588630138
C,0.2,0.1141381198834435,state1,4.2642642642642645,0.2184451710732503,0.12862218425560815
C,0.2,0.1141381198834435,state1,4.2742742742742745,0.21827447506356043,0.12848555384073618
C,0.2,0.1141381198834435,state1,4.2842842842842845,0.218105203350052,0.12835010637659364
C,0.2,0.1141381198834435,state1,4.2942942942942945,0.2179373468283695,0.1282158336171307
C,0.2,0.1141381198834435,state1,4.3043043043043046,0.21777089640264147,0.12808272733609644
C,0.2,0.1141381198834435,state1,4.314314314314315,0.21760584298648886,0.1279507793277777
C,0.2,0.1141381198834435,state1,4.324324324324325,0.21744217750401434,0.12781998140772152
C,0.2,0.1141381198834435,state1,4.334334334334335,0.2172798908907732,0.12769032541343953
C,0.2,0.1141381198834435,state1,4.344344344344345,0.21711897409472486,0.12756180320509575
C,0.2,0.1141381198834435,state1,4.354354354354355,0.21695941807716632,0.12743440666617747
C,0.2,0.1141381198834435,state1,4.364364364364365,0.21680121381364692,0.12730812770414957
C,0.2,0.1141381198834435,state1,4.374374374374375,0.21664435229486487,0.12718295825109202
C,0.2,0.1141381198834435,state1,4.384384384384385,0.21648882452754534,0.1270588902643214
C,0.2,0.1141381198834435,state1,4.394394394394395,0.2163346215353008,0.12693591572699608
C,0.2,0.1141381198834435,state1,4.404404404404405,0.21618173435947324,0.12681402664870547
C,0.2,0.1141381198834435,state1,4.414414414414415,0.2160301540599585,0.1266932150660435
C,0.2,0.1141381198834435,state1,4.424424424424425,0.21587987171601306,0.1265734730431665
C,0.2,0.1141381198834435,state1,4.434434434434435,0.21573087842704344,0.12645479267233548
C,0.2,0.1141381198834435,state1,4.444444444444445,0.2155831653133778,0.12633716607444362
C,0.2,0.1141381198834435,state1,4.454454454454455,0.21543672351702098,0.12622058539952816
C,0.2,0.1141381198834435,state1,4.464464464464465,0.21529154420239197,0.12610504282726767
C,0.2,0.1141381198834435,state1,4.474474474474475,0.21514761855704467,0.12599053056746473
C,0.2,0.1141381198834435,state1,4.484484484484485,0.21500493779237165,0.12587704086051396
C,0.2,0.1141381198834435,state1,4.494494494494495,0.214863493144292,0.1257645659778558
C,0.2,0.1141381198834435,state1,4.504504504504505,0.21472327587392195,0.12565309822241605
C,0.2,0.1141381198834435,state1,4.514514514514515,0.21458427726822965,0.1255426299290318
C,0.2,0.1141381198834435,state1,4.524524524524525,0.21444648864067378,0.12543315346486322
C,0.2,0.1141381198834435,state1,4.534534534534535,0.21430990133182656,0.12532466122979197
C,0.2,0.1141381198834435,state1,4.544544544544545,0.2141745067099801,0.12521714565680633
C,0.2,0.1141381198834435,state1,4.554554554554555,0.21404029617173814,0.12511059921237314
C,0.2,0.1141381198834435,state1,4.564564564564565,0.21390726114259204,0.12500501439679634
C,0.2,0.1141381198834435,state1,4.574574574574575,0.21377539307748117,0.12490038374456357
C,0.2,0.1141381198834435,state1,4.584584584584585,0.2136446834613386,0.12479669982467917
C,0.2,0.1141381198834435,state1,4.594594594594595,0.2135151238096219,0.12469395524098546
C,0.2,0.1141381198834435,state1,4.604604604604605,0.21338670566882897,0.12459214263247163
C,0.2,0.1141381198834435,state1,4.614614614614615,0.21325942061699957,0.12449125467357022
C,0.2,0.1141381198834435,state1,4.624624624624625,0.21313326026420223,0.12439128407444239
C,0.2,0.1141381198834435,state1,4.634634634634635,0.2130082162530072,0.12429222358125085
C,0.2,0.1141381198834435,state1,4.644644644644645,0.21288428025894512,0.1241940659764218
C,0.2,0.1141381198834435,state1,4.654654654654655,0.21276144399095212,0.1240968040788953
C,0.2,0.1141381198834435,state1,4.664664664664665,0.21263969919180103,0.12400043074436465
C,0.2,0.1141381198834435,state1,4.674674674674675,0.2125190376385191,0.12390493886550474
C,0.2,0.1141381198834435,state1,4.684684684684685,0.2123994511427928,0.12381032137218971
C,0.2,0.1141381198834435,state1,4.694694694694695,0.2122809315513586,0.12371657123169999
C,0.2,0.1141381198834435,state1,4.704704704704705,0.21216347074638212,0.12362368144891907
C,0.2,0.1141381198834435,state1,4.714714714714715,0.21204706064582288,0.12353164506651987
C,0.2,0.1141381198834435,state1,4.724724724724725,0.21193169320378802,0.12344045516514125
C,0.2,0.1141381198834435,state1,4.734734734734735,0.21181736041087249,0.1233501048635546
C,0.2,0.1141381198834435,state1,4.744744744744745,0.21170405429448746,0.12326058731882061
C,0.2,0.1141381198834435,state1,4.754754754754755,0.21159176691917667,0.12317189572643687
C,0.2,0.1141381198834435,state1,4.764764764764765,0.21148049038692063,0.1230840233204758
C,0.2,0.1141381198834435,state1,4.774774774774775,0.21137021683742932,0.12299696337371353
C,0.2,0.1141381198834435,state1,4.784784784784785,0.21126093844842345,0.12291070919774996
C,0.2,0.1141381198834435,state1,4.794794794794795,0.2111526474359039,0.12282525414311977
C,0.2,0.1141381198834435,state1,4.804804804804805,0.21104533605441048,0.12274059159939482
C,0.2,0.1141381198834435,state1,4.814814814814815,0.2109389965972692,0.12265671499527822
C,0.2,0.1141381198834435,state1,4.824824824824825,0.21083362139682935,0.12257361779868986
C,0.2,0.1141381198834435,state1,4.834834834834835,0.21072920282468896,0.12249129351684399
C,0.2,0.1141381198834435,state1,4.844844844844845,0.21062573329191073,0.1224097356963187
C,0.2,0.1141381198834435,state1,4.854854854854855,0.21052320524922682,0.12232893792311744
C,0.2,0.1141381198834435,state1,4.864864864864865,0.21042161118723415,0.12224889382272326
C,0.2,0.1141381198834435,state1,4.874874874874875,0.21032094363657902,0.122169597060145
C,0.2,0.1141381198834435,state1,4.884884884884885,0.21022119516813265,0.12209104133995656
C,0.2,0.1141381198834435,state1,4.894894894894895,0.21012235839315638,0.12201322040632878
C,0.2,0.1141381198834435,state1,4.904904904904905,0.21002442596345772,0.12193612804305413
C,0.2,0.1141381198834435,state1,4.914914914914915,0.20992739057153714,0.12185975807356492
C,0.2,0.1141381198834435,state1,4.924924924924925,0.20983124495072536,0.12178410436094414
C,0.2,0.1141381198834435,state1,4.934934934934935,0.209735981875312,0.12170916080793034
C,0.2,0.1141381198834435,state1,4.944944944944945,0.2096415941606651,0.1216349213569155
C,0.2,0.1141381198834435,state1,4.954954954954955,0.209548074663342,0.12156137998993691
C,0.2,0.1141381198834435,state1,4.964964964964965,0.20945541628119196,0.1214885307286628
C,0.2,0.1141381198834435,state1,4.974974974974975,0.20936361195345007,0.12141636763437189
C,0.2,0.1141381198834435,state1,4.984984984984985,0.20927265466082298,0.12134488480792702
C,0.2,0.1141381198834435,state1,4.994994994994995,0.20918253742556694,0.12127407638974314
C,0.2,0.1141381198834435,state1,5.005005005005005,0.20909325331155726,0.12120393655974952
C,0.2,0.1141381198834435,state1,5.015015015015015,0.20900479542435077,0.12113445953734658
C,0.2,0.1141381198834435,state1,5.025025025025025,0.2089171569112401,0.12106563958135738
C,0.2,0.1141381198834435,state1,5.035035035035035,0.2088303309613007,0.12099747098997372
C,0.2,0.1141381198834435,state1,5.045045045045045,0.20874431080543068,0.12092994810069732
C,0.2,0.1141381198834435,state1,5.055055055055055,0.20865908971638325,0.12086306529027596
C,0.2,0.1141381198834435,state1,5.065065065065065,0.2085746610087923,0.12079681697463471
C,0.2,0.1141381198834435,state1,5.075075075075075,0.208491018039191,0.12073119760880247
C,0.2,0.1141381198834435,state1,5.085085085085085,0.20840815420602385,0.120666201686834
C,0.2,0.1141381198834435,state1,5.095095095095095,0.20832606294965184,0.12060182374172732
C,0.2,0.1141381198834435,state1,5.105105105105105,0.20824473775235142,0.1205380583453368
C,0.2,0.1141381198834435,state1,5.115115115115115,0.20816417213830687,0.1204749001082821
C,0.2,0.1141381198834435,state1,5.125125125125125,0.20808435967359712,0.1204123436798527
C,0.2,0.1141381198834435,state1,5.135135135135135,0.2080052939661754,0.12035038374790875
C,0.2,0.1141381198834435,state1,5.145145145145145,0.20792696866584415,0.12028901503877769
C,0.2,0.1141381198834435,state1,5.155155155155155,0.2078493774642235,0.12022823231714735
C,0.2,0.1141381198834435,state1,5.165165165165165,0.207772514094714,0.12016803038595511
C,0.2,0.1141381198834435,state1,5.175175175175175,0.20769637233245442,0.12010840408627366
C,0.2,0.1141381198834435,state1,5.185185185185185,0.20762094599427341,0.12004934829719312
C,0.2,0.1141381198834435,state1,5.195195195195195,0.20754622893863656,0.11999085793569984
C,0.2,0.1141381198834435,state1,5.205205205205205,0.20747221506558766,0.11993292795655196
C,0.2,0.1141381198834435,state1,5.215215215215215,0.2073988983166855,0.11987555335215178
C,0.2,0.1141381198834435,state1,5.225225225225225,0.20732627267493556,0.1198187291524149
C,0.2,0.1141381198834435,state1,5.235235235235235,0.2072543321647165,0.11976245042463657
C,0.2,0.1141381198834435,state1,5.245245245245245,0.2071830708517027,0.11970671227335508
C,0.2,0.1141381198834435,state1,5.255255255255255,0.20711248284278178,0.11965150984021218
C,0.2,0.1141381198834435,state1,5.265265265265265,0.20704256228596762,0.11959683830381107
C,0.2,0.1141381198834435,state1,5.275275275275275,0.20697330337030928,0.11954269287957157
C,0.2,0.1141381198834435,state1,5.285285285285285,0.20690470032579575,0.11948906881958285
C,0.2,0.1141381198834435,state1,5.295295295295295,0.20683674742325608,0.11943596141245362
C,0.2,0.1141381198834435,state1,5.305305305305305,0.2067694389742562,0.11938336598316003
C,0.2,0.1141381198834435,state1,5.315315315315315,0.20670276933099135,0.11933127789289132
C,0.2,0.1141381198834435,state1,5.325325325325325,0.20663673288617476,0.11927969253889317
C,0.2,0.1141381198834435,state1,5.335335335335335,0.20657132407292306,0.11922860535430903
C,0.2,0.1141381198834435,state1,5.345345345345345,0.20650653736463737,0.11917801180801935
C,0.2,0.1141381198834435,state1,5.355355355355355,0.20644236727488155,0.11912790740447886
C,0.2,0.1141381198834435,state1,5.365365365365365,0.20637880835725675,0.11907828768355205
C,0.2,0.1141381198834435,state1,5.375375375375375,0.20631585520527274,0.1190291482203467
C,0.2,0.1141381198834435,state1,5.385385385385385,0.20625350245221596,0.11898048462504572
C,0.2,0.1141381198834435,state1,5.395395395395395,0.2061917447710145,0.11893229254273749
C,0.2,0.1141381198834435,state1,5.405405405405405,0.20613057687410027,0.11888456765324423
C,0.2,0.1141381198834435,state1,5.415415415415415,0.2060699935132678,0.11883730567094937
C,0.2,0.1141381198834435,state1,5.425425425425425,0.20600998947953075,0.11879050234462288
C,0.2,0.1141381198834435,state1,5.435435435435435,0.20595055960297512,0.11874415345724575
C,0.2,0.1141381198834435,state1,5.445445445445445,0.20589169875261026,0.11869825482583275
C,0.2,0.1141381198834435,state1,5.455455455455455,0.20583340183621704,0.11865280230125412
C,0.2,0.1141381198834435,state1,5.465465465465465,0.20577566380019374,0.118607791768056
C,0.2,0.1141381198834435,state1,5.475475475475475,0.20571847962939915,0.11856321914427974
C,0.2,0.1141381198834435,state1,5.485485485485485,0.20566184434699386,0.11851908038128017
C,0.2,0.1141381198834435,state1,5.495495495495495,0.20560575301427897,0.11847537146354277
C,0.2,0.1141381198834435,state1,5.505505505505505,0.20555020073053257,0.11843208840849988
C,0.2,0.1141381198834435,state1,5.515515515515515,0.20549518263284447,0.11838922726634613
C,0.2,0.1141381198834435,state1,5.525525525525525,0.20544069389594863,0.11834678411985285
C,0.2,0.1141381198834435,state1,5.535535535535535,0.20538672973205363,0.11830475508418174
C,0.2,0.1141381198834435,state1,5.545545545545545,0.2053332853906716,0.11826313630669802
C,0.2,0.1141381198834435,state1,5.555555555555555,0.20528035615844498,0.11822192396678234
C,0.2,0.1141381198834435,state1,5.565565565565565,0.20522793735897166,0.11818111427564273
C,0.2,0.1141381198834435,state1,5.575575575575575,0.20517602435262866,0.1181407034761254
C,0.2,0.1141381198834435,state1,5.585585585585585,0.20512461253639394,0.11810068784252524
C,0.2,0.1141381198834435,state1,5.595595595595595,0.20507369734366693,0.11806106368039594
C,0.2,0.1141381198834435,state1,5.605605605605605,0.20502327424408742,0.11802182732635932
C,0.2,0.1141381198834435,state1,5.615615615615615,0.20497333874335322,0.11798297514791453
C,0.2,0.1141381198834435,state1,5.625625625625625,0.2049238863830363,0.11794450354324687
C,0.2,0.1141381198834435,state1,5.635635635635635,0.2048749127403978,0.11790640894103606
C,0.2,0.1141381198834435,state1,5.645645645645645,0.20482641342820188,0.11786868780026451
C,0.2,0.1141381198834435,state1,5.655655655655655,0.20477838409452837,0.11783133661002525
C,0.2,0.1141381198834435,state1,5.665665665665665,0.20473082042258406,0.11779435188932953
C,0.2,0.1141381198834435,state1,5.675675675675675,0.20468371813051356,0.11775773018691449
C,0.2,0.1141381198834435,state1,5.685685685685685,0.20463707297120862,0.11772146808105058
C,0.2,0.1141381198834435,state1,5.6956956956956954,0.2045908807321167,0.11768556217934881
C,0.2,0.1141381198834435,state1,5.7057057057057055,0.20454513723504894,0.11765000911856821
C,0.2,0.1141381198834435,state1,5.7157157157157155,0.20449983833598692,0.117614805564423
C,0.2,0.1141381198834435,state1,5.7257257257257255,0.20445497992488884,0.11757994821138999
C,0.2,0.1141381198834435,state1,5.7357357357357355,0.20441055792549503,0.11754543378251589
C,0.2,0.1141381198834435,state1,5.7457457457457455,0.20436656829513278,0.1175112590292248
C,0.2,0.1141381198834435,state1,5.7557557557557555,0.20432300702452036,0.11747742073112578
C,0.2,0.1141381198834435,state1,5.7657657657657655,0.2042798701375709,0.11744391569582065
C,0.2,0.1141381198834435,state1,5.7757757757757755,0.20423715369119524,0.11741074075871173
C,0.2,0.1141381198834435,state1,5.7857857857857855,0.20419485377510466,0.11737789278281015
C,0.2,0.1141381198834435,state1,5.7957957957957955,0.20415296651161305,0.11734536865854413
C,0.2,0.1141381198834435,state1,5.8058058058058055,0.20411148805543883,0.1173131653035676
C,0.2,0.1141381198834435,state1,5.8158158158158155,0.20407041459350617,0.11728127966256914
C,0.2,0.1141381198834435,state1,5.8258258258258255,0.20402974234474633,0.11724970870708126
C,0.2,0.1141381198834435,state1,5.8358358358358355,0.20398946755989852,0.1172184494352899
C,0.2,0.1141381198834435,state1,5.8458458458458455,0.20394958652131054,0.11718749887184454
C,0.2,0.1141381198834435,state1,5.8558558558558556,0.20391009554273928,0.11715685406766835
C,0.2,0.1141381198834435,state1,5.865865865865866,0.20387099096915107,0.1171265120997692
C,0.2,0.1141381198834435,state1,5.875875875875876,0.2038322691765219,0.11709647007105065
C,0.2,0.1141381198834435,state1,5.885885885885886,0.20379392657163747,0.11706672511012382
C,0.2,0.1141381198834435,state1,5.895895895895896,0.20375595959189366,0.11703727437111947
C,0.2,0.1141381198834435,state1,5.905905905905906,0.20371836470509613,0.1170081150335006
C,0.2,0.1141381198834435,state1,5.915915915915916,0.20368113840926091,0.11697924430187583
C,0.2,0.1141381198834435,state1,5.925925925925926,0.20364427723241438,0.11695065940581294
C,0.2,0.1141381198834435,state1,5.935935935935936,0.2036077777323936,0.11692235759965333
C,0.2,0.1141381198834435,state1,5.945945945945946,0.20357163649664686,0.11689433616232685
C,0.2,0.1141381198834435,state1,5.955955955955956,0.203535850142034,0.11686659239716723
C,0.2,0.1141381198834435,state1,5.965965965965966,0.20350041531462754,0.11683912363172835
C,0.2,0.1141381198834435,state1,5.975975975975976,0.20346532868951334,0.11681192721760075
C,0.2,0.1141381198834435,state1,5.985985985985986,0.20343058697059202,0.11678500053022924
C,0.2,0.1141381198834435,state1,5.995995995995996,0.20339618689038041,0.1167583409687308
C,0.2,0.1141381198834435,state1,6.006006006006006,0.2033621252098133,0.11673194595571351
C,0.2,0.1141381198834435,state1,6.016016016016016,0.20332839871804567,0.1167058129370957
C,0.2,0.1141381198834435,state1,6.026026026026026,0.203295004232255,0.11667993938192632
C,0.2,0.1141381198834435,state1,6.036036036036036,0.2032619385974442,0.11665432278220575
C,0.2,0.1141381198834435,state1,6.046046046046046,0.20322919868624492,0.11662896065270739
C,0.2,0.1141381198834435,state1,6.056056056056056,0.20319678139872105,0.11660385053079991
C,0.2,0.1141381198834435,state1,6.066066066066066,0.20316468366217294,0.11657898997627061
C,0.2,0.1141381198834435,state1,6.076076076076076,0.20313290243094187,0.11655437657114899
C,0.2,0.1141381198834435,state1,6.086086086086086,0.20310143468621522,0.11653000791953165
C,0.2,0.1141381198834435,state1,6.096096096096096,0.2030702774358319,0.11650588164740769
C,0.2,0.1141381198834435,state1,6.106106106106106,0.2030394277140885,0.11648199540248483
C,0.2,0.1141381198834435,state1,6.116116116116116,0.203008882581546,0.11645834685401674
C,0.2,0.1141381198834435,state1,6.126126126126126,0.20297863912483677,0.11643493369263068
C,0.2,0.1141381198834435,state1,6.136136136136136,0.2029486944564725,0.11641175363015643
C,0.2,0.1141381198834435,state1,6.146146146146146,0.20291904571465255,0.1163888043994557
C,0.2,0.1141381198834435,state1,6.156156156156156,0.20288969006307295,0.11636608375425274
C,0.2,0.1141381198834435,state1,6.166166166166166,0.202860624690736,0.11634358946896536
C,0.2,0.1141381198834435,state1,6.176176176176176,0.20283184681176067,0.11632131933853733
C,0.2,0.1141381198834435,state1,6.186186186186186,0.2028033536651934,0.1162992711782712
C,0.2,0.1141381198834435,state1,6.196196196196196,0.20277514251481982,0.11627744282366231
C,0.2,0.1141381198834435,state1,6.206206206206206,0.20274721064897713,0.11625583213023352
C,0.2,0.1141381198834435,state1,6.216216216216216,0.20271955538036715,0.1162344369733708
C,0.2,0.1141381198834435,state1,6.226226226226226,0.20269217404586995,0.11621325524815995
C,0.2,0.1141381198834435,state1,6.236236236236236,0.20266506400635856,0.11619228486922394
C,0.2,0.1141381198834435,state1,6.246246246246246,0.20263822264651404,0.1161715237705613
C,0.2,0.1141381198834435,state1,6.256256256256256,0.20261164737464174,0.11615096990538547
C,0.2,0.1141381198834435,state1,6.266266266266266,0.2025853356224879,0.11613062124596485
C,0.2,0.1141381198834435,state1,6.276276276276276,0.2025592848450573,0.11611047578346417
C,0.2,0.1141381198834435,state1,6.286286286286286,0.20253349252043182,0.11609053152778621
C,0.2,0.1141381198834435,state1,6.296296296296296,0.20250795614958927,0.11607078650741506
C,0.2,0.1141381198834435,state1,6.306306306306306,0.20248267325622385,0.11605123876925982
C,0.2,0.1141381198834435,state1,6.316316316316316,0.20245764138656666,0.11603188637849958
C,0.2,0.1141381198834435,state1,6.326326326326326,0.2024328581092075,0.11601272741842909
C,0.2,0.1141381198834435,state1,6.336336336336336,0.20240832101491746,0.11599375999030558
C,0.2,0.1141381198834435,state1,6.346346346346346,0.20238402771647226,0.1159749822131962
C,0.2,0.1141381198834435,state1,6.356356356356356,0.20235997584847648,0.11595639222382698
C,0.2,0.1141381198834435,state1,6.366366366366366,0.2023361630671887,0.11593798817643204
C,0.2,0.1141381198834435,state1,6.376376376376376,0.20231258705034752,0.11591976824260425
C,0.2,0.1141381198834435,state1,6.386386386386386,0.2022892454969984,0.11590173061114663
C,0.2,0.1141381198834435,state1,6.396396396396396,0.20226613612732158,0.1158838734879248
C,0.2,0.1141381198834435,state1,6.406406406406406,0.20224325668246054,0.11586619509572021
C,0.2,0.1141381198834435,state1,6.416416416416417,0.20222060492435182,0.11584869367408465
C,0.2,0.1141381198834435,state1,6.426426426426427,0.2021981786355553,0.11583136747919523
C,0.2,0.1141381198834435,state1,6.436436436436437,0.20217597561908587,0.11581421478371078
C,0.2,0.1141381198834435,state1,6.446446446446447,0.20215399369824552,0.11579723387662899
C,0.2,0.1141381198834435,state1,6.456456456456457,0.20213223071645678,0.11578042306314444
C,0.2,0.1141381198834435,state1,6.466466466466467,0.20211068453709682,0.11576378066450775
C,0.2,0.1141381198834435,state1,6.476476476476477,0.20208935304333267,0.11574730501788552
C,0.2,0.1141381198834435,state1,6.486486486486487,0.2020682341379572,0.11573099447622144
C,0.2,0.1141381198834435,state1,6.496496496496497,0.2020473257432262,0.11571484740809805
C,0.2,0.1141381198834435,state1,6.506506506506507,0.2020266258006964,0.11569886219759969
C,0.2,0.1141381198834435,state1,6.516516516516517,0.20200613227106426,0.11568303724417642
C,0.2,0.1141381198834435,state1,6.526526526526527,0.20198584313400597,0.11566737096250858
C,0.2,0.1141381198834435,state1,6.536536536536537,0.20196575638801817,0.11565186178237274
C,0.2,0.1141381198834435,state1,6.546546546546547,0.2019458700502598,0.11563650814850822
C,0.2,0.1141381198834435,state1,6.556556556556557,0.20192618215639488,0.1156213085204848
C,0.2,0.1141381198834435,state1,6.566566566566567,0.20190669076043613,0.11560626137257114
C,0.2,0.1141381198834435,state1,6.576576576576577,0.2018873939345898,0.11559136519360445
C,0.2,0.1141381198834435,state1,6.586586586586587,0.2018682897691011,0.11557661848686086
C,0.2,0.1141381198834435,state1,6.596596596596597,0.201849376372101,0.1155620197699267
C,0.2,0.1141381198834435,state1,6.606606606606607,0.20183065186945384,0.11554756757457098
C,0.2,0.1141381198834435,state1,6.616616616616617,0.20181211440460564,0.1155332604466185
C,0.2,0.1141381198834435,state1,6.626626626626627,0.20179376213843384,0.11551909694582409
C,0.2,0.1141381198834435,state1,6.636636636636637,0.20177559324909777,0.11550507564574768
C,0.2,0.1141381198834435,state1,6.646646646646647,0.2017576059318901,0.11549119513363035
C,0.2,0.1141381198834435,state1,6.656656656656657,0.2017397983990892,0.11547745401027124
C,0.2,0.1141381198834435,state1,6.666666666666667,0.20172216887981273,0.11546385088990548
C,0.2,0.1141381198834435,state1,6.676676676676677,0.20170471561987183,0.11545038440008289
C,0.2,0.1141381198834435,state1,6.686686686686687,0.20168743688162663,0.11543705318154779
C,0.2,0.1141381198834435,state1,6.696696696696697,0.20167033094384249,0.11542385588811946
C,0.2,0.1141381198834435,state1,6.706706706706707,0.2016533961015474,0.11541079118657385
C,0.2,0.1141381198834435,state1,6.716716716716717,0.20163663066589005,0.11539785775652574
C,0.2,0.1141381198834435,state1,6.726726726726727,0.20162003296399938,0.11538505429031232
C,0.2,0.1141381198834435,state1,6.736736736736737,0.2016036013388445,0.11537237949287725
C,0.2,0.1141381198834435,state1,6.746746746746747,0.20158733414909596,0.11535983208165579
C,0.2,0.1141381198834435,state1,6.756756756756757,0.20157122976898803,0.11534741078646088
C,0.2,0.1141381198834435,state1,6.766766766766767,0.20155528658818153,0.11533511434936988
C,0.2,0.1141381198834435,state1,6.776776776776777,0.20153950301162818,0.1153229415246125
C,0.2,0.1141381198834435,state1,6.786786786786787,0.20152387745943534,0.11531089107845931
C,0.2,0.1141381198834435,state1,6.796796796796797,0.20150840836673228,0.11529896178911136
C,0.2,0.1141381198834435,state1,6.806806806806807,0.20149309418353692,0.1152871524465905
C,0.2,0.1141381198834435,state1,6.816816816816817,0.20147793337462377,0.11527546185263071
C,0.2,0.1141381198834435,state1,6.826826826826827,0.2014629244193928,0.11526388882057013
C,0.2,0.1141381198834435,state1,6.836836836836837,0.20144806581173927,0.11525243217524413
C,0.2,0.1141381198834435,state1,6.846846846846847,0.20143335605992435,0.11524109075287907
C,0.2,0.1141381198834435,state1,6.856856856856857,0.20141879368644688,0.11522986340098708
C,0.2,0.1141381198834435,state1,6.866866866866867,0.20140437722791607,0.11521874897826147
C,0.2,0.1141381198834435,state1,6.876876876876877,0.20139010523492495,0.1152077463544732
C,0.2,0.1141381198834435,state1,6.886886886886887,0.20137597627192483,0.1151968544103681
C,0.2,0.1141381198834435,state1,6.896896896896897,0.20136198891710091,0.11518607203756476
C,0.2,0.1141381198834435,state1,6.906906906906907,0.20134814176224855,0.11517539813845362
C,0.2,0.1141381198834435,state1,6.916916916916917,0.20133443341265048,0.11516483162609653
C,0.2,0.1141381198834435,state1,6.926926926926927,0.20132086248695508,0.11515437142412728
C,0.2,0.1141381198834435,state1,6.936936936936937,0.20130742761705558,0.11514401646665297
C,0.2,0.1141381198834435,state1,6.946946946946947,0.20129412744797004,0.11513376569815614
C,0.2,0.1141381198834435,state1,6.956956956956957,0.20128096063772227,0.11512361807339772
C,0.2,0.1141381198834435,state1,6.966966966966967,0.20126792585722375,0.11511357255732074
C,0.2,0.1141381198834435,state1,6.976976976976977,0.20125502179015642,0.11510362812495502
C,0.2,0.1141381198834435,state1,6.986986986986987,0.20124224713285632,0.11509378376132233
C,0.2,0.1141381198834435,state1,6.996996996996997,0.2012296005941982,0.1150840384613426
C,0.2,0.1141381198834435,state1,7.007007007007007,0.20121708089548093,0.11507439122974086
C,0.2,0.1141381198834435,state1,7.017017017017017,0.20120468677031397,0.11506484108095497
C,0.2,0.1141381198834435,state1,7.027027027027027,0.20119241696450452,0.11505538703904387
C,0.2,0.1141381198834435,state1,7.037037037037037,0.20118027023594565,0.11504602813759715
C,0.2,0.1141381198834435,state1,7.047047047047047,0.20116824535450534,0.11503676341964472
C,0.2,0.1141381198834435,state1,7.057057057057057,0.20115634110191638,0.11502759193756783
C,0.2,0.1141381198834435,state1,7.067067067067067,0.2011445562716671,0.11501851275301042
C,0.2,0.1141381198834435,state1,7.077077077077077,0.20113288966889303,0.11500952493679144
C,0.2,0.1141381198834435,state1,7.087087087087087,0.2011213401102692,0.11500062756881786
C,0.2,0.1141381198834435,state1,7.097097097097097,0.20110990642390372,0.11499181973799848
C,0.2,0.1141381198834435,state1,7.107107107107107,0.20109858744923187,0.11498310054215828
C,0.2,0.1141381198834435,state1,7.117117117117117,0.20108738203691107,0.11497446908795371
C,0.2,0.1141381198834435,state1,7.127127127127127,0.20107628904871688,0.11496592449078873
C,0.2,0.1141381198834435,state1,7.137137137137137,0.20106530735743958,0.11495746587473128
C,0.2,0.1141381198834435,state1,7.147147147147147,0.2010544358467819,0.11494909237243085
C,0.2,0.1141381198834435,state1,7.157157157157157,0.20104367341125726,0.11494080312503645
C,0.2,0.1141381198834435,state1,7.167167167167167,0.20103301895608908,0.11493259728211545
C,0.2,0.1141381198834435,state1,7.177177177177177,0.20102247139711077,0.11492447400157309
C,0.2,0.1141381198834435,state1,7.187187187187187,0.20101202966066656,0.11491643244957264
C,0.2,0.1141381198834435,state1,7.197197197197197,0.2010016926835132,0.11490847180045644
C,0.2,0.1141381198834435,state1,7.207207207207207,0.20099145941272248,0.11490059123666722
C,0.2,0.1141381198834435,state1,7.217217217217217,0.20098132880558436,0.11489278994867061
C,0.2,0.1141381198834435,state1,7.227227227227227,0.20097129982951123,0.11488506713487796
C,0.2,0.1141381198834435,state1,7.237237237237237,0.2009613714619426,0.11487742200156993
C,0.2,0.1141381198834435,state1,7.247247247247247,0.2009515426902509,0.11486985376282091
C,0.2,0.1141381198834435,state1,7.257257257257257,0.2009418125116478,0.1148623616404238
C,0.2,0.1141381198834435,state1,7.267267267267267,0.20093217993309156,0.1148549448638157
C,0.2,0.1141381198834435,state1,7.277277277277277,0.20092264397119491,0.1148476026700042
C,0.2,0.1141381198834435,state1,7.287287287287287,0.2009132036521338,0.11484033430349425
C,0.2,0.1141381198834435,state1,7.297297297297297,0.20090385801155708,0.11483313901621567
C,0.2,0.1141381198834435,state1,7.307307307307307,0.20089460609449658,0.11482601606745142
C,0.2,0.1141381198834435,state1,7.317317317317317,0.2008854469552784,0.1148189647237664
C,0.2,0.1141381198834435,state1,7.327327327327327,0.20087637965743446,0.11481198425893692
C,0.2,0.1141381198834435,state1,7.337337337337337,0.20086740327361516,0.11480507395388073
C,0.2,0.1141381198834435,state1,7.347347347347347,0.20085851688550263,0.11479823309658782
C,0.2,0.1141381198834435,state1,7.357357357357357,0.20084971958372486,0.11479146098205163
C,0.2,0.1141381198834435,state1,7.367367367367367,0.20084101046777023,0.1147847569122011
C,0.2,0.1141381198834435,state1,7.377377377377377,0.20083238864590316,0.11477812019583311
C,0.2,0.1141381198834435,state1,7.387387387387387,0.20082385323508026,0.11477155014854576
C,0.2,0.1141381198834435,state1,7.397397397397397,0.20081540336086715,0.11476504609267188
C,0.2,0.1141381198834435,state1,7.407407407407407,0.20080703815735626,0.11475860735721359
C,0.2,0.1141381198834435,state1,7.4174174174174174,0.20079875676708495,0.11475223327777713
C,0.2,0.1141381198834435,state1,7.4274274274274275,0.20079055834095472,0.11474592319650838
C,0.2,0.1141381198834435,state1,7.4374374374374375,0.20078244203815085,0.1147396764620289
C,0.2,0.1141381198834435,state1,7.4474474474474475,0.20077440702606275,0.11473349242937265
C,0.2,0.1141381198834435,state1,7.4574574574574575,0.2007664524802053,0.11472737045992322
C,0.2,0.1141381198834435,state1,7.4674674674674675,0.20075857758414037,0.11472130992135156
C,0.2,0.1141381198834435,state1,7.4774774774774775,0.20075078152939943,0.11471531018755442
C,0.2,0.1141381198834435,state1,7.4874874874874875,0.20074306351540666,0.1147093706385932
C,0.2,0.1141381198834435,state1,7.4974974974974975,0.20073542274940276,0.11470349066063346
C,0.2,0.1141381198834435,state1,7.5075075075075075,0.20072785844636942,0.11469766964588494
C,0.2,0.1141381198834435,state1,7.5175175175175175,0.20072036982895444,0.11469190699254207
C,0.2,0.1141381198834435,state1,7.5275275275275275,0.20071295612739753,0.11468620210472509
C,0.2,0.1141381198834435,state1,7.5375375375375375,0.20070561657945665,0.11468055439242168
C,0.2,0.1141381198834435,state1,7.5475475475475475,0.2006983504303353,0.11467496327142916
C,0.2,0.1141381198834435,state1,7.5575575575575575,0.20069115693260994,0.11466942816329713
C,0.2,0.1141381198834435,state1,7.5675675675675675,0.20068403534615856,0.11466394849527066
C,0.2,0.1141381198834435,state1,7.5775775775775776,0.20067698493808955,0.11465852370023412
C,0.2,0.1141381198834435,state1,7.587587587587588,0.2006700049826714,0.11465315321665528
C,0.2,0.1141381198834435,state1,7.597597597597598,0.2006630947612628,0.11464783648853018
C,0.2,0.1141381198834435,state1,7.607607607607608,0.20065625356224345,0.11464257296532834
C,0.2,0.1141381198834435,state1,7.617617617617618,0.2006494806809457,0.11463736210193842
C,0.2,0.1141381198834435,state1,7.627627627627628,0.20064277541958644,0.1146322033586147
C,0.2,0.1141381198834435,state1,7.637637637637638,0.20063613708719982,0.11462709620092354
C,0.2,0.1141381198834435,state1,7.647647647647648,0.20062956499957046,0.11462204009969082
C,0.2,0.1141381198834435,state1,7.657657657657658,0.20062305847916725,0.11461703453094958
C,0.2,0.1141381198834435,state1,7.667667667667668,0.20061661685507792,0.11461207897588818
C,0.2,0.1141381198834435,state1,7.677677677677678,0.20061023946294398,0.11460717292079904
C,0.2,0.1141381198834435,state1,7.687687687687688,0.2006039256448962,0.1146023158570277
C,0.2,0.1141381198834435,state1,7.697697697697698,0.20059767474949097,0.11459750728092254
C,0.2,0.1141381198834435,state1,7.707707707707708,0.20059148613164685,0.11459274669378466
C,0.2,0.1141381198834435,state1,7.717717717717718,0.200585359152582,0.11458803360181867
C,0.2,0.1141381198834435,state1,7.727727727727728,0.20057929317975198,0.11458336751608343
C,0.2,0.1141381198834435,state1,7.737737737737738,0.2005732875867882,0.11457874795244362
C,0.2,0.1141381198834435,state1,7.747747747747748,0.20056734175343668,0.11457417443152164
C,0.2,0.1141381198834435,state1,7.757757757757758,0.20056145506549797,0.1145696464786498
C,0.2,0.1141381198834435,state1,7.767767767767768,0.2005556269147668,0.1145651636238233
C,0.2,0.1141381198834435,state1,7.777777777777778,0.20054985669897282,0.11456072540165321
C,0.2,0.1141381198834435,state1,7.787787787787788,0.2005441438217218,0.1145563313513203
C,0.2,0.1141381198834435,state1,7.797797797797798,0.2005384876924372,0.11455198101652897
C,0.2,0.1141381198834435,state1,7.807807807807808,0.2005328877263023,0.11454767394546174
C,0.2,0.1141381198834435,state1,7.817817817817818,0.20052734334420289,0.11454340969073433
C,0.2,0.1141381198834435,state1,7.827827827827828,0.2005218539726707,0.11453918780935075
C,0.2,0.1141381198834435,state1,7.837837837837838,0.20051641904382675,0.1145350078626592
C,0.2,0.1141381198834435,state1,7.847847847847848,0.200511037995326,0.1145308694163082
C,0.2,0.1141381198834435,state1,7.857857857857858,0.20050571027030167,0.11452677204020305
C,0.2,0.1141381198834435,state1,7.867867867867868,0.2005004353173108,0.11452271530846289
C,0.2,0.1141381198834435,state1,7.877877877877878,0.20049521259027972,0.11451869879937808
C,0.2,0.1141381198834435,state1,7.887887887887888,0.20049004154845046,0.1145147220953678
C,0.2,0.1141381198834435,state1,7.897897897897898,0.20048492165632734,0.11451078478293837
C,0.2,0.1141381198834435,state1,7.907907907907908,0.2004798523836242,0.11450688645264165
C,0.2,0.1141381198834435,state1,7.917917917917918,0.200474833205212,0.11450302669903403
C,0.2,0.1141381198834435,state1,7.927927927927928,0.20046986360106708,0.11449920512063574
C,0.2,0.1141381198834435,state1,7.937937937937938,0.20046494305621954,0.11449542131989043
C,0.2,0.1141381198834435,state1,7.947947947947948,0.20046007106070257,0.11449167490312533
C,0.2,0.1141381198834435,state1,7.957957957957958,0.2004552471095018,0.11448796548051159
C,0.2,0.1141381198834435,state1,7.967967967967968,0.20045047070250532,0.11448429266602513
C,0.2,0.1141381198834435,state1,7.977977977977978,0.2004457413444542,0.11448065607740776
C,0.2,0.1141381198834435,state1,7.987987987987988,0.20044105854489325,0.11447705533612862
C,0.2,0.1141381198834435,state1,7.997997997997998,0.20043642181812246,0.11447349006734624
C,0.2,0.1141381198834435,state1,8.008008008008009,0.20043183068314877,0.11446995989987056
C,0.2,0.1141381198834435,state1,8.018018018018019,0.2004272846636382,0.11446646446612561
C,0.2,0.1141381198834435,state1,8.028028028028029,0.20042278328786858,0.11446300340211242
C,0.2,0.1141381198834435,state1,8.038038038038039,0.20041832608868262,0.11445957634737224
C,0.2,0.1141381198834435,state1,8.048048048048049,0.20041391260344135,0.11445618294495025
C,0.2,0.1141381198834435,state1,8.058058058058059,0.20040954237397812,0.11445282284135933
C,0.2,0.1141381198834435,state1,8.068068068068069,0.20040521494655292,0.11444949568654456
C,0.2,0.1141381198834435,state1,8.078078078078079,0.20040092987180705,0.11444620113384762
C,0.2,0.1141381198834435,state1,8.088088088088089,0.20039668670471852,0.11444293883997188
C,0.2,0.1141381198834435,state1,8.098098098098099,0.2003924850045574,0.11443970846494755
C,0.2,0.1141381198834435,state1,8.108108108108109,0.20038832433484183,0.11443650967209737
C,0.2,0.1141381198834435,state1,8.118118118118119,0.20038420426329454,0.11443334212800244
C,0.2,0.1141381198834435,state1,8.128128128128129,0.20038012436179947,0.11443020550246848
C,0.2,0.1141381198834435,state1,8.138138138138139,0.20037608420635908,0.11442709946849229
C,0.2,0.1141381198834435,state1,8.148148148148149,0.20037208337705176,0.11442402370222876
C,0.2,0.1141381198834435,state1,8.158158158158159,0.20036812145798988,0.11442097788295781
C,0.2,0.1141381198834435,state1,8.168168168168169,0.2003641980372781,0.11441796169305198
C,0.2,0.1141381198834435,state1,8.178178178178179,0.200360312706972,0.11441497481794415
C,0.2,0.1141381198834435,state1,8.188188188188189,0.20035646506303728,0.11441201694609564
C,0.2,0.1141381198834435,state1,8.198198198198199,0.20035265470530916,0.11440908776896443
C,0.2,0.1141381198834435,state1,8.208208208208209,0.20034888123745206,0.11440618698097395
C,0.2,0.1141381198834435,state1,8.218218218218219,0.20034514426692004,0.11440331427948196
C,0.2,0.1141381198834435,state1,8.228228228228229,0.20034144340491714,0.11440046936474968
C,0.2,0.1141381198834435,state1,8.238238238238239,0.20033777826635835,0.11439765193991146
C,0.2,0.1141381198834435,state1,8.248248248248249,0.20033414846983086,0.11439486171094441
C,0.2,0.1141381198834435,state1,8.258258258258259,0.20033055363755567,0.11439209838663854
C,0.2,0.1141381198834435,state1,8.268268268268269,0.20032699339534954,0.11438936167856713
C,0.2,0.1141381198834435,state1,8.278278278278279,0.20032346737258727,0.1143866513010572
C,0.2,0.1141381198834435,state1,8.288288288288289,0.20031997520216444,0.11438396697116057
C,0.2,0.1141381198834435,state1,8.298298298298299,0.20031651652046012,0.11438130840862488
C,0.2,0.1141381198834435,state1,8.308308308308309,0.20031309096730052,0.11437867533586508
C,0.2,0.1141381198834435,state1,8.318318318318319,0.2003096981859224,0.11437606747793506
C,0.2,0.1141381198834435,state1,8.328328328328329,0.2003063378229371,0.11437348456249959
C,0.2,0.1141381198834435,state1,8.338338338338339,0.20030300952829488,0.11437092631980654
C,0.2,0.1141381198834435,state1,8.348348348348349,0.20029971295524945,0.11436839248265931
C,0.2,0.1141381198834435,state1,8.358358358358359,0.200296447760323,0.11436588278638952
C,0.2,0.1141381198834435,state1,8.368368368368369,0.20029321360327132,0.11436339696883002
C,0.2,0.1141381198834435,state1,8.378378378378379,0.2002900101470495,0.114360934770288
C,0.2,0.1141381198834435,state1,8.388388388388389,0.20028683705777778,0.11435849593351845
C,0.2,0.1141381198834435,state1,8.398398398398399,0.20028369400470758,0.11435608020369795
C,0.2,0.1141381198834435,state1,8.408408408408409,0.20028058066018817,0.11435368732839843
C,0.2,0.1141381198834435,state1,8.418418418418419,0.20027749669963332,0.11435131705756144
C,0.2,0.1141381198834435,state1,8.428428428428429,0.20027444180148846,0.11434896914347249
C,0.2,0.1141381198834435,state1,8.438438438438439,0.20027141564719797,0.11434664334073574
C,0.2,0.1141381198834435,state1,8.448448448448449,0.20026841792117295,0.11434433940624882
C,0.2,0.1141381198834435,state1,8.458458458458459,0.2002654483107591,0.11434205709917784
C,0.2,0.1141381198834435,state1,8.468468468468469,0.20026250650620486,0.11433979618093289
C,0.2,0.1141381198834435,state1,8.478478478478479,0.20025959220063025,0.11433755641514334
C,0.2,0.1141381198834435,state1,8.488488488488489,0.2002567050899952,0.11433533756763381
C,0.2,0.1141381198834435,state1,8.498498498498499,0.2002538448730691,0.11433313940639997
C,0.2,0.1141381198834435,state1,8.508508508508509,0.2002510112513998,0.11433096170158484
C,0.2,0.1141381198834435,state1,8.518518518518519,0.20024820392928344,0.11432880422545513
C,0.2,0.1141381198834435,state1,8.528528528528529,0.20024542261373418,0.11432666675237789
C,0.2,0.1141381198834435,state1,8.538538538538539,0.20024266701445453,0.11432454905879731
C,0.2,0.1141381198834435,state1,8.548548548548549,0.20023993684380562,0.11432245092321179
C,0.2,0.1141381198834435,state1,8.558558558558559,0.20023723181677797,0.11432037212615108
C,0.2,0.1141381198834435,state1,8.568568568568569,0.2002345516509623,0.11431831245015381
C,0.2,0.1141381198834435,state1,8.578578578578579,0.20023189606652098,0.11431627167974513
C,0.2,0.1141381198834435,state1,8.588588588588589,0.20022926478615918,0.11431424960141451
C,0.2,0.1141381198834435,state1,8.598598598598599,0.20022665753509675,0.11431224600359371
C,0.2,0.1141381198834435,state1,8.608608608608609,0.20022407404104006,0.11431026067663515
C,0.2,0.1141381198834435,state1,8.618618618618619,0.20022151403415428,0.11430829341279021
C,0.2,0.1141381198834435,state1,8.62862862862863,0.2002189772470357,0.11430634400618792
C,0.2,0.1141381198834435,state1,8.63863863863864,0.20021646341468446,0.1143044122528137
C,0.2,0.1141381198834435,state1,8.64864864864865,0.20021397227447754,0.11430249795048834
C,0.2,0.1141381198834435,state1,8.65865865865866,0.20021150356614165,0.11430060089884726
C,0.2,0.1141381198834435,state1,8.66866866866867,0.20020905703172687,0.11429872089931974
C,0.2,0.1141381198834435,state1,8.67867867867868,0.20020663241558004,0.11429685775510849
C,0.2,0.1141381198834435,state1,8.68868868868869,0.20020422946431873,0.11429501127116942
C,0.2,0.1141381198834435,state1,8.6986986986987,0.20020184792680523,0.11429318125419144
C,0.2,0.1141381198834435,state1,8.70870870870871,0.2001994875541208,0.11429136751257656
C,0.2,0.1141381198834435,state1,8.71871871871872,0.20019714809954017,0.11428956985642005
C,0.2,0.1141381198834435,state1,8.72872872872873,0.20019482931850627,0.11428778809749103
C,0.2,0.1141381198834435,state1,8.73873873873874,0.20019253096860518,0.11428602204921279
C,0.2,0.1141381198834435,state1,8.74874874874875,0.20019025280954117,0.11428427152664365
C,0.2,0.1141381198834435,state1,8.75875875875876,0.20018799460311212,0.11428253634645792
C,0.2,0.1141381198834435,state1,8.76876876876877,0.2001857561131851,0.11428081632692681
C,0.2,0.1141381198834435,state1,8.77877877877878,0.20018353710567197,0.11427911128789983
C,0.2,0.1141381198834435,state1,8.78878878878879,0.20018133734850552,0.11427742105078596
C,0.2,0.1141381198834435,state1,8.7987987987988,0.20017915661161556,0.11427574543853541
C,0.2,0.1141381198834435,state1,8.80880880880881,0.20017699466690528,0.11427408427562115
C,0.2,0.1141381198834435,state1,8.81881881881882,0.20017485128822773,0.11427243738802083
C,0.2,0.1141381198834435,state1,8.82882882882883,0.20017272625136273,0.11427080460319876
C,0.2,0.1141381198834435,state1,8.83883883883884,0.2001706193339937,0.11426918575008807
C,0.2,0.1141381198834435,state1,8.84884884884885,0.2001685303156847,0.11426758065907301
C,0.2,0.1141381198834435,state1,8.85885885885886,0.2001664589778581,0.11426598916197138
C,0.2,0.1141381198834435,state1,8.86886886886887,0.20016440510377154,0.11426441109201715
C,0.2,0.1141381198834435,state1,8.87887887887888,0.2001623684784962,0.11426284628384313
C,0.2,0.1141381198834435,state1,8.88888888888889,0.20016034888889417,0.11426129457346387
C,0.2,0.1141381198834435,state1,8.8988988988989,0.2001583461235968,0.1142597557982588
C,0.2,0.1141381198834435,state1,8.90890890890891,0.2001563599729828,0.1142582297969551
C,0.2,0.1141381198834435,state1,8.91891891891892,0.20015439022915674,0.1142567164096113
C,0.2,0.1141381198834435,state1,8.92892892892893,0.2001524366859274,0.11425521547760048
C,0.2,0.1141381198834435,state1,8.93893893893894,0.20015049913878677,0.11425372684359393
C,0.2,0.1141381198834435,state1,8.94894894894895,0.20014857738488878,0.11425225035154478
C,0.2,0.1141381198834435,state1,8.95895895895896,0.20014667122302843,0.1142507858466719
C,0.2,0.1141381198834435,state1,8.96896896896897,0.2001447804536211,0.11424933317544375
C,0.2,0.1141381198834435,state1,8.97897897897898,0.2001429048786818,0.11424789218556251
C,0.2,0.1141381198834435,state1,8.98898898898899,0.20014104430180477,0.11424646272594831
C,0.2,0.1141381198834435,state1,8.998998998999,0.20013919852814335,0.11424504464672335
C,0.2,0.1141381198834435,state1,9.00900900900901,0.20013736736438967,0.11424363779919668
C,0.2,0.1141381198834435,state1,9.01901901901902,0.2001355506187547,0.11424224203584846
C,0.2,0.1141381198834435,state1,9.02902902902903,0.20013374810094858,0.11424085721031477
C,0.2,0.1141381198834435,state1,9.03903903903904,0.20013195962216077,0.11423948317737245
C,0.2,0.1141381198834435,state1,9.04904904904905,0.20013018499504062,0.1142381197929239
C,0.2,0.1141381198834435,state1,9.05905905905906,0.200128424033678,0.11423676691398221
C,0.2,0.1141381198834435,state1,9.06906906906907,0.20012667655358402,0.11423542439865624
C,0.2,0.1141381198834435,state1,9.07907907907908,0.20012494237167203,0.11423409210613587
C,0.2,0.1141381198834435,state1,9.08908908908909,0.20012322130623855,0.11423276989667744
C,0.2,0.1141381198834435,state1,9.0990990990991,0.20012151317694454,0.11423145763158912
C,0.2,0.1141381198834435,state1,9.10910910910911,0.2001198178047968,0.11423015517321658
C,0.2,0.1141381198834435,state1,9.11911911911912,0.20011813501212924,0.11422886238492853
C,0.2,0.1141381198834435,state1,9.12912912912913,0.2001164646225847,0.11422757913110275
C,0.2,0.1141381198834435,state1,9.13913913913914,0.20011480646109647,0.11422630527711171
C,0.2,0.1141381198834435,state1,9.14914914914915,0.20011316035387033,0.1142250406893087
C,0.2,0.1141381198834435,state1,9.15915915915916,0.20011152612836647,0.114223785235014
C,0.2,0.1141381198834435,state1,9.16916916916917,0.2001099036132816,0.11422253878250081
C,0.2,0.1141381198834435,state1,9.17917917917918,0.20010829263853105,0.11422130120098188
C,0.2,0.1141381198834435,state1,9.18918918918919,0.2001066930352315,0.11422007236059557
C,0.2,0.1141381198834435,state1,9.1991991991992,0.20010510463568304,0.11421885213239254
C,0.2,0.1141381198834435,state1,9.20920920920921,0.20010352727335207,0.11421764038832218
C,0.2,0.1141381198834435,state1,9.21921921921922,0.20010196078285386,0.11421643700121936
C,0.2,0.1141381198834435,state1,9.22922922922923,0.20010040499993548,0.11421524184479122
C,0.2,0.1141381198834435,state1,9.23923923923924,0.20009885976145872,0.1142140547936038
C,0.2,0.1141381198834435,state1,9.24924924924925,0.2000973249053831,0.11421287572306925
C,0.2,0.1141381198834435,state1,9.25925925925926,0.2000958002707491,0.11421170450943259
C,0.2,0.1141381198834435,state1,9.26926926926927,0.20009428569766144,0.11421054102975893
C,0.2,0.1141381198834435,state1,9.27927927927928,0.20009278102727243,0.1142093851619207
C,0.2,0.1141381198834435,state1,9.28928928928929,0.2000912861017656,0.11420823678458475
C,0.2,0.1141381198834435,state1,9.2992992992993,0.20008980076433902,0.11420709577719981
C,0.2,0.1141381198834435,state1,9.30930930930931,0.20008832485918934,0.114205962019984
C,0.2,0.1141381198834435,state1,9.31931931931932,0.20008685823149536,0.11420483539391206
C,0.2,0.1141381198834435,state1,9.32932932932933,0.20008540072740194,0.11420371578070314
C,0.2,0.1141381198834435,state1,9.33933933933934,0.20008395219400418,0.11420260306280844
C,0.2,0.1141381198834435,state1,9.34934934934935,0.20008251247933134,0.11420149712339887
C,0.2,0.1141381198834435,state1,9.35935935935936,0.20008108143233108,0.11420039784635287
C,0.2,0.1141381198834435,state1,9.36936936936937,0.20007965890285376,0.11419930511624427
C,0.2,0.1141381198834435,state1,9.37937937937938,0.20007824474163685,0.11419821881833027
C,0.2,0.1141381198834435,state1,9.38938938938939,0.2000768388002893,0.11419713883853946
C,0.2,0.1141381198834435,state1,9.3993993993994,0.2000754409312761,0.11419606506345983
C,0.2,0.1141381198834435,state1,9.40940940940941,0.2000740509879031,0.11419499738032701
C,0.2,0.1141381198834435,state1,9.41941941941942,0.2000726688243015,0.11419393567701236
C,0.2,0.1141381198834435,state1,9.42942942942943,0.20007129429541282,0.11419287984201142
C,0.2,0.1141381198834435,state1,9.43943943943944,0.20006992725697356,0.11419182976443201
C,0.2,0.1141381198834435,state1,9.44944944944945,0.20006856756550062,0.11419078533398297
C,0.2,0.1141381198834435,state1,9.45945945945946,0.2000672150782758,0.11418974644096228
C,0.2,0.1141381198834435,state1,9.46946946946947,0.2000658696533313,0.11418871297624576
C,0.2,0.1141381198834435,state1,9.47947947947948,0.2000645311494349,0.11418768483127564
C,0.2,0.1141381198834435,state1,9.48948948948949,0.200063199426075,0.11418666189804923
C,0.2,0.1141381198834435,state1,9.4994994994995,0.20006187434344622,0.11418564406910749
C,0.2,0.1141381198834435,state1,9.50950950950951,0.2000605557624347,0.11418463123752391
C,0.2,0.1141381198834435,state1,9.51951951951952,0.2000592435446036,0.11418362329689322
C,0.2,0.1141381198834435,state1,9.52952952952953,0.20005793755217877,0.11418262014132036
C,0.2,0.1141381198834435,state1,9.53953953953954,0.20005663764803414,0.11418162166540924
C,0.2,0.1141381198834435,state1,9.54954954954955,0.20005534369567765,0.11418062776425184
C,0.2,0.1141381198834435,state1,9.55955955955956,0.20005405555923694,0.1141796383334171
C,0.2,0.1141381198834435,state1,9.56956956956957,0.20005277310344513,0.11417865326894004
C,0.2,0.1141381198834435,state1,9.57957957957958,0.20005149619362667,0.1141776724673109
C,0.2,0.1141381198834435,state1,9.58958958958959,0.20005022469568343,0.1141766958254642
C,0.2,0.1141381198834435,state1,9.5995995995996,0.2000489584760805,0.11417572324076794
C,0.2,0.1141381198834435,state1,9.60960960960961,0.20004769740183245,0.11417475461101291
C,0.2,0.1141381198834435,state1,9.61961961961962,0.2000464413404893,0.1141737898344019
C,0.2,0.1141381198834435,state1,9.62962962962963,0.20004519016012273,0.11417282880953906
C,0.2,0.1141381198834435,state1,9.63963963963964,0.20004394372931233,0.11417187143541921
C,0.2,0.1141381198834435,state1,9.64964964964965,0.2000427019171318,0.11417091761141732
C,0.2,0.1141381198834435,state1,9.65965965965966,0.20004146459313543,0.1141699672372778
C,0.2,0.1141381198834435,state1,9.66966966966967,0.20004023162734427,0.11416902021310418
C,0.2,0.1141381198834435,state1,9.67967967967968,0.20003900289023266,0.11416807643934838
C,0.2,0.1141381198834435,state1,9.68968968968969,0.2000377782527147,0.11416713581680049
C,0.2,0.1141381198834435,state1,9.6996996996997,0.20003655758613076,0.11416619824657813
C,0.2,0.1141381198834435,state1,9.70970970970971,0.20003534076223398,0.11416526363011616
C,0.2,0.1141381198834435,state1,9.71971971971972,0.20003412765317682,0.11416433186915638
C,0.2,0.1141381198834435,state1,9.72972972972973,0.20003291813149798,0.11416340286573708
C,0.2,0.1141381198834435,state1,9.73973973973974,0.20003171207010864,0.11416247652218275
C,0.2,0.1141381198834435,state1,9.74974974974975,0.2000305093422796,0.11416155274109388
C,0.2,0.1141381198834435,state1,9.75975975975976,0.2000293098216277,0.11416063142533664
C,0.2,0.1141381198834435,state1,9.76976976976977,0.2000281133821028,0.1141597124780327
C,0.2,0.1141381198834435,state1,9.77977977977978,0.2000269198979745,0.11415879580254897
C,0.2,0.1141381198834435,state1,9.78978978978979,0.20002572924381906,0.1141578813024875
C,0.2,0.1141381198834435,state1,9.7997997997998,0.20002454129450625,0.11415696888167526
C,0.2,0.1141381198834435,state1,9.80980980980981,0.20002335592518627,0.11415605844415401
C,0.2,0.1141381198834435,state1,9.81981981981982,0.20002217301127667,0.11415514989417022
C,0.2,0.1141381198834435,state1,9.82982982982983,0.20002099242844937,0.114154243136165
C,0.2,0.1141381198834435,state1,9.83983983983984,0.20001981405261762,0.1141533380747639
C,0.2,0.1141381198834435,state1,9.84984984984985,0.20001863775992293,0.11415243461476691
C,0.2,0.1141381198834435,state1,9.85985985985986,0.20001746342672239,0.11415153266113855
C,0.2,0.1141381198834435,state1,9.86986986986987,0.2000162909295754,0.11415063211899754
C,0.2,0.1141381198834435,state1,9.87987987987988,0.200015120145231,0.11414973289360708
C,0.2,0.1141381198834435,state1,9.88988988988989,0.20001395095061486,0.11414883489036463
C,0.2,0.1141381198834435,state1,9.8998998998999,0.20001278322281643,0.11414793801479202
C,0.2,0.1141381198834435,state1,9.90990990990991,0.20001161683907606,0.11414704217252544
C,0.2,0.1141381198834435,state1,9.91991991991992,0.2000104516767723,0.11414614726930541
C,0.2,0.1141381198834435,state1,9.92992992992993,0.20000928761340886,0.11414525321096688
C,0.2,0.1141381198834435,state1,9.93993993993994,0.20000812452660194,0.11414435990342918
C,0.2,0.1141381198834435,state1,9.94994994994995,0.20000696229406734,0.11414346725268619
C,0.2,0.1141381198834435,state1,9.95995995995996,0.20000580079360777,0.11414257516479616
C,0.2,0.1141381198834435,state1,9.96996996996997,0.20000463990310002,0.11414168354587205
C,0.2,0.1141381198834435,state1,9.97997997997998,0.2000034795004821,0.11414079230207128
C,0.2,0.1141381198834435,state1,9.98998998998999,0.20000231946374072,0.11413990133958596
C,0.2,0.1141381198834435,state1,10.0,0.2000011596708982,0.11413901056463285
