phi1,phi2
0.09560899437851342,0.010555902560899439
0.09560899437851342,0.011111805121798875
0.09616489693941285,0.011667707682698314
0.09616489693941285,0.012223610243597752
0.09616489693941285,0.01277951280449719
0.09616489693941285,0.013335415365396628
0.0967207995003123,0.013891317926296064
0.0967207995003123,0.014447220487195503
0.0967207995003123,0.015003123048094941
0.09727670206121174,0.015559025608994378
0.09727670206121174,0.016114928169893815
0.09727670206121174,0.016670830730793253
0.09727670206121174,0.017226733291692692
0.09783260462211117,0.01778263585259213
0.09783260462211117,0.01833853841349157
0.09783260462211117,0.018894440974391004
0.0983885071830106,0.019450343535290446
0.0983885071830106,0.02000624609618988
0.0983885071830106,0.02056214865708932
0.09894440974391004,0.021118051217988758
0.09894440974391004,0.021673953778888193
0.09894440974391004,0.022229856339787635
0.09894440974391004,0.02278575890068707
0.09950031230480949,0.023341661461586508
0.09950031230480949,0.023897564022485947
0.09950031230480949,0.024453466583385382
0.10005621486570893,0.025009369144284824
0.10005621486570893,0.02556527170518426
0.10005621486570893,0.0261211742660837
0.10005621486570893,0.026677076826983136
0.10061211742660836,0.02723297938788257
0.10061211742660836,0.027788881948782013
0.10061211742660836,0.028344784509681448
0.1011680199875078,0.02890068707058089
0.1011680199875078,0.029456589631480325
0.1011680199875078,0.03001249219237976
0.10172392254840724,0.0305683947532792
0.10172392254840724,0.031124297314178637
0.10172392254840724,0.03168019987507808
0.10227982510930668,0.032236102435977514
0.10227982510930668,0.03279200499687695
0.10227982510930668,0.03334790755777639
0.10227982510930668,0.033903810118675826
0.10283572767020611,0.03445971267957527
0.10283572767020611,0.0350156152404747
0.10283572767020611,0.03557151780137414
0.10339163023110555,0.03612742036227358
0.10339163023110555,0.036683322923173015
0.10339163023110555,0.037239225484072457
0.10394753279200498,0.03779512804497189
0.10394753279200498,0.03835103060587133
0.10394753279200498,0.03890693316677077
0.10450343535290443,0.039462835727670204
0.10450343535290443,0.040018738288569645
0.10450343535290443,0.04057464084946908
0.10505933791380387,0.04113054341036852
0.10505933791380387,0.04168644597126796
0.10505933791380387,0.0422423485321674
0.10505933791380387,0.042798251093066834
0.1056152404747033,0.04335415365396627
0.1056152404747033,0.04391005621486571
0.1056152404747033,0.044465958775765146
0.10617114303560274,0.04502186133666459
0.10617114303560274,0.04557776389756402
0.10617114303560274,0.04613366645846346
0.10672704559650217,0.0466895690193629
0.10672704559650217,0.047245471580262335
0.10672704559650217,0.04780137414116178
0.10728294815740162,0.04835727670206121
0.10728294815740162,0.04891317926296065
0.10728294815740162,0.04946908182386009
0.10783885071830106,0.050024984384759524
0.10783885071830106,0.050580886945658966
0.10783885071830106,0.0511367895065584
0.10839475327920049,0.051692692067457836
0.10839475327920049,0.05224859462835728
0.10839475327920049,0.05280449718925671
0.10895065584009993,0.053360399750156155
0.10895065584009993,0.05391630231105559
0.10895065584009993,0.054472204871955025
0.10950655840099936,0.05502810743285447
0.10950655840099936,0.0555840099937539
0.10950655840099936,0.056139912554653344
0.11006246096189881,0.05669581511555278
0.11006246096189881,0.05725171767645222
0.11006246096189881,0.057807620237351656
0.11061836352279825,0.05836352279825109
0.11061836352279825,0.05891942535915053
0.11061836352279825,0.05947532792004997
0.11117426608369768,0.06003123048094941
0.11117426608369768,0.060587133041848845
0.11173016864459712,0.06114303560274828
0.11173016864459712,0.06169893816364772
0.11173016864459712,0.06225484072454716
0.11228607120549655,0.0628107432854466
0.11228607120549655,0.06336664584634603
0.11228607120549655,0.06392254840724547
0.112841973766396,0.0644784509681449
0.112841973766396,0.06503435352904434
0.112841973766396,0.06559025608994379
0.11339787632729544,0.06614615865084322
0.11339787632729544,0.06670206121174266
0.11339787632729544,0.0672579637726421
0.11395377888819487,0.06781386633354153
0.11395377888819487,0.06836976889444098
0.11395377888819487,0.06892567145534041
0.1145096814490943,0.06948157401623985
0.1145096814490943,0.07003747657713928
0.11506558400999374,0.07059337913803872
0.11506558400999374,0.07114928169893817
0.11506558400999374,0.0717051842598376
0.11562148657089319,0.07226108682073704
0.11562148657089319,0.07281698938163647
0.11562148657089319,0.0733728919425359
0.11617738913179262,0.07392879450343534
0.11617738913179262,0.07448469706433479
0.11617738913179262,0.07504059962523423
0.11673329169269206,0.07559650218613366
0.11673329169269206,0.0761524047470331
0.1172891942535915,0.07670830730793253
0.1172891942535915,0.07726420986883198
0.1172891942535915,0.07782011242973141
0.11784509681449093,0.07837601499063085
0.11784509681449093,0.07893191755153028
0.11784509681449093,0.07948782011242972
0.11840099937539038,0.08004372267332917
0.11840099937539038,0.0805996252342286
0.11895690193628981,0.08115552779512804
0.11895690193628981,0.08171143035602747
0.11895690193628981,0.08226733291692691
0.11951280449718925,0.08282323547782636
0.11951280449718925,0.08337913803872579
0.12006870705808868,0.08393504059962523
0.12006870705808868,0.08449094316052466
0.12006870705808868,0.0850468457214241
0.12062460961898812,0.08560274828232355
0.12062460961898812,0.08615865084322298
0.12062460961898812,0.08671455340412242
0.12118051217988757,0.08727045596502185
0.12118051217988757,0.08782635852592129
0.121736414740787,0.08838226108682073
0.121736414740787,0.08893816364772017
0.121736414740787,0.0894940662086196
0.12229231730168644,0.09004996876951904
0.12229231730168644,0.09060587133041847
0.12284821986258587,0.09116177389131792
0.12284821986258587,0.09171767645221736
0.12284821986258587,0.0922735790131168
0.12340412242348531,0.09282948157401623
0.12340412242348531,0.09338538413491566
0.12396002498438476,0.09394128669581511
0.12396002498438476,0.09449718925671455
0.12396002498438476,0.09505309181761398
0.12451592754528419,0.09560899437851342
0.12451592754528419,0.09616489693941285
0.12507183010618364,0.0967207995003123
0.12507183010618364,0.09727670206121174
0.12507183010618364,0.09783260462211117
0.12562773266708308,0.0983885071830106
0.12562773266708308,0.09894440974391004
0.1261836352279825,0.09950031230480949
0.1261836352279825,0.10005621486570893
0.12673953778888195,0.10061211742660836
0.12673953778888195,0.1011680199875078
0.12673953778888195,0.10172392254840724
0.12729544034978138,0.10227982510930668
0.12729544034978138,0.10283572767020611
0.12785134291068082,0.10339163023110555
0.12785134291068082,0.10394753279200498
0.12840724547158025,0.10450343535290443
0.12840724547158025,0.10505933791380387
0.12840724547158025,0.1056152404747033
0.12896314803247969,0.10617114303560274
0.12896314803247969,0.10672704559650217
0.12951905059337915,0.10728294815740162
0.12951905059337915,0.10783885071830106
0.13007495315427858,0.10839475327920049
0.13007495315427858,0.10895065584009993
0.13007495315427858,0.10950655840099936
0.13063085571517802,0.11006246096189881
0.13063085571517802,0.11061836352279825
0.13118675827607745,0.11117426608369768
0.13118675827607745,0.11173016864459712
0.1317426608369769,0.11228607120549655
0.1317426608369769,0.112841973766396
0.13229856339787632,0.11339787632729544
0.13229856339787632,0.11395377888819487
0.13229856339787632,0.1145096814490943
0.13285446595877576,0.11506558400999374
0.13285446595877576,0.11562148657089319
0.1334103685196752,0.11617738913179262
0.1334103685196752,0.11673329169269206
0.13396627108057463,0.1172891942535915
0.13396627108057463,0.11784509681449093
0.1345221736414741,0.11840099937539038
0.1345221736414741,0.11895690193628981
0.13507807620237353,0.11951280449718925
0.13507807620237353,0.12006870705808868
0.13507807620237353,0.12062460961898812
0.13563397876327296,0.12118051217988757
0.13563397876327296,0.121736414740787
0.1361898813241724,0.12229231730168644
0.1361898813241724,0.12284821986258587
0.13674578388507183,0.12340412242348531
0.13674578388507183,0.12396002498438476
0.13730168644597127,0.12451592754528419
0.13730168644597127,0.12507183010618364
0.1378575890068707,0.12562773266708308
0.1378575890068707,0.1261836352279825
0.13841349156777014,0.12673953778888195
0.13841349156777014,0.12729544034978138
0.1389693941286696,0.12785134291068082
0.1389693941286696,0.12840724547158025
0.13952529668956903,0.12896314803247969
0.13952529668956903,0.12951905059337915
0.14008119925046847,0.13007495315427858
0.14008119925046847,0.13063085571517802
0.1406371018113679,0.13118675827607745
0.1406371018113679,0.1317426608369769
0.14119300437226734,0.13229856339787632
0.14119300437226734,0.13285446595877576
0.14174890693316677,0.1334103685196752
0.14174890693316677,0.13396627108057463
0.1423048094940662,0.1345221736414741
0.1423048094940662,0.13507807620237353
0.14286071205496564,0.13563397876327296
0.14286071205496564,0.1361898813241724
0.14341661461586508,0.13674578388507183
0.14341661461586508,0.13730168644597127
0.14397251717676451,0.1378575890068707
0.14397251717676451,0.13841349156777014
0.14452841973766398,0.1389693941286696
0.14452841973766398,0.13952529668956903
0.1450843222985634,0.14008119925046847
0.1450843222985634,0.1406371018113679
0.14564022485946285,0.14119300437226734
0.14564022485946285,0.14174890693316677
0.14619612742036228,0.1423048094940662
0.14619612742036228,0.14286071205496564
0.14675202998126172,0.14341661461586508
0.14675202998126172,0.14397251717676451
0.14730793254216115,0.14452841973766398
0.14730793254216115,0.1450843222985634
0.1478638351030606,0.14564022485946285
0.1478638351030606,0.14619612742036228
0.14841973766396002,0.14675202998126172
0.14897564022485946,0.14730793254216115
0.14897564022485946,0.1478638351030606
0.1495315427857589,0.14841973766396002
0.1495315427857589,0.14897564022485946
0.15008744534665835,0.1495315427857589
0.15008744534665835,0.15008744534665835
0.1506433479075578,0.1506433479075578
0.1506433479075578,0.15119925046845722
0.15119925046845722,0.15175515302935666
0.15119925046845722,0.1523110555902561
0.15175515302935666,0.15286695815115553
0.1523110555902561,0.15342286071205496
0.1523110555902561,0.1539787632729544
0.15286695815115553,0.15453466583385383
0.15286695815115553,0.1550905683947533
0.15342286071205496,0.15564647095565273
0.15342286071205496,0.15620237351655217
0.1539787632729544,0.1567582760774516
0.15453466583385383,0.15731417863835104
0.15453466583385383,0.15787008119925047
0.1550905683947533,0.1584259837601499
0.1550905683947533,0.15898188632104934
0.15564647095565273,0.15953778888194878
0.15564647095565273,0.1600936914428482
0.15620237351655217,0.16064959400374768
0.1567582760774516,0.1612054965646471
0.1567582760774516,0.16176139912554655
0.15731417863835104,0.16231730168644598
0.15731417863835104,0.16287320424734542
0.15787008119925047,0.16342910680824485
0.1584259837601499,0.16398500936914429
0.1584259837601499,0.16454091193004372
0.15898188632104934,0.16509681449094316
0.15898188632104934,0.1656527170518426
0.15953778888194878,0.16620861961274205
0.1600936914428482,0.1667645221736415
0.1600936914428482,0.16732042473454092
0.16064959400374768,0.16787632729544036
0.1612054965646471,0.1684322298563398
0.1612054965646471,0.16898813241723923
0.16176139912554655,0.16954403497813866
0.16176139912554655,0.1700999375390381
0.16231730168644598,0.17065584009993753
0.16287320424734542,0.17121174266083697
0.16287320424734542,0.17176764522173643
0.16342910680824485,0.17232354778263587
0.16398500936914429,0.1728794503435353
0.16398500936914429,0.17343535290443474
0.16454091193004372,0.17399125546533417
0.16509681449094316,0.1745471580262336
0.16509681449094316,0.17510306058713304
0.1656527170518426,0.17565896314803248
0.16620861961274205,0.1762148657089319
0.16620861961274205,0.17677076826983135
0.1667645221736415,0.1773266708307308
0.16732042473454092,0.17788257339163024
0.16732042473454092,0.17843847595252968
0.16787632729544036,0.17899437851342911
0.1684322298563398,0.17955028107432855
0.1684322298563398,0.18010618363522798
0.16898813241723923,0.18066208619612742
0.16954403497813866,0.18121798875702685
0.16954403497813866,0.1817738913179263
0.1700999375390381,0.18232979387882572
0.17065584009993753,0.1828856964397252
0.17065584009993753,0.18344159900062462
0.17121174266083697,0.18399750156152406
0.17176764522173643,0.1845534041224235
0.17176764522173643,0.18510930668332293
0.17232354778263587,0.18566520924422236
0.1728794503435353,0.1862211118051218
0.17343535290443474,0.18677701436602123
0.17343535290443474,0.18733291692692067
0.17399125546533417,0.1878888194878201
0.1745471580262336,0.18844472204871957
0.1745471580262336,0.189000624609619
0.17510306058713304,0.18955652717051844
0.17565896314803248,0.19011242973141787
0.1762148657089319,0.1906683322923173
0.1762148657089319,0.19122423485321674
0.17677076826983135,0.19178013741411618
0.1773266708307308,0.1923360399750156
0.17788257339163024,0.19289194253591505
0.17788257339163024,0.1934478450968145
0.17843847595252968,0.19400374765771394
0.17899437851342911,0.19455965021861338
0.17955028107432855,0.1951155527795128
0.17955028107432855,0.19567145534041225
0.18010618363522798,0.19622735790131168
0.18066208619612742,0.19678326046221112
0.18121798875702685,0.19733916302311055
0.18121798875702685,0.19789506558401
0.1817738913179263,0.19845096814490942
0.18232979387882572,0.19900687070580889
0.1828856964397252,0.19956277326670832
0.18344159900062462,0.20011867582760776
0.18344159900062462,0.2006745783885072
0.18399750156152406,0.20123048094940663
0.1845534041224235,0.20178638351030606
0.18510930668332293,0.2023422860712055
0.18566520924422236,0.20289818863210493
0.18566520924422236,0.20345409119300437
0.1862211118051218,0.2040099937539038
0.18677701436602123,0.20456589631480326
0.18733291692692067,0.2051217988757027
0.1878888194878201,0.20567770143660213
0.18844472204871957,0.20623360399750157
0.18844472204871957,0.206789506558401
0.189000624609619,0.20734540911930044
0.18955652717051844,0.20790131168019987
0.19011242973141787,0.2084572142410993
0.1906683322923173,0.20901311680199874
0.19122423485321674,0.20956901936289818
0.19178013741411618,0.21012492192379764
0.19178013741411618,0.21068082448469708
0.1923360399750156,0.2112367270455965
0.19289194253591505,0.21179262960649595
0.1934478450968145,0.21234853216739538
0.19400374765771394,0.21290443472829482
0.19455965021861338,0.21346033728919425
0.1951155527795128,0.2140162398500937
0.19567145534041225,0.21457214241099312
0.19622735790131168,0.21512804497189256
0.19678326046221112,0.21568394753279202
0.19733916302311055,0.21623985009369145
0.19733916302311055,0.2167957526545909
0.19789506558401,0.21735165521549032
0.19845096814490942,0.21790755777638976
0.19900687070580889,0.2184634603372892
0.19956277326670832,0.21901936289818863
0.20011867582760776,0.21957526545908806
0.2006745783885072,0.2201311680199875
0.20123048094940663,0.22068707058088693
0.20178638351030606,0.2212429731417864
0.2023422860712055,0.22179887570268583
0.20289818863210493,0.22235477826358527
0.20345409119300437,0.2229106808244847
0.2040099937539038,0.22346658338538414
0.20456589631480326,0.22402248594628357
0.2051217988757027,0.224578388507183
0.20567770143660213,0.22513429106808244
0.20623360399750157,0.22569019362898188
0.206789506558401,0.22624609618988134
0.20734540911930044,0.22680199875078078
0.20790131168019987,0.2273579013116802
0.2084572142410993,0.22791380387257965
0.20901311680199874,0.22846970643347908
0.20956901936289818,0.22902560899437852
0.21068082448469708,0.22958151155527795
0.2112367270455965,0.23013741411617739
0.21179262960649595,0.23069331667707682
0.21234853216739538,0.23124921923797626
0.21290443472829482,0.23180512179887572
0.21346033728919425,0.23236102435977515
0.2140162398500937,0.2329169269206746
0.21457214241099312,0.23347282948157402
0.21512804497189256,0.23402873204247346
0.21623985009369145,0.2345846346033729
0.2167957526545909,0.23514053716427233
0.21735165521549032,0.23569643972517176
0.21790755777638976,0.2362523422860712
0.2184634603372892,0.23680824484697063
0.21901936289818863,0.2373641474078701
0.2201311680199875,0.23792004996876953
0.22068707058088693,0.23847595252966897
0.2212429731417864,0.2390318550905684
0.22179887570268583,0.23958775765146784
0.2229106808244847,0.24014366021236727
0.22346658338538414,0.2406995627732667
0.22402248594628357,0.24125546533416614
0.224578388507183,0.24181136789506558
0.22569019362898188,0.242367270455965
0.22624609618988134,0.24292317301686447
0.22680199875078078,0.2434790755777639
0.22791380387257965,0.24403497813866334
0.22846970643347908,0.24459088069956278
0.22902560899437852,0.24514678326046221
0.23013741411617739,0.24570268582136165
0.23069331667707682,0.24625858838226108
0.23124921923797626,0.24681449094316052
0.23236102435977515,0.24737039350405995
0.2329169269206746,0.2479262960649594
0.23402873204247346,0.24848219862585885
0.2345846346033729,0.2490381011867583
0.23514053716427233,0.24959400374765772
0.2362523422860712,0.25014990630855716
0.23680824484697063,0.2507058088694566
0.23792004996876953,0.251261711430356
0.23847595252966897,0.25181761399125546
0.23958775765146784,0.2523735165521549
0.24014366021236727,0.25292941911305433
0.24125546533416614,0.25348532167395377
0.242367270455965,0.2540412242348532
0.24292317301686447,0.25459712679575264
0.24403497813866334,0.2551530293566521
0.24459088069956278,0.2557089319175515
0.24570268582136165,0.25626483447845094
0.24681449094316052,0.2568207370393504
0.24737039350405995,0.2573766396002498
0.24848219862585885,0.25793254216114925
0.24959400374765772,0.2584884447220487
0.2507058088694566,0.2590443472829482
0.251261711430356,0.2596002498438476
0.2523735165521549,0.26015615240474704
0.25348532167395377,0.2607120549656465
0.25459712679575264,0.2612679575265459
0.2557089319175515,0.26182386008744535
0.2568207370393504,0.2623797626483448
0.25793254216114925,0.2629356652092442
0.2590443472829482,0.26349156777014365
0.26015615240474704,0.2640474703310431
0.2612679575265459,0.2646033728919425
0.2623797626483448,0.26515927545284196
0.26349156777014365,0.2657151780137414
0.2646033728919425,0.26627108057464083
0.2657151780137414,0.26682698313554026
0.26682698313554026,0.26738288569643975
0.2679387882573392,0.2679387882573392
0.2696064959400375,0.2684946908182386
0.27071830106183636,0.26905059337913806
0.27183010618363523,0.2696064959400375
0.27349781386633354,0.27016239850093693
0.2746096189881324,0.27071830106183636
0.2762773266708307,0.2712742036227358
0.277945034353529,0.27183010618363523
0.27905683947532794,0.27238600874453467
0.28072454715802625,0.2729419113054341
0.28239225484072455,0.27349781386633354
0.28405996252342286,0.274053716427233
0.28517176764522173,0.2746096189881324
0.28739537788881947,0.27516552154903184
0.2890630855715178,0.2757214241099313
0.29073079325421614,0.2762773266708307
0.29239850093691444,0.27683322923173015
0.2946221111805122,0.2773891317926296
0.2962898188632105,0.277945034353529
0.2985134291068082,0.2785009369144285
0.300737039350406,0.27905683947532794
0.30296064959400376,0.2796127420362274
0.3051842598376015,0.2801686445971268
0.3079637726420987,0.28072454715802625
0.31074328544659585,0.2812804497189257
0.3135227982510931,0.2818363522798251
0.3168582136164897,0.28239225484072455
0.3201936289818863,0.282948157401624
0.3240849469081824,0.2835040599625234
0.32797626483447845,0.28405996252342286
0.33353529044347285,0.2846158650843223
0.3402061211742661,0.28517176764522173
0.907249999275,1e-08
4.466835921509635e-07,1.0174193661806056e-08
1.9952623149688786e-08,1.035142166679343e-08
5.495408738576248e-07,1.035142166679343e-08
1.7782794100389227e-06,1.035142166679343e-08
0.0029342695039559644,1.035142166679343e-08
0.95949999405,1.035142166679343e-08
0.9777499922249999,1.035142166679343e-08
0.9968749903124999,1.035142166679343e-08
4.570881896148752e-08,1.053173687129716e-08
2.053525026457146e-07,1.053173687129716e-08
1.7478332624182174e-06,1.053173687129716e-08
9.332543007969904e-06,1.053173687129716e-08
0.0005495408738576248,1.053173687129716e-08
0.06336664584634603,1.053173687129716e-08
0.93649999635,1.053173687129716e-08
0.94349999565,1.053173687129716e-08
0.9491249950875,1.053173687129716e-08
0.9543749945625,1.053173687129716e-08
0.9749999924999999,1.053173687129716e-08
0.9941249905874999,1.053173687129716e-08
5.3394927357417665e-08,1.071519305237607e-08
2.754228703338163e-07,1.071519305237607e-08
5.888436553555884e-07,1.071519305237607e-08
1.4962356560944329e-06,1.071519305237607e-08
1.2735030810166629e-05,1.071519305237607e-08
2.29086765276777e-05,1.071519305237607e-08
0.00014537843856076606,1.071519305237607e-08
0.000239883291901949,1.071519305237607e-08
0.0007897688493998855,1.071519305237607e-08
0.002385063795465103,1.071519305237607e-08
0.004004054683305463,1.071519305237607e-08
0.023341661461586508,1.071519305237607e-08
0.06836976889444098,1.071519305237607e-08
0.9096249990375,1.071519305237607e-08
0.9231249976875,1.071519305237607e-08
0.9406249959375,1.071519305237607e-08
0.9509999949,1.071519305237607e-08
0.95449999455,1.071519305237607e-08
0.9583749941624999,1.071519305237607e-08
0.967749993225,1.071519305237607e-08
0.9841249915875,1.071519305237607e-08
0.9948749905125,1.071519305237607e-08
1.0292005271944285e-07,1.0901844923851267e-08
1.851398894205272e-07,1.0901844923851267e-08
3.5075187395256796e-07,1.0901844923851267e-08
8.462525688072697e-07,1.0901844923851267e-08
2.2646443075930618e-06,1.0901844923851267e-08
4.841723675840999e-06,1.0901844923851267e-08
9.495109992021984e-06,1.0901844923851267e-08
6.918309709189363e-05,1.0901844923851267e-08
0.00014537843856076606,1.0901844923851267e-08
0.000363078054770101,1.0901844923851267e-08
0.002187761623949552,1.0901844923851267e-08
0.005854637363205773,1.0901844923851267e-08
0.08004372267332917,1.0901844923851267e-08
0.9089999991000001,1.0901844923851267e-08
0.9189999981,1.0901844923851267e-08
0.9236249976375001,1.0901844923851267e-08
0.9286249971375,1.0901844923851267e-08
0.941249995875,1.0901844923851267e-08
0.9579999941999999,1.0901844923851267e-08
0.968749993125,1.0901844923851267e-08
0.9811249918875,1.0901844923851267e-08
0.9849999915,1.0901844923851267e-08
0.9937499906249999,1.0901844923851267e-08
1.6500610013202287e-08,1.1091748152624008e-08
9.278974901273317e-08,1.1091748152624008e-08
2.4406190680419813e-07,1.1091748152624008e-08
4.0973210981354135e-07,1.1091748152624008e-08
7.629568911615336e-07,1.1091748152624008e-08
2.468880104906209e-06,1.1091748152624008e-08
5.559042572704037e-06,1.1091748152624008e-08
0.000161250102733774,1.1091748152624008e-08
0.0004954501908047895,1.1091748152624008e-08
0.0009386420366721355,1.1091748152624008e-08
0.012223610243597752,1.1091748152624008e-08
0.0422423485321674,1.1091748152624008e-08
0.0628107432854466,1.1091748152624008e-08
0.0922735790131168,1.1091748152624008e-08
0.907249999275,1.1091748152624008e-08
0.92049999795,1.1091748152624008e-08
0.9318749968125,1.1091748152624008e-08
0.941749995825,1.1091748152624008e-08
0.9498749950125,1.1091748152624008e-08
0.95749999425,1.1091748152624008e-08
0.9736249926375,1.1091748152624008e-08
0.98949999105,1.1091748152624008e-08
1.273503081016663e-08,1.1284959375277621e-08
1.2661932675109442e-07,1.1284959375277621e-08
3.8238425365811224e-07,1.1284959375277621e-08
7.120327999992026e-07,1.1284959375277621e-08
6.7220230911156625e-06,1.1284959375277621e-08
2.1752040340195246e-05,1.1284959375277621e-08
5.82103217770871e-05,1.1284959375277621e-08
0.0001181680312544783,1.1284959375277621e-08
0.0007370551753379339,1.1284959375277621e-08
0.0013724609610075624,1.1284959375277621e-08
0.022229856339787635,1.1284959375277621e-08
0.9099999990000001,1.1284959375277621e-08
0.9249999975000001,1.1284959375277621e-08
0.92949999705,1.1284959375277621e-08
0.937749996225,1.1284959375277621e-08
0.9814999918499999,1.1284959375277621e-08
3.0725573652674454e-08,1.1481536214968817e-08
1.4537843856076606e-07,1.1481536214968817e-08
0.0031441264202587927,1.1481536214968817e-08
0.0067220230911156625,1.1481536214968817e-08
0.90749999925,1.1481536214968817e-08
0.929999997,1.1481536214968817e-08
1.8620871366628656e-08,1.1681537298613243e-08
4.415704473533121e-08,1.1681537298613243e-08
1.0839269140212038e-07,1.1681537298613243e-08
2.4831331052955676e-07,1.1681537298613243e-08
6.30957344480193e-07,1.1681537298613243e-08
4.677351412871981e-06,1.1681537298613243e-08
2.917427014001166e-05,1.1681537298613243e-08
5.9224308687613056e-05,1.1681537298613243e-08
0.0010232929922807535,1.1681537298613243e-08
0.031124297314178637,1.1681537298613243e-08
0.9083749991625,1.1681537298613243e-08
0.9211249978875,1.1681537298613243e-08
0.929749997025,1.1681537298613243e-08
0.9468749953125,1.1681537298613243e-08
0.95149999485,1.1681537298613243e-08
0.958249994175,1.1681537298613243e-08
0.962249993775,1.1681537298613243e-08
0.9822499917749999,1.1681537298613243e-08
4.731512589614803e-08,1.1885022274370188e-08
5.217951042390026e-07,1.1885022274370188e-08
1.6788040181225588e-05,1.1885022274370188e-08
4.813932540001438e-05,1.1885022274370188e-08
0.000122320711904993,1.1885022274370188e-08
0.00019164610627353851,1.1885022274370188e-08
0.0009549925860214349,1.1885022274370188e-08
0.050024984384759524,1.1885022274370188e-08
0.907749999225,1.1885022274370188e-08
0.9216249978375,1.1885022274370188e-08
0.9473749952625,1.1885022274370188e-08
0.9549999945,1.1885022274370188e-08
0.9606249939375,1.1885022274370188e-08
0.97149999285,1.1885022274370188e-08
0.9818749918124999,1.1885022274370188e-08
0.98549999145,1.1885022274370188e-08
4.120975190973304e-08,1.2092051829432072e-08
2.570395782768865e-07,1.2092051829432072e-08
9.549925860214369e-07,1.2092051829432072e-08
2.7384196342643613e-06,1.2092051829432072e-08
0.01277951280449719,1.2092051829432072e-08
0.909749999025,1.2092051829432072e-08
0.93149999685,1.2092051829432072e-08
0.940249995975,1.2092051829432072e-08
0.9672499932749999,1.2092051829432072e-08
0.9869999912999999,1.2092051829432072e-08
2.371373705661655e-08,1.2302687708123811e-08
3.845917820453535e-08,1.2302687708123811e-08
9.605058183867304e-08,1.2302687708123811e-08
4.168693834703355e-07,1.2302687708123811e-08
5.011872336272715e-06,1.2302687708123811e-08
1.5940428807122165e-05,1.2302687708123811e-08
5.248074602497723e-05,1.2302687708123811e-08
0.05947532792004997,1.2302687708123811e-08
0.09282948157401623,1.2302687708123811e-08
0.9089999991000001,1.2302687708123811e-08
0.9268749973125,1.2302687708123811e-08
0.9361249963875,1.2302687708123811e-08
0.9501249949875,1.2302687708123811e-08
0.9559999943999999,1.2302687708123811e-08
0.9747499925249999,1.2302687708123811e-08
0.988749991125,1.2302687708123811e-08
1.3645831365889238e-08,1.2516992730317255e-08
9.120108393559096e-08,1.2516992730317255e-08
1.9164610627353853e-07,1.2516992730317255e-08
2.5118864315095823e-06,1.2516992730317255e-08
4.518559443749217e-06,1.2516992730317255e-08
7.2027775123834065e-06,1.2516992730317255e-08
0.00015048735188025146,1.2516992730317255e-08
0.0002357762195961252,1.2516992730317255e-08
0.04502186133666459,1.2516992730317255e-08
0.9073749992625,1.2516992730317255e-08
0.9236249976375001,1.2516992730317255e-08
0.9341249965875,1.2516992730317255e-08
0.971249992875,1.2516992730317255e-08
0.9819999918,1.2516992730317255e-08
0.9954999904499999,1.2516992730317255e-08
6.345999009812872e-08,1.273503081016663e-08
1.757923613958693e-07,1.273503081016663e-08
3.6940264435828336e-07,1.273503081016663e-08
1.7782794100389227e-06,1.273503081016663e-08
1.2735030810166629e-05,1.273503081016663e-08
2.0300185198596803e-05,1.273503081016663e-08
0.0001181680312544783,1.273503081016663e-08
0.0005495408738576248,1.273503081016663e-08
0.0013031667784523,1.273503081016663e-08
0.002077303725572563,1.273503081016663e-08
0.026677076826983136,1.273503081016663e-08
0.07837601499063085,1.273503081016663e-08
0.9088749991125,1.273503081016663e-08
0.9189999981,1.273503081016663e-08
0.9261249973875,1.273503081016663e-08
0.9316249968375,1.273503081016663e-08
0.93849999615,1.273503081016663e-08
0.9421249957875,1.273503081016663e-08
0.9498749950125,1.273503081016663e-08
0.9682499931749999,1.273503081016663e-08
0.9736249926375,1.273503081016663e-08
0.990249990975,1.273503081016663e-08
2.065380155810531e-08,1.2956866975170189e-08
1.0471285480508985e-07,1.2956866975170189e-08
2.2777182418573218e-07,1.2956866975170189e-08
1.7478332624182174e-06,1.2956866975170189e-08
4.926063433495771e-06,1.2956866975170189e-08
0.00014537843856076606,1.2956866975170189e-08
0.0008912509381337459,1.2956866975170189e-08
0.002385063795465103,1.2956866975170189e-08
0.00798913941667404,1.2956866975170189e-08
0.04613366645846346,1.2956866975170189e-08
0.907249999275,1.2956866975170189e-08
0.911749998825,1.2956866975170189e-08
0.922249997775,1.2956866975170189e-08
0.92949999705,1.2956866975170189e-08
0.934749996525,1.2956866975170189e-08
0.9673749932625,1.2956866975170189e-08
0.9757499924249999,1.2956866975170189e-08
0.9841249915875,1.2956866975170189e-08
1.7680722177343178e-08,1.3182567385564074e-08
3.180533688329517e-08,1.3182567385564074e-08
7.413102413009177e-08,1.3182567385564074e-08
1.61250102733774e-07,1.3182567385564074e-08
0.908249999175,1.3182567385564074e-08
0.9313749968625,1.3182567385564074e-08
0.9378749962125,1.3182567385564074e-08
0.9606249939375,1.3182567385564074e-08
0.9791249920874999,1.3182567385564074e-08
0.9966249903375,1.3182567385564074e-08
2.968246743463243e-08,1.3412199354053724e-08
5.721369546523268e-08,1.3412199354053724e-08
1.2882495516931322e-07,1.3412199354053724e-08
2.6607250597988083e-07,1.3412199354053724e-08
6.419482215080359e-07,1.3412199354053724e-08
2.3040929760558445e-06,1.3412199354053724e-08
5.559042572704037e-06,1.3412199354053724e-08
5.7213695465232674e-05,1.3412199354053724e-08
9.440608762859227e-05,1.3412199354053724e-08
0.0003958220648357226,1.3412199354053724e-08
0.0010232929922807535,1.3412199354053724e-08
0.031124297314178637,1.3412199354053724e-08
0.07559650218613366,1.3412199354053724e-08
0.9081249991875,1.3412199354053724e-08
0.9173749982625,1.3412199354053724e-08
0.9211249978875,1.3412199354053724e-08
0.9353749964625,1.3412199354053724e-08
0.9468749953125,1.3412199354053724e-08
0.951749994825,1.3412199354053724e-08
0.9769999923,1.3412199354053724e-08
0.9823749917625,1.3412199354053724e-08
0.9964999903499999,1.3412199354053724e-08
2.2908676527677746e-08,1.3645831365889238e-08
7.038822279364571e-08,1.3645831365889238e-08
1.181680312544783e-07,1.3645831365889238e-08
3.330427623087463e-07,1.3645831365889238e-08
8.609937521845999e-07,1.3645831365889238e-08
3.780071373018109e-05,1.3645831365889238e-08
0.00015310874616820288,1.3645831365889238e-08
0.0004704354057259755,1.3645831365889238e-08
0.0018092559102538183,1.3645831365889238e-08
0.9129999987,1.3645831365889238e-08
0.9191249980875,1.3645831365889238e-08
0.929749997025,1.3645831365889238e-08
0.9458749954125,1.3645831365889238e-08
0.9548749945125,1.3645831365889238e-08
0.9613749938625,1.3645831365889238e-08
0.9654999934499999,1.3645831365889238e-08
0.9822499917749999,1.3645831365889238e-08
0.988249991175,1.3645831365889238e-08
1.5135612484362072e-08,1.3883533099290457e-08
3.845917820453535e-08,1.3883533099290457e-08
8.659643233600653e-08,1.3883533099290457e-08
2.0183663636815597e-07,1.3883533099290457e-08
6.0603820052706595e-06,1.3883533099290457e-08
1.7680722177343215e-05,1.3883533099290457e-08
7.673614893618186e-05,1.3883533099290457e-08
0.0009386420366721355,1.3883533099290457e-08
0.08838226108682073,1.3883533099290457e-08
0.9073749992625,1.3883533099290457e-08
0.92149999785,1.3883533099290457e-08
0.9578749942125,1.3883533099290457e-08
0.971249992875,1.3883533099290457e-08
0.9818749918124999,1.3883533099290457e-08
9.278974901273317e-08,1.4125375446227554e-08
3.5075187395256796e-07,1.4125375446227554e-08
2.7384196342643613e-06,1.4125375446227554e-08
1.3883533099290456e-05,1.4125375446227554e-08
5.339492735741767e-05,1.4125375446227554e-08
0.0001181680312544783,1.4125375446227554e-08
0.0015488166189124796,1.4125375446227554e-08
0.01277951280449719,1.4125375446227554e-08
0.05224859462835728,1.4125375446227554e-08
0.07837601499063085,1.4125375446227554e-08
0.9079999992,1.4125375446227554e-08
0.93149999685,1.4125375446227554e-08
0.9351249964875,1.4125375446227554e-08
0.9386249961375,1.4125375446227554e-08
0.9682499931749999,1.4125375446227554e-08
0.9804999919499999,1.4125375446227554e-08
1.9275249131909366e-08,1.4371430533563897e-08
4.1927599668460506e-08,1.4371430533563897e-08
1.2445146117713842e-07,1.4371430533563897e-08
3.0026174208612677e-07,1.4371430533563897e-08
3.467368504525317e-05,1.4371430533563897e-08
0.0002089296130854041,1.4371430533563897e-08
0.06670206121174266,1.4371430533563897e-08
0.90749999925,1.4371430533563897e-08
0.93449999655,1.4371430533563897e-08
0.939999996,1.4371430533563897e-08
0.944249995575,1.4371430533563897e-08
0.9672499932749999,1.4371430533563897e-08
0.9851249914875,1.4371430533563897e-08
2.5409727055493065e-08,1.4621771744567183e-08
6.237348354824191e-08,1.4621771744567183e-08
1.0292005271944285e-07,1.4621771744567183e-08
1.4962356560944329e-06,1.4621771744567183e-08
1.2956866975170189e-05,1.4621771744567183e-08
5.248074602497723e-05,1.4621771744567183e-08
0.003427677865464505,1.4621771744567183e-08
0.006165950018614822,1.4621771744567183e-08
0.09282948157401623,1.4621771744567183e-08
0.9076249992375001,1.4621771744567183e-08
0.9178749982125,1.4621771744567183e-08
0.9268749973125,1.4621771744567183e-08
0.9428749957125,1.4621771744567183e-08
0.9876249912374999,1.4621771744567183e-08
4.650503761666068e-08,1.4876473740795032e-08
1.333521432163324e-07,1.4876473740795032e-08
6.760829753919819e-07,1.4876473740795032e-08
2.3040929760558445e-06,1.4876473740795032e-08
0.907249999275,1.4876473740795032e-08
0.9298749970125,1.4876473740795032e-08
0.9598749940125,1.4876473740795032e-08
0.9897499910249999,1.4876473740795032e-08
2.7701290391637327e-08,1.5135612484362072e-08
5.721369546523268e-08,1.5135612484362072e-08
1.122018454301963e-07,1.5135612484362072e-08
1.4206922128601816e-06,1.5135612484362072e-08
4.813932540001438e-05,1.5135612484362072e-08
0.00015848931924611142,1.5135612484362072e-08
0.0013963683610559363,1.5135612484362072e-08
0.002600159563165272,1.5135612484362072e-08
0.006273356959840373,1.5135612484362072e-08
0.07948782011242972,1.5135612484362072e-08
0.908749999125,1.5135612484362072e-08
0.918249998175,1.5135612484362072e-08
0.9303749969625,1.5135612484362072e-08
0.93749999625,1.5135612484362072e-08
0.9819999918,1.5135612484362072e-08
2.371373705661655e-08,1.539926526059492e-08
3.981071705534969e-08,1.539926526059492e-08
7.038822279364571e-08,1.539926526059492e-08
2.3173946499684798e-07,1.539926526059492e-08
8.609937521845999e-07,1.539926526059492e-08
1.7782794100389227e-06,1.539926526059492e-08
2.2130947096056366e-05,1.539926526059492e-08
0.000122320711904993,1.539926526059492e-08
0.9073749992625,1.539926526059492e-08
0.92149999785,1.539926526059492e-08
0.924749997525,1.539926526059492e-08
0.9353749964625,1.539926526059492e-08
0.957749994225,1.539926526059492e-08
0.9733749926624999,1.539926526059492e-08
0.9783749921625,1.539926526059492e-08
0.9968749903124999,1.539926526059492e-08
1.5667510701081502e-08,1.5667510701081502e-08
8.810488730080147e-08,1.5667510701081502e-08
3.890451449942805e-07,1.5667510701081502e-08
6.419482215080359e-07,1.5667510701081502e-08
1.2161860006463678e-06,1.5667510701081502e-08
5.099175975748696e-06,1.5667510701081502e-08
0.0001181680312544783,1.5667510701081502e-08
0.0008175230379436493,1.5667510701081502e-08
0.002077303725572563,1.5667510701081502e-08
0.029456589631480325,1.5667510701081502e-08
0.9099999990000001,1.5667510701081502e-08
0.923749997625,1.5667510701081502e-08
0.9276249972375,1.5667510701081502e-08
0.9476249952375,1.5667510701081502e-08
0.95349999465,1.5667510701081502e-08
0.9682499931749999,1.5667510701081502e-08
0.9816249918375,1.5667510701081502e-08
0.9893749910624999,1.5667510701081502e-08
1.7080477200597077e-08,1.5940428807122164e-08
6.025595860743581e-08,1.5940428807122164e-08
5.04080619102669e-07,1.5940428807122164e-08
0.0008912509381337459,1.5940428807122164e-08
0.0036728230049808425,1.5940428807122164e-08
0.09060587133041847,1.5940428807122164e-08
0.90749999925,1.5940428807122164e-08
0.9121249987875,1.5940428807122164e-08
0.9851249914875,1.5940428807122164e-08
3.7800713730181086e-08,1.6218100973589297e-08
1.0115794542598983e-07,1.6218100973589297e-08
2.4406190680419813e-07,1.6218100973589297e-08
3.2546178349804536e-06,1.6218100973589297e-08
1.2956866975170189e-05,1.6218100973589297e-08
5.339492735741767e-05,1.6218100973589297e-08
0.00016405897731995388,1.6218100973589297e-08
0.0004390358656409447,1.6218100973589297e-08
0.01277951280449719,1.6218100973589297e-08
0.9076249992375001,1.6218100973589297e-08
0.9853749914625,1.6218100973589297e-08
3.292304533334065e-08,1.6500610013202287e-08
8.365655957558108e-08,1.6500610013202287e-08
1.3567505302998625e-07,1.6500610013202287e-08
5.7213695465232674e-05,1.6500610013202287e-08
0.00010471285480508985,1.6500610013202287e-08
0.00022003917096373996,1.6500610013202287e-08
0.032236102435977514,1.6500610013202287e-08
0.07281698938163647,1.6500610013202287e-08
0.9079999992,1.6500610013202287e-08
0.9169999983,1.6500610013202287e-08
0.9338749966125,1.6500610013202287e-08
0.939249996075,1.6500610013202287e-08
0.949999995,1.6500610013202287e-08
0.956249994375,1.6500610013202287e-08
0.961749993825,1.6500610013202287e-08
0.979249992075,1.6500610013202287e-08
0.9897499910249999,1.6500610013202287e-08
5.432503314924336e-08,1.6788040181225588e-08
2.2387211385683377e-07,1.6788040181225588e-08
2.770129039163733e-05,1.6788040181225588e-08
0.0027861211686297663,1.6788040181225588e-08
0.057807620237351656,1.6788040181225588e-08
0.07726420986883198,1.6788040181225588e-08
0.9086249991375001,1.6788040181225588e-08
0.9341249965875,1.6788040181225588e-08
0.9376249962375,1.6788040181225588e-08
0.9521249947875,1.6788040181225588e-08
0.9648749935125,1.6788040181225588e-08
2.7701290391637327e-08,1.7080477200597077e-08
6.569011164762661e-08,1.7080477200597077e-08
1.531087461682032e-07,1.7080477200597077e-08
4.813932540001438e-05,1.7080477200597077e-08
0.001325867117760558,1.7080477200597077e-08
0.015003123048094941,1.7080477200597077e-08
0.06948157401623985,1.7080477200597077e-08
0.908749999125,1.7080477200597077e-08
0.924249997575,1.7080477200597077e-08
0.9326249967375,1.7080477200597077e-08
0.963749993625,1.7080477200597077e-08
0.9831249916875,1.7080477200597077e-08
2.4547089156850285e-08,1.7378008287493763e-08
5.82103217770871e-08,1.7378008287493763e-08
2.0183663636815597e-07,1.7378008287493763e-08
1.3724609610075597e-06,1.7378008287493763e-08
0.013335415365396628,1.7378008287493763e-08
0.02890068707058089,1.7378008287493763e-08
0.07559650218613366,1.7378008287493763e-08
0.907249999275,1.7378008287493763e-08
0.9206249979375,1.7378008287493763e-08
0.9351249964875,1.7378008287493763e-08
0.9779999922,1.7378008287493763e-08
6.237348354824191e-08,1.7680722177343178e-08
1.2232071190499325e-07,1.7680722177343178e-08
3.3884415613920274e-07,1.7680722177343178e-08
1.809255910253822e-06,1.7680722177343178e-08
0.000875991717633117,1.7680722177343178e-08
0.0020417379446695276,1.7680722177343178e-08
0.9076249992375001,1.7680722177343178e-08
0.929749997025,1.7680722177343178e-08
0.9838749916125,1.7680722177343178e-08
1.9275249131909366e-08,1.7988709151287873e-08
3.4673685045253164e-08,1.7988709151287873e-08
8.810488730080147e-08,1.7988709151287873e-08
2.2777182418573218e-07,1.7988709151287873e-08
4.365158322401657e-06,1.7988709151287873e-08
0.050024984384759524,1.7988709151287873e-08
0.09060587133041847,1.7988709151287873e-08
0.907749999225,1.7988709151287873e-08
0.926249997375,1.7988709151287873e-08
0.9423749957625,1.7988709151287873e-08
1.1614486138403413e-07,1.830206106311057e-08
1.1350108156723143e-06,1.830206106311057e-08
0.9073749992625,1.830206106311057e-08
0.9166249983375,1.830206106311057e-08
0.92249999775,1.830206106311057e-08
0.9339999966,1.830206106311057e-08
0.9411249958875,1.830206106311057e-08
0.9443749955625,1.830206106311057e-08
0.9479999952,1.830206106311057e-08
0.9569999942999999,1.830206106311057e-08
0.969999993,1.830206106311057e-08
3.845917820453535e-08,1.8620871366628656e-08
1.3567505302998625e-07,1.8620871366628656e-08
0.00031081359027394735,1.8620871366628656e-08
0.0013724609610075624,1.8620871366628656e-08
0.08727045596502185,1.8620871366628656e-08
0.9079999992,1.8620871366628656e-08
0.92849999715,1.8620871366628656e-08
0.9703749929625,1.8620871366628656e-08
0.9771249922874999,1.8620871366628656e-08
1.6500610013202287e-08,1.8945235143565914e-08
2.6302679918953814e-08,1.8945235143565914e-08
6.569011164762661e-08,1.8945235143565914e-08
1.531087461682032e-07,1.8945235143565914e-08
7.673614893618186e-05,1.8945235143565914e-08
0.00017278259805078626,1.8945235143565914e-08
0.015003123048094941,1.8945235143565914e-08
0.050580886945658966,1.8945235143565914e-08
0.90749999925,1.8945235143565914e-08
0.930249996975,1.8945235143565914e-08
0.95249999475,1.8945235143565914e-08
0.9858749914125,1.8945235143565914e-08
7.673614893618186e-08,1.9275249131909366e-08
0.000161250102733774,1.9275249131909366e-08
0.0672579637726421,1.9275249131909366e-08
0.9076249992375001,1.9275249131909366e-08
0.929999997,1.9275249131909366e-08
0.933749996625,1.9275249131909366e-08
0.9503749949625,1.9275249131909366e-08
0.984749991525,1.9275249131909366e-08
2.371373705661655e-08,1.9611011754760496e-08
8.222426499470712e-08,1.9611011754760496e-08
2.6607250597988083e-07,1.9611011754760496e-08
6.237348354824191e-05,1.9611011754760496e-08
0.0006095368972401694,1.9611011754760496e-08
0.0012589254117941662,1.9611011754760496e-08
0.06948157401623985,1.9611011754760496e-08
0.907249999275,1.9611011754760496e-08
5.82103217770871e-08,1.9952623149688786e-08
1.2373711899353507e-06,1.9952623149688786e-08
2.9342695039559644e-06,1.9952623149688786e-08
5.7213695465232674e-05,1.9952623149688786e-08
0.0009386420366721355,1.9952623149688786e-08
0.03445971267957527,1.9952623149688786e-08
0.050024984384759524,1.9952623149688786e-08
0.907749999225,1.9952623149688786e-08
0.918749998125,1.9952623149688786e-08
0.9381249961875,1.9952623149688786e-08
0.9443749955625,1.9952623149688786e-08
0.9656249934375,1.9952623149688786e-08
0.9832499916749999,1.9952623149688786e-08
0.9992499900749999,1.9952623149688786e-08
4.415704473533121e-08,2.0300185198596843e-08
1.6982436524617461e-07,2.0300185198596843e-08
1.539926526059492e-05,2.0300185198596843e-08
0.00785235634610071,2.0300185198596843e-08
0.9076249992375001,2.0300185198596843e-08
0.92549999745,2.0300185198596843e-08
0.9484999951499999,2.0300185198596843e-08
1.830206106311057e-08,2.065380155810531e-08
8.810488730080147e-08,2.065380155810531e-08
0.011667707682698314,2.065380155810531e-08
0.053360399750156155,2.065380155810531e-08
0.90749999925,2.065380155810531e-08
0.9163749983625,2.065380155810531e-08
0.92349999765,2.065380155810531e-08
0.9576249942375,2.065380155810531e-08
3.7800713730181086e-08,2.1013577690467466e-08
2.39883291901949e-07,2.1013577690467466e-08
0.00014044296835779473,2.1013577690467466e-08
0.9088749991125,2.1013577690467466e-08
0.9174999982500001,2.1013577690467466e-08
0.921749997825,2.1013577690467466e-08
3.0199517204020194e-08,2.1379620895022325e-08
5.158221650723061e-08,2.1379620895022325e-08
1.065368863667563e-07,2.1379620895022325e-08
0.04391005621486571,2.1379620895022325e-08
0.060587133041848845,2.1379620895022325e-08
0.0805996252342286,2.1379620895022325e-08
0.907249999275,2.1379620895022325e-08
0.9306249969375,2.1379620895022325e-08
0.9597499940249999,2.1379620895022325e-08
1.6788040181225588e-08,2.1752040340195244e-08
6.130557921498202e-08,2.1752040340195244e-08
1.7278259805078626e-07,2.1752040340195244e-08
2.8510182675039097e-07,2.1752040340195244e-08
0.03557151780137414,2.1752040340195244e-08
0.06781386633354153,2.1752040340195244e-08
0.9083749991625,2.1752040340195244e-08
0.956749994325,2.1752040340195244e-08
0.9809999919,2.1752040340195244e-08
0.9891249910875,2.1752040340195244e-08
2.5852348395621886e-08,2.2130947096056363e-08
4.265795188015925e-08,2.2130947096056363e-08
1.310690042366076e-07,2.2130947096056363e-08
3.935500754557773e-06,2.2130947096056363e-08
2.4974683891541432e-05,2.2130947096056363e-08
5.158221650723061e-05,2.2130947096056363e-08
0.00010839269140212039,2.2130947096056363e-08
0.907749999225,2.2130947096056363e-08
0.9408749959125,2.2130947096056363e-08
2.371373705661655e-08,2.251645416744618e-08
4.050419451364931e-08,2.251645416744618e-08
7.161434102129027e-08,2.251645416744618e-08
2.951209226666384e-07,2.251645416744618e-08
0.010555902560899439,2.251645416744618e-08
0.90749999925,2.251645416744618e-08
0.924249997575,2.251645416744618e-08
0.9733749926624999,2.251645416744618e-08
2.065380155810531e-08,2.2908676527677746e-08
8.810488730080147e-08,2.2908676527677746e-08
4.78630092322638e-07,2.2908676527677746e-08
0.0008609937521845999,2.2908676527677746e-08
0.9091249990875,2.2908676527677746e-08
0.9689999931,2.2908676527677746e-08
1.7988709151287873e-08,2.3307731152826362e-08
2.818382931264455e-08,2.3307731152826362e-08
1.2661932675109442e-07,2.3307731152826362e-08
4.365158322401657e-06,2.3307731152826362e-08
3.912911271268524e-05,2.3307731152826362e-08
0.01277951280449719,2.3307731152826362e-08
0.9076249992375001,2.3307731152826362e-08
0.937249996275,2.3307731152826362e-08
1.5940428807122164e-08,2.371373705661655e-08
6.025595860743581e-08,2.371373705661655e-08
9.772372209558111e-08,2.371373705661655e-08
8.963961859499493e-05,2.371373705661655e-08
0.0008912509381337459,2.371373705661655e-08
0.03001249219237976,2.371373705661655e-08
0.9073749992625,2.371373705661655e-08
0.9439999956,2.371373705661655e-08
0.98549999145,2.371373705661655e-08
4.34010263644744e-08,2.4126815325916353e-08
7.542233958475699e-08,2.4126815325916353e-08
2.7070732039213574e-07,2.4126815325916353e-08
4.954501908047906e-07,2.4126815325916353e-08
2.3850637954651027e-06,2.4126815325916353e-08
2.6302679918953814e-05,2.4126815325916353e-08
5.82103217770871e-05,2.4126815325916353e-08
0.00012445146117713845,2.4126815325916353e-08
0.03334790755777639,2.4126815325916353e-08
0.907249999275,2.4126815325916353e-08
0.9328749967125,2.4126815325916353e-08
0.9433749956624999,2.4126815325916353e-08
0.9607499939249999,2.4126815325916353e-08
0.9733749926624999,2.4126815325916353e-08
1.9611011754760496e-08,2.4547089156850285e-08
4.390358656409447e-07,2.4547089156850285e-08
3.1441264202587993e-06,2.4547089156850285e-08
2.3307731152826362e-05,2.4547089156850285e-08
0.0805996252342286,2.4547089156850285e-08
0.9079999992,2.4547089156850285e-08
0.929749997025,2.4547089156850285e-08
3.527767866188742e-08,2.4974683891541433e-08
7.943282347242822e-08,2.4974683891541433e-08
0.00025263877101318956,2.4974683891541433e-08
0.008128305161640995,2.4974683891541433e-08
0.90749999925,2.4974683891541433e-08
2.2908676527677746e-08,2.5409727055493065e-08
6.237348354824191e-08,2.5409727055493065e-08
1.122018454301963e-07,2.5409727055493065e-08
3.8459178204535356e-05,2.5409727055493065e-08
0.9076249992375001,2.5409727055493065e-08
3.7800713730181086e-08,2.5852348395621886e-08
9.942600739529558e-08,2.5852348395621886e-08
0.0008462525688072697,2.5852348395621886e-08
0.033903810118675826,2.5852348395621886e-08
0.07281698938163647,2.5852348395621886e-08
0.90849999915,2.5852348395621886e-08
0.9461249953875,2.5852348395621886e-08
4.650503761666068e-08,2.6302679918953814e-08
3.2734069487883797e-07,2.6302679918953814e-08
6.645076729077792e-07,2.6302679918953814e-08
0.9073749992625,2.6302679918953814e-08
0.9318749968125,2.6302679918953814e-08
0.945249995475,2.6302679918953814e-08
0.9691249930875,2.6302679918953814e-08
4.120975190973304e-08,2.6760855931993334e-08
6.918309709189362e-08,2.6760855931993334e-08
3.4873858413521875e-06,2.6760855931993334e-08
6.606934480075964e-06,2.6760855931993334e-08
0.9081249991875,2.6760855931993334e-08
0.9729999926999999,2.6760855931993334e-08
3.527767866188742e-08,2.72270130807791e-08
1.479108388168207e-07,2.72270130807791e-08
0.0019054607179632443,2.72270130807791e-08
0.0031988951096913972,2.72270130807791e-08
0.907249999275,2.72270130807791e-08
2.5852348395621886e-08,2.7701290391637327e-08
8.081649291125367e-08,2.7701290391637327e-08
1.4371430533563898e-05,2.7701290391637327e-08
8.810488730080146e-05,2.7701290391637327e-08
0.002600159563165272,2.7701290391637327e-08
0.9109999989,2.7701290391637327e-08
1.5667510701081502e-08,2.818382931264455e-08
3.912911271268532e-08,2.818382931264455e-08
2.39883291901949e-07,2.818382931264455e-08
2.3442288153199226e-06,2.818382931264455e-08
0.9078749992125,2.818382931264455e-08
0.950749994925,2.818382931264455e-08
6.569011164762661e-08,2.867477375581313e-08
0.028344784509681448,2.867477375581313e-08
0.9073749992625,2.867477375581313e-08
0.9856249914374999,2.867477375581313e-08
1.7680722177343178e-08,2.9174270140011658e-08
3.651741272548377e-08,2.9174270140011658e-08
1.181680312544783e-07,2.9174270140011658e-08
2.3173946499684798e-07,2.9174270140011658e-08
1.1350108156723143e-06,2.9174270140011658e-08
1.9724227361148533e-06,2.9174270140011658e-08
4.365158322401657e-06,2.9174270140011658e-08
0.000285101826750391,2.9174270140011658e-08
0.00798913941667404,2.9174270140011658e-08
0.9076249992375001,2.9174270140011658e-08
1.9611011754760496e-08,2.968246743463243e-08
7.542233958475699e-08,2.968246743463243e-08
1.2661932675109442e-07,2.968246743463243e-08
0.90749999925,2.968246743463243e-08
3.981071705534969e-08,3.0199517204020194e-08
1.6788040181225588e-05,3.0199517204020194e-08
0.907249999275,3.0199517204020194e-08
1.4876473740795032e-08,3.0725573652674454e-08
4.8139325400014485e-08,3.0725573652674454e-08
0.9083749991625,3.0725573652674454e-08
0.9159999984,3.0725573652674454e-08
0.9783749921625,3.0725573652674454e-08
1.6500610013202287e-08,3.126079367123956e-08
5.721369546523268e-08,3.126079367123956e-08
1.851398894205272e-07,3.126079367123956e-08
3.2923045333340654e-05,3.126079367123956e-08
0.9073749992625,3.126079367123956e-08
3.180533688329517e-08,3.180533688329517e-08
9.772372209558111e-08,3.180533688329517e-08
0.005559042572704037,3.180533688329517e-08
0.908249999175,3.180533688329517e-08
0.9656249934375,3.180533688329517e-08
1.8620871366628656e-08,3.235936569296281e-08
0.9091249990875,3.235936569296281e-08
4.983104559705293e-08,3.292304533334065e-08
0.00012445146117713845,3.292304533334065e-08
0.9073749992625,3.292304533334065e-08
0.9408749959125,3.292304533334065e-08
2.4126815325916353e-08,3.3496543915782795e-08
1.584893192461114e-07,3.3496543915782795e-08
2.900681198693156e-07,3.3496543915782795e-08
4.216965034285822e-06,3.3496543915782795e-08
0.01778263585259213,3.3496543915782795e-08
0.907249999275,3.3496543915782795e-08
0.9318749968125,3.3496543915782795e-08
1.6218100973589297e-08,3.408003248003648e-08
3.912911271268532e-08,3.408003248003648e-08
6.569011164762661e-08,3.408003248003648e-08
1.065368863667563e-07,3.408003248003648e-08
4.78630092322638e-07,3.408003248003648e-08
0.907749999225,3.408003248003648e-08
2.6302679918953814e-08,3.4673685045253164e-08
8.75991717633117e-07,3.4673685045253164e-08
0.9089999991000001,3.4673685045253164e-08
1.830206106311057e-08,3.527767866188742e-08
3.0199517204020194e-08,3.527767866188742e-08
6.918309709189362e-08,3.527767866188742e-08
1.809255910253822e-06,3.527767866188742e-08
0.90749999925,3.527767866188742e-08
3.651741272548377e-08,3.58921934645005e-08
8.963961859499492e-08,3.58921934645005e-08
0.00966050878989812,3.58921934645005e-08
0.0717051842598376,3.58921934645005e-08
0.9081249991875,3.58921934645005e-08
5.527134079444345e-08,3.651741272548377e-08
0.90849999915,3.651741272548377e-08
2.371373705661655e-08,3.715352290971728e-08
1.122018454301963e-07,3.715352290971728e-08
4.216965034285822e-06,3.715352290971728e-08
0.907249999275,3.715352290971728e-08
2.6302679918953814e-08,3.7800713730181086e-08
3.9582206483572265e-07,3.7800713730181086e-08
0.00012445146117713845,3.7800713730181086e-08
0.90749999925,3.7800713730181086e-08
1.9275249131909366e-08,3.845917820453535e-08
3.0199517204020194e-08,3.845917820453535e-08
7.673614893618186e-08,3.845917820453535e-08
2.39883291901949e-07,3.845917820453535e-08
0.02556527170518426,3.845917820453535e-08
0.9093749990625,3.845917820453535e-08
0.96649999335,3.845917820453535e-08
1.7378008287493763e-08,3.912911271268532e-08
5.248074602497723e-08,3.912911271268532e-08
3.054921113215509e-07,3.912911271268532e-08
8.560517117200949e-06,3.912911271268532e-08
0.90749999925,3.912911271268532e-08
3.235936569296281e-08,3.981071705534969e-08
5.527134079444345e-08,3.981071705534969e-08
1.6884958594867533e-06,3.981071705534969e-08
0.9076249992375001,3.981071705534969e-08
0.9766249923375,3.981071705534969e-08
1.2022644346174132e-07,4.050419451364931e-08
0.907249999275,4.050419451364931e-08
1.8620871366628656e-08,4.120975190973304e-08
3.715352290971728e-08,4.120975190973304e-08
9.440608762859226e-08,4.120975190973304e-08
0.9073749992625,4.120975190973304e-08
0.9658749934124999,4.120975190973304e-08
0.9803749919625,4.120975190973304e-08
3.0199517204020194e-08,4.1927599668460506e-08
5.248074602497723e-08,4.1927599668460506e-08
3.1081359027394736e-07,4.1927599668460506e-08
0.03334790755777639,4.1927599668460506e-08
0.907749999225,4.1927599668460506e-08
2.1752040340195244e-08,4.265795188015925e-08
5.6234132519034905e-08,4.265795188015925e-08
1.584893192461114e-07,4.265795188015925e-08
0.9079999992,4.265795188015925e-08
0.9766249923375,4.265795188015925e-08
1.7378008287493763e-08,4.34010263644744e-08
4.34010263644744e-08,4.34010263644744e-08
2.0892961308540409e-07,4.34010263644744e-08
0.0015488166189124796,4.34010263644744e-08
0.907249999275,4.34010263644744e-08
0.9203749979625,4.34010263644744e-08
0.930249996975,4.34010263644744e-08
3.7800713730181086e-08,4.415704473533121e-08
9.942600739529558e-08,4.415704473533121e-08
0.9073749992625,4.415704473533121e-08
3.126079367123956e-08,4.492623246702932e-08
5.3394927357417665e-08,4.492623246702932e-08
5.623413251903491e-05,4.492623246702932e-08
0.907749999225,4.492623246702932e-08
1.4537843856076606e-07,4.570881896148752e-08
0.9081249991875,4.570881896148752e-08
1.7080477200597077e-08,4.650503761666068e-08
0.907249999275,4.650503761666068e-08
5.069907082747044e-08,4.731512589614803e-08
0.013335415365396628,4.731512589614803e-08
0.90749999925,4.731512589614803e-08
3.0725573652674454e-08,4.8139325400014485e-08
9.605058183867304e-08,4.8139325400014485e-08
4.897788193684456e-05,4.8139325400014485e-08
0.907749999225,4.8139325400014485e-08
0.9081249991875,4.897788193684456e-08
0.0002570395782768865,4.983104559705293e-08
0.907249999275,4.983104559705293e-08
0.9598749940125,4.983104559705293e-08
2.371373705661655e-08,5.069907082747044e-08
0.90749999925,5.069907082747044e-08
4.050419451364931e-08,5.158221650723061e-08
0.9078749992125,5.158221650723061e-08
2.6760855931993334e-08,5.248074602497723e-08
5.9224308687613055e-08,5.248074602497723e-08
0.907249999275,5.248074602497723e-08
1.7988709151287873e-08,5.3394927357417665e-08
7.413102413009177e-08,5.3394927357417665e-08
0.9073749992625,5.3394927357417665e-08
1.539926526059492e-08,5.432503314924336e-08
5.248074602497723e-08,5.432503314924336e-08
1.0715193052376048e-05,5.432503314924336e-08
0.9083749991625,5.432503314924336e-08
0.92549999745,5.432503314924336e-08
7.038822279364571e-08,5.527134079444345e-08
0.907249999275,5.527134079444345e-08
0.9073749992625,5.6234132519034905e-08
1.4621771744567183e-08,5.721369546523268e-08
0.90749999925,5.721369546523268e-08
1.6218100973589297e-08,5.82103217770871e-08
7.161434102129027e-08,5.82103217770871e-08
0.007455898720277809,5.82103217770871e-08
0.907249999275,5.82103217770871e-08
2.9174270140011658e-08,5.9224308687613055e-08
6.799860450033216e-08,5.9224308687613055e-08
1.0839269140212038e-07,5.9224308687613055e-08
0.9081249991875,5.9224308687613055e-08
4.216965034285822e-06,6.025595860743581e-08
0.907249999275,6.025595860743581e-08
1.6218100973589297e-08,6.130557921498202e-08
3.408003248003648e-08,6.130557921498202e-08
0.90749999925,6.130557921498202e-08
2.4974683891541433e-08,6.237348354824191e-08
6.799860450033216e-08,6.237348354824191e-08
5.18800038928961e-06,6.237348354824191e-08
0.9081249991875,6.237348354824191e-08
1.7680722177343178e-08,6.345999009812872e-08
1.4206922128601816e-06,6.345999009812872e-08
0.907749999225,6.345999009812872e-08
9.605058183867304e-08,6.456542290346549e-08
0.00798913941667404,6.456542290346549e-08
0.9073749992625,6.456542290346549e-08
2.4974683891541433e-08,6.569011164762661e-08
0.907249999275,6.569011164762661e-08
3.845917820453535e-08,6.683439175686149e-08
0.0002802205621666745,6.683439175686149e-08
0.9081249991875,6.683439175686149e-08
1.7080477200597077e-08,6.799860450033216e-08
4.1927599668460506e-08,6.799860450033216e-08
0.90749999925,6.799860450033216e-08
3.0725573652674454e-08,6.918309709189362e-08
9.772372209558111e-08,6.918309709189362e-08
0.9076249992375001,6.918309709189362e-08
1.6500610013202287e-08,7.038822279364571e-08
3.715352290971728e-08,7.038822279364571e-08
0.907249999275,7.038822279364571e-08
0.9079999992,7.161434102129027e-08
1.5135612484362072e-08,7.286181745132274e-08
2.4974683891541433e-08,7.286181745132274e-08
0.9076249992375001,7.286181745132274e-08
2.9174270140011658e-08,7.413102413009177e-08
0.007585775750291836,7.413102413009177e-08
0.907249999275,7.413102413009177e-08
5.3394927357417665e-08,7.542233958475699e-08
0.90749999925,7.542233958475699e-08
0.907249999275,7.673614893618186e-08
1.8620871366628656e-08,7.807284401379069e-08
3.292304533334065e-08,7.807284401379069e-08
0.9073749992625,7.807284401379069e-08
0.9078749992125,7.943282347242822e-08
2.1379620895022325e-08,8.081649291125367e-08
8.222426499470712e-08,8.081649291125367e-08
0.907249999275,8.081649291125367e-08
0.9081249991875,8.222426499470712e-08
2.4126815325916353e-08,8.365655957558108e-08
0.907249999275,8.365655957558108e-08
2.065380155810531e-08,8.511380382023759e-08
0.05280449718925671,8.511380382023759e-08
0.9076249992375001,8.511380382023759e-08
1.122018454301963e-07,8.659643233600653e-08
0.9073749992625,8.659643233600653e-08
2.5409727055493065e-08,8.810488730080147e-08
0.907249999275,8.810488730080147e-08
1.9611011754760496e-08,8.963961859499492e-08
3.7800713730181086e-08,8.963961859499492e-08
8.659643233600653e-08,8.963961859499492e-08
0.9078749992125,8.963961859499492e-08
2.7701290391637327e-08,9.120108393559096e-08
0.907249999275,9.120108393559096e-08
2.4974683891541433e-08,9.278974901273317e-08
0.90749999925,9.278974901273317e-08
4.415704473533121e-08,9.440608762859226e-08
8.963961859499492e-08,9.440608762859226e-08
0.907749999225,9.440608762859226e-08
6.456542290346549e-08,9.605058183867304e-08
0.9073749992625,9.605058183867304e-08
2.6302679918953814e-08,9.772372209558111e-08
5.3394927357417665e-08,9.772372209558111e-08
0.907249999275,9.772372209558111e-08
2.2646443075930618e-06,9.942600739529558e-08
0.90749999925,9.942600739529558e-08
1.4876473740795032e-08,1.0115794542598983e-07
2.72270130807791e-08,1.0115794542598983e-07
6.683439175686149e-08,1.0115794542598983e-07
0.907249999275,1.0115794542598983e-07
0.9079999992,1.0292005271944285e-07
0.907249999275,1.0471285480508985e-07
1.9952623149688786e-08,1.065368863667563e-07
6.799860450033216e-08,1.065368863667563e-07
0.9073749992625,1.065368863667563e-07
4.415704473533121e-08,1.0839269140212038e-07
0.90749999925,1.0839269140212038e-07
1.830206106311057e-08,1.102808233849553e-07
0.907249999275,1.102808233849553e-07
2.3307731152826362e-08,1.122018454301963e-07
1.122018454301963e-07,1.122018454301963e-07
0.90749999925,1.122018454301963e-07
0.907249999275,1.1415633046188459e-07
2.867477375581313e-08,1.1614486138403413e-07
1.4288939585111036e-07,1.1614486138403413e-07
0.90749999925,1.1614486138403413e-07
2.1752040340195244e-08,1.181680312544783e-07
4.650503761666068e-08,1.181680312544783e-07
0.907249999275,1.181680312544783e-07
0.9073749992625,1.2022644346174132e-07
3.651741272548377e-08,1.2232071190499325e-07
0.9078749992125,1.2232071190499325e-07
1.4876473740795032e-08,1.2445146117713842e-07
0.907249999275,1.2445146117713842e-07
1.8945235143565914e-08,1.2661932675109442e-07
3.58921934645005e-08,1.2661932675109442e-07
6.799860450033216e-08,1.2661932675109442e-07
0.9073749992625,1.2661932675109442e-07
0.907249999275,1.2882495516931322e-07
1.5667510701081502e-08,1.310690042366076e-07
4.120975190973304e-08,1.310690042366076e-07
6.456542290346549e-08,1.310690042366076e-07
0.90749999925,1.310690042366076e-07
2.2130947096056363e-08,1.333521432163324e-07
0.907249999275,1.333521432163324e-07
3.292304533334065e-08,1.3567505302998625e-07
0.9081249991875,1.3567505302998625e-07
0.907249999275,1.380384264602884e-07
0.9078749992125,1.4044296835779474e-07
0.9076249992375001,1.4288939585111036e-07
1.7080477200597077e-08,1.4537843856076606e-07
0.907249999275,1.4537843856076606e-07
0.9076249992375001,1.479108388168207e-07
1.8945235143565914e-08,1.5048735188025145e-07
0.90749999925,1.5048735188025145e-07
4.265795188015925e-08,1.531087461682032e-07
0.907249999275,1.531087461682032e-07
2.1013577690467466e-08,1.557758034831602e-07
1.584893192461114e-07,1.557758034831602e-07
0.9078749992125,1.557758034831602e-07
4.34010263644744e-08,1.584893192461114e-07
0.90749999925,1.584893192461114e-07
1.5940428807122164e-08,1.61250102733774e-07
0.907249999275,1.61250102733774e-07
0.90749999925,1.6405897731995388e-07
1.6218100973589297e-08,1.669167807211058e-07
3.3496543915782795e-08,1.669167807211058e-07
0.9076249992375001,1.669167807211058e-07
0.907249999275,1.6982436524617461e-07
0.90749999925,1.7278259805078626e-07
0.907249999275,1.757923613958693e-07
0.907249999275,1.7885455291077693e-07
4.8139325400014485e-08,1.8197008586099824e-07
0.908749999125,1.8197008586099824e-07
0.90749999925,1.851398894205272e-07
0.907249999275,1.883649089489802e-07
1.5667510701081502e-08,1.9164610627353853e-07
0.90749999925,1.9164610627353853e-07
0.907249999275,1.9498445997580455e-07
1.6218100973589297e-08,1.983809656836503e-07
2.6302679918953814e-08,1.983809656836503e-07
0.907249999275,1.983809656836503e-07
4.120975190973304e-08,2.0183663636815597e-07
0.9073749992625,2.0183663636815597e-07
0.907249999275,2.053525026457146e-07
1.8620871366628656e-08,2.0892961308540409e-07
4.265795188015925e-08,2.0892961308540409e-07
0.90749999925,2.0892961308540409e-07
0.907249999275,2.1256903452171053e-07
2.251645416744618e-08,2.16271852372702e-07
0.907249999275,2.16271852372702e-07
0.9073749992625,2.2003917096373996e-07
0.907249999275,2.2387211385683377e-07
0.907749999225,2.2777182418573218e-07
1.6788040181225588e-08,2.3173946499684798e-07
0.907249999275,2.3173946499684798e-07
0.907249999275,2.357762195961257e-07
2.4126815325916353e-08,2.39883291901949e-07
4.570881896148752e-08,2.39883291901949e-07
0.9073749992625,2.39883291901949e-07
0.907249999275,2.4406190680419813e-07
0.90749999925,2.4831331052955676e-07
6.569011164762661e-08,2.5263877101318953e-07
0.907249999275,2.5263877101318953e-07
0.9073749992625,2.570395782768865e-07
0.907249999275,2.615170448138e-07
0.9073749992625,2.6607250597988083e-07
0.907249999275,2.7070732039213574e-07
0.9073749992625,2.754228703338163e-07
0.907249999275,2.802205621666745e-07
0.907249999275,2.8510182675039097e-07
0.9073749992625,2.900681198693156e-07
0.907249999275,2.951209226666384e-07
0.9073749992625,3.0026174208612677e-07
0.907249999275,3.054921113215509e-07
0.90749999925,3.1081359027394736e-07
0.907249999275,3.162277660168379e-07
0.90749999925,3.217362532695601e-07
0.907249999275,3.2734069487883797e-07
0.90749999925,3.330427623087463e-07
0.907249999275,3.3884415613920274e-07
0.90749999925,3.447466065731491e-07
0.907249999275,3.5075187395256796e-07
0.907249999275,3.5686174928348136e-07
0.907249999275,3.6307805477010174e-07
0.907249999275,3.6940264435828336e-07
0.907249999275,3.7583740428844433e-07
0.907249999275,3.8238425365811224e-07
0.907249999275,3.890451449942805e-07
0.9078749992125,3.9582206483572265e-07
0.907249999275,4.027170343254595e-07
0.907249999275,4.0973210981354135e-07
0.9073749992625,4.168693834703355e-07
0.907249999275,4.2413098391048767e-07
0.907249999275,4.31519076827765e-07
0.907249999275,4.390358656409447e-07
0.907249999275,4.466835921509635e-07
0.907249999275,4.5446453720950847e-07
0.907249999275,4.6238102139926035e-07
0.907249999275,4.704354057259755e-07
0.907249999275,4.78630092322638e-07
0.907249999275,4.869675251658631e-07
0.907249999275,4.954501908047906e-07
0.907249999275,5.04080619102669e-07
0.907249999275,5.128613839913648e-07
0.907249999275,5.217951042390026e-07
0.907249999275,5.308844442309879e-07
0.907249999275,5.401321147646348e-07
0.907249999275,5.495408738576248e-07
0.907249999275,5.591135275705596e-07
0.907249999275,5.688529308438413e-07
0.907249999275,5.787619883491209e-07
0.907249999275,5.888436553555884e-07
0.907249999275,5.991009386113537e-07
0.907249999275,6.095368972401694e-07
0.907249999275,6.20154643653786e-07
0.907249999275,6.30957344480193e-07
0.907249999275,6.419482215080359e-07
0.907249999275,6.531305526474716e-07
0.907249999275,6.645076729077792e-07
0.907249999275,6.760829753919819e-07
0.907249999275,6.878599123088082e-07
0.907249999275,6.99841996002273e-07
0.907249999275,7.120327999992026e-07
0.907249999275,7.244359600749891e-07
0.907249999275,7.370551753379339e-07
0.907249999275,7.498942093324558e-07
0.907249999275,7.629568911615336e-07
0.907249999275,7.762471166286911e-07
0.907249999275,7.897688493998855e-07
0.907249999275,8.035261221856178e-07
0.907249999275,8.175230379436494e-07
0.907249999275,8.317637711026709e-07
0.907249999275,8.462525688072697e-07
0.907249999275,8.609937521845999e-07
0.907249999275,8.75991717633117e-07
0.907249999275,8.912509381337459e-07
0.907249999275,9.06775964583904e-07
0.907249999275,9.225714271547628e-07
0.907249999275,9.386420366721356e-07
0.907249999275,9.549925860214369e-07
0.907249999275,9.716279515771058e-07
0.907249999275,9.885530946569391e-07
0.907249999275,1.005773063001737e-06
0.907249999275,1.0232929922807537e-06
0.907249999275,1.0411181076233396e-06
0.907249999275,1.0592537251772896e-06
0.907249999275,1.0777052536943213e-06
0.907249999275,1.096478196143185e-06
0.907249999275,1.1155781513508508e-06
0.907249999275,1.1350108156723143e-06
0.907249999275,1.1547819846894582e-06
0.907249999275,1.1748975549395302e-06
0.907249999275,1.1953635256737202e-06
0.907249999275,1.2161860006463678e-06
0.907249999275,1.2373711899353507e-06
0.907249999275,1.2589254117941661e-06
0.907249999275,1.2808550945362784e-06
0.907249999275,1.3031667784523e-06
0.907249999275,1.3258671177605608e-06
0.907249999275,1.3489628825916533e-06
0.907249999275,1.3724609610075597e-06
0.907249999275,1.3963683610559361e-06
0.907249999275,1.4206922128601816e-06
0.907249999275,1.445439770745928e-06
0.907249999275,1.470618415404562e-06
0.907249999275,1.4962356560944329e-06
0.907249999275,1.5222991328804203e-06
0.907249999275,1.5488166189124796e-06
0.907249999275,1.5757960227439234e-06
0.907249999275,1.6032453906900418e-06
0.907249999275,1.6311729092278396e-06
0.907249999275,1.6595869074375596e-06
0.907249999275,1.6884958594867533e-06
0.907249999275,1.717908387157586e-06
0.907249999275,1.7478332624182174e-06
0.907249999275,1.7782794100389227e-06
0.907249999275,1.809255910253822e-06
0.907249999275,1.8407720014689583e-06
0.907249999275,1.8728370830175484e-06
0.907249999275,1.9054607179632443e-06
0.907249999275,1.9386526359522056e-06
0.907249999275,1.9724227361148533e-06
0.907249999275,2.00678109001819e-06
0.907249999275,2.0417379446695316e-06
0.907249999275,2.0773037255725628e-06
0.907249999275,2.113489039836643e-06
0.907249999275,2.150304679340254e-06
0.907249999275,2.1877616239495517e-06
0.907249999275,2.2258710447930055e-06
0.907249999275,2.2646443075930618e-06
0.907249999275,2.3040929760558445e-06
0.907249999275,2.3442288153199226e-06
0.907249999275,2.3850637954651027e-06
0.907249999275,2.4266100950824143e-06
0.907249999275,2.468880104906209e-06
0.907249999275,2.5118864315095823e-06
0.907249999275,2.555641901064137e-06
0.907249999275,2.6001595631652723e-06
0.907249999275,2.645452694724046e-06
0.907249999275,2.6915348039269138e-06
0.907249999275,2.7384196342643613e-06
0.907249999275,2.786121168629772e-06
0.907249999275,2.834653633489671e-06
0.907249999275,2.884031503126606e-06
0.907249999275,2.9342695039559644e-06
0.907249999275,2.9853826189179572e-06
0.907249999275,3.0373860919461044e-06
0.907249999275,3.090295432513592e-06
0.907249999275,3.1441264202587993e-06
0.907249999275,3.1988951096913973e-06
0.907249999275,3.2546178349804536e-06
0.907249999275,3.3113112148259077e-06
0.907249999275,3.368992157414906e-06
0.907249999275,3.4276778654645047e-06
0.907249999275,3.4873858413521875e-06
0.907249999275,3.548133892335753e-06
0.907249999275,3.609940135864167e-06
0.907249999275,3.6728230049808424e-06
0.907249999275,3.736801253821156e-06
0.907249999275,3.801893963205613e-06
0.907249999275,3.868120546330525e-06
0.907249999275,3.935500754557773e-06
0.907249999275,4.004054683305463e-06
0.907249999275,4.073802778041122e-06
0.907249999275,4.144765840379389e-06
0.907249999275,4.216965034285822e-06
0.907249999275,4.290421892388857e-06
0.907249999275,4.365158322401657e-06
0.907249999275,4.441196613655889e-06
0.907249999275,4.518559443749217e-06
0.907249999275,4.597269885308718e-06
0.907249999275,4.677351412871981e-06
0.907249999275,4.758827909888171e-06
0.907249999275,4.841723675840999e-06
0.907249999275,4.926063433495771e-06
0.907249999275,5.011872336272715e-06
0.907249999275,5.099175975748696e-06
0.907249999275,5.18800038928961e-06
0.907249999275,5.2783720678157695e-06
0.907249999275,5.370317963702533e-06
0.907249999275,5.46386549881854e-06
0.907249999275,5.559042572704037e-06
0.907249999275,5.655877570891533e-06
0.907249999275,5.754399373371567e-06
0.907249999275,5.854637363205773e-06
0.907249999275,5.956621435290109e-06
0.907249999275,6.0603820052706595e-06
0.907249999275,6.165950018614822e-06
0.907249999275,6.273356959840373e-06
0.907249999275,6.382634861905482e-06
0.907249999275,6.493816315762113e-06
0.907249999275,6.606934480075964e-06
0.907249999275,6.7220230911156625e-06
0.907249999275,6.8391164728142925e-06
0.907249999275,6.958249547006042e-06
0.907249999275,7.079457843841373e-06
0.907249999275,7.2027775123834065e-06
0.907249999275,7.3282453313890446e-06
0.907249999275,7.455898720277823e-06
0.907249999275,7.585775750291836e-06
0.907249999275,7.717915155850112e-06
0.907249999275,7.85235634610071e-06
0.907249999275,7.989139416674041e-06
0.907249999275,8.128305161640995e-06
0.907249999275,8.269895085679326e-06
0.907249999275,8.413951416451948e-06
0.907249999275,8.560517117200949e-06
0.907249999275,8.709635899560797e-06
0.907249999275,8.861352236594994e-06
0.907249999275,9.01571137605957e-06
0.907249999275,9.172759353897803e-06
0.907249999275,9.332543007969904e-06
0.907249999275,9.495109992021984e-06
0.907249999275,9.66050878989812e-06
0.907249999275,9.828788730000314e-06
0.907249999275,9.999999999999999e-06
0.907249999275,1.0174193661806055e-05
0.907249999275,1.0351421666793431e-05
0.907249999275,1.053173687129716e-05
0.907249999275,1.0715193052376048e-05
0.907249999275,1.0901844923851268e-05
0.907249999275,1.109174815262401e-05
0.907249999275,1.1284959375277621e-05
0.907249999275,1.1481536214968841e-05
0.907249999275,1.1681537298613244e-05
0.907249999275,1.1885022274370164e-05
0.907249999275,1.2092051829432072e-05
0.907249999275,1.230268770812381e-05
0.907249999275,1.2516992730317256e-05
0.907249999275,1.2735030810166629e-05
0.907249999275,1.2956866975170189e-05
0.907249999275,1.3182567385564074e-05
0.907249999275,1.3412199354053696e-05
0.907249999275,1.3645831365889238e-05
0.907249999275,1.3883533099290456e-05
0.907249999275,1.4125375446227555e-05
0.907249999275,1.4371430533563898e-05
0.907249999275,1.4621771744567184e-05
0.907249999275,1.4876473740795e-05
0.907249999275,1.5135612484362071e-05
0.907249999275,1.539926526059492e-05
0.907249999275,1.5667510701081502e-05
0.907249999275,1.5940428807122165e-05
0.907249999275,1.62181009735893e-05
0.907249999275,1.6500610013202252e-05
0.907249999275,1.6788040181225588e-05
0.907249999275,1.7080477200597077e-05
0.907249999275,1.7378008287493764e-05
0.907249999275,1.7680722177343215e-05
0.907249999275,1.7988709151287874e-05
0.907249999275,1.830206106311053e-05
0.907249999275,1.8620871366628657e-05
0.907249999275,1.8945235143565913e-05
0.907249999275,1.9275249131909365e-05
0.907249999275,1.9611011754760494e-05
0.907249999275,1.9952623149688786e-05
0.907249999275,2.0300185198596803e-05
0.907249999275,2.065380155810527e-05
0.907249999275,2.1013577690467467e-05
0.907249999275,2.1379620895022323e-05
0.907249999275,2.1752040340195246e-05
0.907249999275,2.2130947096056366e-05
0.907249999275,2.251645416744618e-05
0.907249999275,2.29086765276777e-05
0.907249999275,2.3307731152826362e-05
0.907249999275,2.3713737056616554e-05
0.907249999275,2.4126815325916352e-05
0.907249999275,2.4547089156850286e-05
0.907249999275,2.4974683891541432e-05
0.907249999275,2.5409727055493013e-05
0.907249999275,2.5852348395621887e-05
0.907249999275,2.6302679918953814e-05
0.907249999275,2.6760855931993334e-05
0.907249999275,2.7227013080779155e-05
0.907249999275,2.770129039163733e-05
0.907249999275,2.818382931264449e-05
0.907249999275,2.867477375581313e-05
0.907249999275,2.917427014001166e-05
0.907249999275,2.9682467434632428e-05
0.907249999275,3.0199517204020192e-05
0.907249999275,3.072557365267446e-05
0.907249999275,3.126079367123949e-05
0.907249999275,3.180533688329517e-05
0.907249999275,3.235936569296281e-05
0.907249999275,3.2923045333340654e-05
0.907249999275,3.3496543915782794e-05
0.907249999275,3.408003248003648e-05
0.907249999275,3.467368504525317e-05
0.907249999275,3.527767866188735e-05
0.907249999275,3.58921934645005e-05
0.907249999275,3.651741272548377e-05
0.907249999275,3.715352290971728e-05
0.907249999275,3.780071373018109e-05
0.907249999275,3.8459178204535356e-05
0.907249999275,3.912911271268524e-05
0.907249999275,3.9810717055349695e-05
0.907249999275,4.0504194513649305e-05
0.907249999275,4.120975190973304e-05
0.907249999275,4.192759966846059e-05
0.907249999275,4.265795188015926e-05
0.907249999275,4.340102636447431e-05
0.907249999275,4.415704473533121e-05
0.907249999275,4.4926232467029326e-05
0.907249999275,4.5708818961487516e-05
0.907249999275,4.650503761666068e-05
0.907249999275,4.731512589614803e-05
0.907249999275,4.813932540001438e-05
0.907249999275,4.897788193684456e-05
0.907249999275,4.9831045597052926e-05
0.907249999275,5.0699070827470445e-05
0.907249999275,5.158221650723061e-05
0.907249999275,5.248074602497723e-05
0.907249999275,5.339492735741767e-05
0.907249999275,5.432503314924325e-05
0.907249999275,5.527134079444345e-05
0.907249999275,5.623413251903491e-05
0.907249999275,5.7213695465232674e-05
0.907249999275,5.82103217770871e-05
0.907249999275,5.9224308687613056e-05
0.907249999275,6.0255958607435684e-05
0.9071249992875,6.130557921498202e-05
0.9071249992875,6.237348354824191e-05
0.9071249992875,6.345999009812872e-05
0.9071249992875,6.456542290346563e-05
0.9071249992875,6.569011164762661e-05
0.9071249992875,6.683439175686136e-05
0.9071249992875,6.799860450033216e-05
0.9071249992875,6.918309709189363e-05
0.9071249992875,7.03882227936457e-05
0.9071249992875,7.161434102129028e-05
0.9071249992875,7.286181745132274e-05
0.9071249992875,7.413102413009161e-05
0.9071249992875,7.542233958475699e-05
0.9071249992875,7.673614893618186e-05
0.9071249992875,7.80728440137907e-05
0.9071249992875,7.943282347242822e-05
0.9071249992875,8.081649291125368e-05
0.9071249992875,8.222426499470712e-05
0.9071249992875,8.36565595755809e-05
0.9071249992875,8.51138038202376e-05
0.9071249992875,8.659643233600654e-05
0.9071249992875,8.810488730080146e-05
0.9071249992875,8.963961859499493e-05
0.9071249992875,9.120108393559096e-05
0.9071249992875,9.278974901273298e-05
0.9071249992875,9.440608762859227e-05
0.9071249992875,9.605058183867304e-05
0.9071249992875,9.772372209558111e-05
0.9071249992875,9.942600739529578e-05
0.9071249992875,0.00010115794542598982
0.9071249992875,0.00010292005271944286
0.9071249992875,0.00010471285480508985
0.9071249992875,0.00010653688636675629
0.9071249992875,0.00010839269140212039
0.9071249992875,0.00011028082338495507
0.9071249992875,0.0001122018454301963
0.9071249992875,0.00011415633046188459
0.9071249992875,0.00011614486138403415
0.9071249992875,0.0001181680312544783
0.9071249992875,0.00012022644346174131
0.9071249992875,0.000122320711904993
0.9071249992875,0.00012445146117713845
0.9071249992875,0.00012661932675109443
0.9071249992875,0.00012882495516931323
0.9071249992875,0.00013106900423660758
0.9071249992875,0.0001333521432163324
0.9071249992875,0.00013567505302998625
0.9071249992875,0.00013803842646028838
0.9071249992875,0.00014044296835779473
0.9071249992875,0.00014288939585111037
0.9071249992875,0.00014537843856076606
0.9071249992875,0.00014791083881682073
0.9071249992875,0.00015048735188025146
0.9071249992875,0.00015310874616820288
0.9071249992875,0.0001557758034831602
0.9071249992875,0.00015848931924611142
0.9069999993,0.000161250102733774
0.9069999993,0.00016405897731995388
0.9069999993,0.00016691678072110582
0.9069999993,0.00016982436524617427
0.9069999993,0.00017278259805078626
0.9069999993,0.0001757923613958693
0.9069999993,0.00017885455291077694
0.9069999993,0.00018197008586099826
0.9069999993,0.0001851398894205272
0.9069999993,0.00018836490894897983
0.9069999993,0.00019164610627353851
0.9069999993,0.00019498445997580456
0.9069999993,0.00019838096568365032
0.9069999993,0.00020183663636815598
0.9069999993,0.0002053525026457146
0.9069999993,0.0002089296130854041
0.9069999993,0.00021256903452171054
0.9069999993,0.00021627185237270202
0.9069999993,0.00022003917096373996
0.9069999993,0.00022387211385683378
0.9069999993,0.00022777182418573218
0.9069999993,0.00023173946499684798
0.9069999993,0.0002357762195961252
0.9069999993,0.000239883291901949
0.9069999993,0.00024406190680419814
0.9069999993,0.00024831331052955677
0.9069999993,0.00025263877101318956
0.9069999993,0.0002570395782768865
0.9068749993125,0.00026151704481379944
0.9068749993125,0.00026607250597988083
0.9068749993125,0.00027070732039213575
0.9068749993125,0.00027542287033381635
0.9068749993125,0.0002802205621666745
0.9068749993125,0.000285101826750391
0.9068749993125,0.000290068119869315
0.9068749993125,0.0002951209226666384
0.9068749993125,0.0003002617420861267
0.9068749993125,0.0003054921113215509
0.9068749993125,0.00031081359027394735
0.9068749993125,0.00031622776601683794
0.9068749993125,0.00032173625326955944
0.9068749993125,0.0003273406948788379
0.9068749993125,0.0003330427623087463
0.9068749993125,0.00033884415613920273
0.9068749993125,0.00034474660657314907
0.9068749993125,0.0003507518739525679
0.906749999325,0.00035686174928348133
0.906749999325,0.000363078054770101
0.906749999325,0.0003694026443582834
0.906749999325,0.0003758374042884443
0.906749999325,0.00038238425365811225
0.906749999325,0.00038904514499428044
0.906749999325,0.0003958220648357226
0.906749999325,0.0004027170343254587
0.906749999325,0.00040973210981354134
0.906749999325,0.0004168693834703355
0.906749999325,0.0004241309839104877
0.906749999325,0.000431519076827765
0.906749999325,0.0004390358656409447
0.906749999325,0.00044668359215096256
0.9066249993375001,0.00045446453720950845
0.9066249993375001,0.00046238102139926034
0.9066249993375001,0.0004704354057259755
0.9066249993375001,0.00047863009232263805
0.9066249993375001,0.0004869675251658631
0.9066249993375001,0.0004954501908047895
0.9066249993375001,0.000504080619102669
0.9066249993375001,0.0005128613839913648
0.9066249993375001,0.0005217951042390025
0.9066249993375001,0.000530884444230988
0.9066249993375001,0.0005401321147646348
0.9066249993375001,0.0005495408738576248
0.90649999935,0.0005591135275705596
0.90649999935,0.0005688529308438414
0.90649999935,0.0005787619883491209
0.90649999935,0.0005888436553555884
0.90649999935,0.0005991009386113537
0.90649999935,0.0006095368972401694
0.90649999935,0.0006201546436537847
0.90649999935,0.000630957344480193
0.90649999935,0.0006419482215080359
0.9063749993625,0.0006531305526474717
0.9063749993625,0.0006645076729077792
0.9063749993625,0.0006760829753919819
0.9063749993625,0.0006878599123088067
0.9063749993625,0.000699841996002273
0.9063749993625,0.0007120327999992025
0.9063749993625,0.0007244359600749891
0.9063749993625,0.0007370551753379339
0.9062499993750001,0.0007498942093324559
0.9062499993750001,0.000762956891161532
0.9062499993750001,0.0007762471166286912
0.9062499993750001,0.0007897688493998855
0.9062499993750001,0.0008035261221856177
0.9062499993750001,0.0008175230379436493
0.9062499993750001,0.0008317637711026709
0.9062499993750001,0.0008462525688072697
0.9061249993875,0.0008609937521845999
0.9061249993875,0.000875991717633117
0.9061249993875,0.0008912509381337459
0.9061249993875,0.000906775964583904
0.9061249993875,0.0009225714271547628
0.9061249993875,0.0009386420366721355
0.9059999994,0.0009549925860214349
0.9059999994,0.0009716279515771057
0.9059999994,0.000988553094656939
0.9059999994,0.001005773063001737
0.9059999994,0.0010232929922807535
0.9059999994,0.0010411181076233397
0.9058749994125,0.0010592537251772876
0.9058749994125,0.0010777052536943214
0.9058749994125,0.0010964781961431851
0.9058749994125,0.0011155781513508508
0.9058749994125,0.0011350108156723143
0.905749999425,0.0011547819846894581
0.905749999425,0.001174897554939528
0.905749999425,0.0011953635256737177
0.905749999425,0.001216186000646368
0.905749999425,0.0012373711899353532
0.9056249994375,0.0012589254117941662
0.9056249994375,0.0012808550945362783
0.9056249994375,0.0013031667784523
0.9056249994375,0.001325867117760558
0.90549999945,0.0013489628825916532
0.90549999945,0.0013724609610075624
0.90549999945,0.0013963683610559363
0.90549999945,0.0014206922128601816
0.9053749994625,0.001445439770745928
0.9053749994625,0.0014706184154045588
0.9053749994625,0.0014962356560944327
0.9053749994625,0.0015222991328804204
0.9052499994750001,0.0015488166189124796
0.9052499994750001,0.0015757960227439235
0.9052499994750001,0.0016032453906900418
0.9052499994750001,0.0016311729092278362
0.9051249994875,0.0016595869074375598
0.9051249994875,0.0016884958594867534
0.9051249994875,0.001717908387157586
0.9049999995,0.0017478332624182174
0.9049999995,0.0017782794100389228
0.9049999995,0.0018092559102538183
0.9048749995125001,0.0018407720014689544
0.9048749995125001,0.0018728370830175484
0.9048749995125001,0.0019054607179632443
0.904749999525,0.0019386526359522057
0.904749999525,0.0019724227361148533
0.904749999525,0.00200678109001819
0.9046249995375,0.0020417379446695276
0.9046249995375,0.002077303725572563
0.9046249995375,0.0021134890398366475
0.90449999955,0.002150304679340254
0.90449999955,0.002187761623949552
0.9043749995625,0.002225871044793005
0.9043749995625,0.002264644307593057
0.9043749995625,0.0023040929760558444
0.9042499995750001,0.0023442288153199225
0.9042499995750001,0.002385063795465103
0.9041249995875,0.002426610095082414
0.9041249995875,0.002468880104906209
0.9041249995875,0.002511886431509577
0.9039999996,0.002555641901064137
0.9039999996,0.002600159563165272
0.9038749996125001,0.002645452694724046
0.9038749996125001,0.002691534803926914
0.903749999625,0.0027384196342643613
0.903749999625,0.0027861211686297663
0.9036249996375,0.002834653633489665
0.9036249996375,0.0028840315031266055
0.90349999965,0.0029342695039559644
0.90349999965,0.002985382618917957
0.9033749996625,0.0030373860919461044
0.9033749996625,0.003090295432513592
0.903249999675,0.0031441264202587927
0.903249999675,0.0031988951096913972
0.9031249996875,0.0032546178349804602
0.9029999997,0.003311311214825908
0.9029999997,0.003368992157414906
0.9028749997125001,0.003427677865464505
0.9028749997125001,0.00348738584135218
0.902749999725,0.0035481338923357532
0.9026249997375,0.003609940135864167
0.9026249997375,0.0036728230049808425
0.9024999997500001,0.0037368012538211556
0.9023749997625,0.0038018939632056127
0.9023749997625,0.003868120546330517
0.902249999775,0.003935500754557773
0.9021249997875,0.004004054683305463
0.9021249997875,0.004073802778041122
0.9019999998,0.004144765840379388
0.9018749998125,0.004216965034285822
0.901749999825,0.004290421892388849
0.901749999825,0.004365158322401657
0.9016249998375,0.004441196613655889
0.9014999998500001,0.004518559443749217
0.9013749998625,0.004597269885308718
0.901249999875,0.004677351412871981
0.901249999875,0.004758827909888171
0.9011249998875001,0.004841723675840989
0.9009999999,0.004926063433495771
0.9008749999125,0.005011872336272725
0.900749999925,0.005099175975748696
0.9006249999375,0.005188000389289609
0.9004999999500001,0.005278372067815769
0.9003749999625,0.005370317963702522
0.900249999975,0.0054638654988185395
0.9001249999875001,0.005559042572704037
0.9001249999875001,0.005655877570891533
0.9,0.005754399373371567
0.9,0.005854637363205773
0.8994440974391006,0.005956621435290097
0.8994440974391006,0.00606038200527066
0.8994440974391006,0.006165950018614822
0.8994440974391006,0.006273356959840373
0.8988881948782012,0.006382634861905483
0.8988881948782012,0.006493816315762113
0.8988881948782012,0.00660693448007595
0.8988881948782012,0.0067220230911156625
0.8983322923173017,0.006839116472814293
0.8983322923173017,0.006958249547006042
0.8983322923173017,0.0070794578438413735
0.8983322923173017,0.007202777512383406
0.8977763897564023,0.007328245331389044
0.8977763897564023,0.007455898720277809
0.8977763897564023,0.007585775750291836
0.8972204871955028,0.007717915155850128
0.8972204871955028,0.00785235634610071
0.8972204871955028,0.00798913941667404
0.8966645846346033,0.008128305161640995
0.8966645846346033,0.008269895085679308
0.8966645846346033,0.008413951416451947
0.8961086820737039,0.008560517117200949
0.8961086820737039,0.008709635899560796
0.8961086820737039,0.008861352236594995
0.8955527795128044,0.00901571137605957
0.8955527795128044,0.009172759353897785
0.8955527795128044,0.009332543007969905
0.894996876951905,0.009495109992021983
0.894996876951905,0.00966050878989812
0.894996876951905,0.009828788730000315
0.8944409743910056,0.01
0.8938850718301061,0.010555902560899439
0.8933291692692067,0.011111805121798875
0.8922173641474078,0.011667707682698314
0.8916614615865084,0.012223610243597752
0.891105559025609,0.01277951280449719
0.8899937539038101,0.013335415365396628
0.8894378513429106,0.013891317926296064
0.8888819487820112,0.014447220487195503
0.8883260462211118,0.015003123048094941
0.8872142410993129,0.015559025608994378
0.8866583385384135,0.016114928169893815
0.886102435977514,0.016670830730793253
0.8849906308557152,0.017226733291692692
0.8844347282948157,0.01778263585259213
0.8838788257339163,0.01833853841349157
0.8833229231730169,0.018894440974391004
0.882211118051218,0.019450343535290446
0.8816552154903186,0.02000624609618988
0.8810993129294191,0.02056214865708932
0.8799875078076203,0.021118051217988758
0.8794316052467208,0.021673953778888193
0.8788757026858214,0.022229856339787635
0.8777638975640225,0.02278575890068707
0.8772079950031231,0.023341661461586508
0.8766520924422236,0.023897564022485947
0.8760961898813242,0.024453466583385382
0.8749843847595253,0.025009369144284824
0.8744284821986258,0.02556527170518426
0.8738725796377264,0.0261211742660837
0.8727607745159275,0.026677076826983136
0.872204871955028,0.02723297938788257
0.8716489693941286,0.027788881948782013
0.8710930668332292,0.028344784509681448
0.8699812617114303,0.02890068707058089
0.8694253591505309,0.029456589631480325
0.8688694565896314,0.03001249219237976
0.8677576514678326,0.0305683947532792
0.8672017489069331,0.031124297314178637
0.8666458463460337,0.03168019987507808
0.8655340412242348,0.032236102435977514
0.8649781386633354,0.03279200499687695
0.864422236102436,0.03334790755777639
0.8633104309806371,0.033903810118675826
0.8627545284197377,0.03445971267957527
0.8621986258588382,0.0350156152404747
0.8616427232979388,0.03557151780137414
0.8605309181761399,0.03612742036227358
0.8599750156152405,0.036683322923173015
0.859419113054341,0.037239225484072457
0.8583073079325422,0.03779512804497189
0.8577514053716427,0.03835103060587133
0.8571955028107433,0.03890693316677077
0.8560836976889444,0.039462835727670204
0.855527795128045,0.040018738288569645
0.8549718925671456,0.04057464084946908
0.8538600874453467,0.04113054341036852
0.8533041848844473,0.04168644597126796
0.8527482823235477,0.0422423485321674
0.8516364772017488,0.042798251093066834
0.8510805746408494,0.04335415365396627
0.85052467207995,0.04391005621486571
0.8494128669581511,0.044465958775765146
0.8488569643972517,0.04502186133666459
0.8483010618363522,0.04557776389756402
0.8471892567145534,0.04613366645846346
0.8466333541536539,0.0466895690193629
0.8460774515927545,0.047245471580262335
0.8449656464709556,0.04780137414116178
0.8444097439100562,0.04835727670206121
0.8438538413491568,0.04891317926296065
0.8432979387882573,0.04946908182386009
0.8421861336664584,0.050024984384759524
0.841630231105559,0.050580886945658966
0.8410743285446596,0.0511367895065584
0.8399625234228607,0.051692692067457836
0.8394066208619613,0.05224859462835728
0.8388507183010618,0.05280449718925671
0.837738913179263,0.053360399750156155
0.8371830106183635,0.05391630231105559
0.8366271080574641,0.054472204871955025
0.8355153029356652,0.05502810743285447
0.8349594003747658,0.0555840099937539
0.8338475952529669,0.056139912554653344
0.8332916926920675,0.05669581511555278
0.832735790131168,0.05725171767645222
0.8316239850093692,0.057807620237351656
0.8310680824484697,0.05836352279825109
0.8305121798875702,0.05891942535915053
0.8294003747657713,0.05947532792004997
0.8288444722048719,0.06003123048094941
0.8282885696439725,0.060587133041848845
0.8271767645221736,0.06114303560274828
0.8266208619612742,0.06169893816364772
0.8260649594003747,0.06225484072454716
0.8249531542785759,0.0628107432854466
0.8243972517176764,0.06336664584634603
0.823841349156777,0.06392254840724547
0.8227295440349781,0.0644784509681449
0.8221736414740787,0.06503435352904434
0.8216177389131792,0.06559025608994379
0.8205059337913804,0.06614615865084322
0.8199500312304809,0.06670206121174266
0.8193941286695815,0.0672579637726421
0.8182823235477826,0.06781386633354153
0.8177264209868832,0.06836976889444098
0.8166146158650843,0.06892567145534041
0.8160587133041849,0.06948157401623985
0.8155028107432855,0.07003747657713928
0.8143910056214866,0.07059337913803872
0.8138351030605872,0.07114928169893817
0.8132792004996877,0.0717051842598376
0.8121673953778888,0.07226108682073704
0.8116114928169894,0.07281698938163647
0.81105559025609,0.0733728919425359
0.8099437851342911,0.07392879450343534
0.8093878825733917,0.07448469706433479
0.8082760774515927,0.07504059962523423
0.8077201748906933,0.07559650218613366
0.8071642723297938,0.0761524047470331
0.806052467207995,0.07670830730793253
0.8054965646470955,0.07726420986883198
0.8049406620861961,0.07782011242973141
0.8038288569643972,0.07837601499063085
0.8032729544034978,0.07893191755153028
0.8021611492816989,0.07948782011242972
0.8016052467207995,0.08004372267332917
0.8010493441599,0.0805996252342286
0.7999375390381012,0.08115552779512804
0.7993816364772017,0.08171143035602747
0.7988257339163023,0.08226733291692691
0.7977139287945034,0.08282323547782636
0.797158026233604,0.08337913803872579
0.7960462211118051,0.08393504059962523
0.7954903185509057,0.08449094316052466
0.7949344159900062,0.0850468457214241
0.7938226108682074,0.08560274828232355
0.7932667083073079,0.08615865084322298
0.7921549031855091,0.08671455340412242
0.7915990006246096,0.08727045596502185
0.7910430980637102,0.08782635852592129
0.7899312929419113,0.08838226108682073
0.7893753903810119,0.08893816364772017
0.788263585259213,0.0894940662086196
0.7877076826983136,0.09004996876951904
0.787151780137414,0.09060587133041847
0.7860399750156152,0.09116177389131792
0.7854840724547157,0.09171767645221736
0.7843722673329169,0.0922735790131168
0.7838163647720174,0.09282948157401623
0.783260462211118,0.09338538413491566
0.7821486570893191,0.09394128669581511
0.7815927545284197,0.09449718925671455
0.7804809494066208,0.09505309181761398
0.7799250468457214,0.09560899437851342
0.779369144284822,0.09616489693941285
0.7782573391630231,0.0967207995003123
0.7777014366021237,0.09727670206121174
0.7765896314803248,0.09783260462211117
0.7760337289194253,0.0983885071830106
0.7754778263585259,0.09894440974391004
0.774366021236727,0.09950031230480949
0.7738101186758276,0.10005621486570893
0.7726983135540287,0.10061211742660836
0.7721424109931293,0.1011680199875078
0.7710306058713304,0.10172392254840724
0.770474703310431,0.10227982510930668
0.7699188007495316,0.10283572767020611
0.7688069956277327,0.10339163023110555
0.7682510930668333,0.10394753279200498
0.7671392879450344,0.10450343535290443
0.766583385384135,0.10505933791380387
0.7660274828232355,0.1056152404747033
0.7649156777014365,0.10617114303560274
0.7643597751405371,0.10672704559650217
0.7632479700187382,0.10728294815740162
0.7626920674578388,0.10783885071830106
0.7615802623360399,0.10839475327920049
0.7610243597751405,0.10895065584009993
0.7599125546533416,0.10950655840099936
0.7593566520924422,0.11006246096189881
0.7588007495315428,0.11061836352279825
0.7576889444097439,0.11117426608369768
0.7571330418488444,0.11173016864459712
0.7560212367270456,0.11228607120549655
0.7554653341661461,0.112841973766396
0.7543535290443473,0.11339787632729544
0.7537976264834478,0.11395377888819487
0.752685821361649,0.1145096814490943
0.7521299188007495,0.11506558400999374
0.7515740162398501,0.11562148657089319
0.7504622111180512,0.11617738913179262
0.7499063085571518,0.11673329169269206
0.7487945034353529,0.1172891942535915
0.7482386008744535,0.11784509681449093
0.7471267957526546,0.11840099937539038
0.7465708931917552,0.11895690193628981
0.7454590880699563,0.11951280449718925
0.7449031855090569,0.12006870705808868
0.743791380387258,0.12062460961898812
0.7432354778263585,0.12118051217988757
0.742679575265459,0.121736414740787
0.7415677701436602,0.12229231730168644
0.7410118675827607,0.12284821986258587
0.7399000624609618,0.12340412242348531
0.7393441599000624,0.12396002498438476
0.7382323547782635,0.12451592754528419
0.7376764522173641,0.12507183010618364
0.7365646470955652,0.12562773266708308
0.7360087445346658,0.1261836352279825
0.7348969394128669,0.12673953778888195
0.7343410368519675,0.12729544034978138
0.7332292317301686,0.12785134291068082
0.7326733291692692,0.12840724547158025
0.7315615240474703,0.12896314803247969
0.7310056214865709,0.12951905059337915
0.729893816364772,0.13007495315427858
0.7293379138038726,0.13063085571517802
0.7282261086820737,0.13118675827607745
0.7276702061211743,0.1317426608369769
0.7265584009993754,0.13229856339787632
0.726002498438476,0.13285446595877576
0.7248906933166771,0.1334103685196752
0.7243347907557777,0.13396627108057463
0.7232229856339788,0.1345221736414741
0.7226670830730794,0.13507807620237353
0.7215552779512804,0.13563397876327296
0.720999375390381,0.1361898813241724
0.7198875702685821,0.13674578388507183
0.7193316677076826,0.13730168644597127
0.7182198625858838,0.1378575890068707
0.7176639600249843,0.13841349156777014
0.7165521549031855,0.1389693941286696
0.715996252342286,0.13952529668956903
0.7148844472204872,0.14008119925046847
0.7143285446595877,0.1406371018113679
0.7132167395377889,0.14119300437226734
0.7126608369768894,0.14174890693316677
0.7115490318550906,0.1423048094940662
0.7109931292941911,0.14286071205496564
0.7098813241723922,0.14341661461586508
0.7093254216114928,0.14397251717676451
0.7082136164896939,0.14452841973766398
0.7076577139287945,0.1450843222985634
0.7065459088069956,0.14564022485946285
0.7054341036851968,0.14619612742036228
0.7048782011242973,0.14675202998126172
0.7037663960024985,0.14730793254216115
0.703210493441599,0.1478638351030606
0.7020986883198002,0.14841973766396002
0.7015427857589007,0.14897564022485946
0.7004309806371019,0.1495315427857589
0.6998750780762024,0.15008744534665835
0.6987632729544034,0.1506433479075578
0.698207370393504,0.15119925046845722
0.6970955652717051,0.15175515302935666
0.6959837601499063,0.1523110555902561
0.6954278575890068,0.15286695815115553
0.694316052467208,0.15342286071205496
0.6937601499063085,0.1539787632729544
0.6926483447845097,0.15453466583385383
0.6920924422236102,0.1550905683947533
0.6909806371018113,0.15564647095565273
0.6898688319800125,0.15620237351655217
0.689312929419113,0.1567582760774516
0.6882011242973142,0.15731417863835104
0.6876452217364147,0.15787008119925047
0.6865334166146159,0.1584259837601499
0.6859775140537164,0.15898188632104934
0.6848657089319176,0.15953778888194878
0.6837539038101187,0.1600936914428482
0.6831980012492193,0.16064959400374768
0.6820861961274204,0.1612054965646471
0.681530293566521,0.16176139912554655
0.6804184884447221,0.16231730168644598
0.6793066833229232,0.16287320424734542
0.6787507807620238,0.16342910680824485
0.6776389756402248,0.16398500936914429
0.6770830730793254,0.16454091193004372
0.6759712679575265,0.16509681449094316
0.6748594628357276,0.1656527170518426
0.6743035602748282,0.16620861961274205
0.6731917551530293,0.1667645221736415
0.6726358525921299,0.16732042473454092
0.671524047470331,0.16787632729544036
0.6704122423485321,0.1684322298563398
0.6698563397876327,0.16898813241723923
0.6687445346658338,0.16954403497813866
0.667632729544035,0.1700999375390381
0.6670768269831355,0.17065584009993753
0.6659650218613367,0.17121174266083697
0.6654091193004372,0.17176764522173643
0.6642973141786384,0.17232354778263587
0.6631855090568395,0.1728794503435353
0.66262960649594,0.17343535290443474
0.6615178013741412,0.17399125546533417
0.6604059962523423,0.1745471580262336
0.6598500936914429,0.17510306058713304
0.658738288569644,0.17565896314803248
0.6576264834478451,0.1762148657089319
0.6570705808869457,0.17677076826983135
0.6559587757651468,0.1773266708307308
0.6548469706433478,0.17788257339163024
0.6542910680824484,0.17843847595252968
0.6531792629606495,0.17899437851342911
0.6520674578388507,0.17955028107432855
0.6515115552779512,0.18010618363522798
0.6503997501561524,0.18066208619612742
0.6492879450343535,0.18121798875702685
0.6487320424734541,0.1817738913179263
0.6476202373516552,0.18232979387882572
0.6465084322298563,0.1828856964397252
0.6459525296689569,0.18344159900062462
0.644840724547158,0.18399750156152406
0.6437289194253591,0.1845534041224235
0.6431730168644597,0.18510930668332293
0.6420612117426608,0.18566520924422236
0.640949406620862,0.1862211118051218
0.6398376014990631,0.18677701436602123
0.6392816989381637,0.18733291692692067
0.6381698938163648,0.1878888194878201
0.6370580886945659,0.18844472204871957
0.6365021861336665,0.189000624609619
0.6353903810118676,0.18955652717051844
0.6342785758900688,0.19011242973141787
0.6331667707682698,0.1906683322923173
0.6326108682073703,0.19122423485321674
0.6314990630855715,0.19178013741411618
0.6303872579637726,0.1923360399750156
0.6292754528419737,0.19289194253591505
0.6287195502810743,0.1934478450968145
0.6276077451592754,0.19400374765771394
0.6264959400374766,0.19455965021861338
0.6253841349156777,0.1951155527795128
0.6248282323547782,0.19567145534041225
0.6237164272329794,0.19622735790131168
0.6226046221111805,0.19678326046221112
0.6214928169893816,0.19733916302311055
0.6203810118675828,0.19789506558401
0.6198251093066833,0.19845096814490942
0.6187133041848845,0.19900687070580889
0.6176014990630856,0.19956277326670832
0.6164896939412867,0.20011867582760776
0.6159337913803873,0.2006745783885072
0.6148219862585884,0.20123048094940663
0.6137101811367895,0.20178638351030606
0.6125983760149907,0.2023422860712055
0.6114865708931917,0.20289818863210493
0.6103747657713928,0.20345409119300437
0.6098188632104934,0.2040099937539038
0.6087070580886945,0.20456589631480326
0.6075952529668956,0.2051217988757027
0.6064834478450968,0.20567770143660213
0.6053716427232979,0.20623360399750157
0.604259837601499,0.206789506558401
0.6037039350405996,0.20734540911930044
0.6025921299188007,0.20790131168019987
0.6014803247970019,0.2084572142410993
0.600368519675203,0.20901311680199874
0.5992567145534041,0.20956901936289818
0.5981449094316053,0.21012492192379764
0.5970331043098064,0.21068082448469708
0.596477201748907,0.2112367270455965
0.5953653966271081,0.21179262960649595
0.5942535915053092,0.21234853216739538
0.5931417863835103,0.21290443472829482
0.5920299812617115,0.21346033728919425
0.5909181761399126,0.2140162398500937
0.5898063710181136,0.21457214241099312
0.5886945658963147,0.21512804497189256
0.5875827607745159,0.21568394753279202
0.586470955652717,0.21623985009369145
0.5853591505309181,0.2167957526545909
0.5848032479700187,0.21735165521549032
0.5836914428482198,0.21790755777638976
0.582579637726421,0.2184634603372892
0.5814678326046221,0.21901936289818863
0.5803560274828232,0.21957526545908806
0.5792442223610244,0.2201311680199875
0.5781324172392255,0.22068707058088693
0.5770206121174266,0.2212429731417864
0.5759088069956277,0.22179887570268583
0.5747970018738289,0.22235477826358527
0.57368519675203,0.2229106808244847
0.5725733916302311,0.22346658338538414
0.5714615865084323,0.22402248594628357
0.5703497813866334,0.224578388507183
0.5692379762648345,0.22513429106808244
0.5681261711430355,0.22569019362898188
0.5670143660212367,0.22624609618988134
0.5659025608994378,0.22680199875078078
0.5647907557776389,0.2273579013116802
0.5636789506558401,0.22791380387257965
0.5625671455340412,0.22846970643347908
0.5608994378513429,0.22902560899437852
0.559787632729544,0.22958151155527795
0.5586758276077451,0.23013741411617739
0.5575640224859463,0.23069331667707682
0.5564522173641474,0.23124921923797626
0.5553404122423485,0.23180512179887572
0.5542286071205497,0.23236102435977515
0.5531168019987508,0.2329169269206746
0.5520049968769519,0.23347282948157402
0.5503372891942536,0.23402873204247346
0.5492254840724548,0.2345846346033729
0.5481136789506559,0.23514053716427233
0.547001873828857,0.23569643972517176
0.545890068707058,0.2362523422860712
0.5447782635852592,0.23680824484697063
0.5431105559025609,0.2373641474078701
0.541998750780762,0.23792004996876953
0.5408869456589631,0.23847595252966897
0.5397751405371642,0.2390318550905684
0.5386633354153654,0.23958775765146784
0.5369956277326671,0.24014366021236727
0.5358838226108682,0.2406995627732667
0.5347720174890693,0.24125546533416614
0.5336602123672705,0.24181136789506558
0.5319925046845722,0.242367270455965
0.5308806995627733,0.24292317301686447
0.5297688944409744,0.2434790755777639
0.5281011867582761,0.24403497813866334
0.5269893816364772,0.24459088069956278
0.5258775765146784,0.24514678326046221
0.52420986883198,0.24570268582136165
0.5230980637101811,0.24625858838226108
0.5219862585883822,0.24681449094316052
0.5203185509056839,0.24737039350405995
0.519206745783885,0.2479262960649594
0.5175390381011867,0.24848219862585885
0.5164272329793879,0.2490381011867583
0.5147595252966896,0.24959400374765772
0.5136477201748907,0.25014990630855716
0.5125359150530918,0.2507058088694566
0.5108682073703935,0.251261711430356
0.5097564022485946,0.25181761399125546
0.5080886945658963,0.2523735165521549
0.5064209868831979,0.25292941911305433
0.505309181761399,0.25348532167395377
0.5036414740787007,0.2540412242348532
0.5025296689569019,0.25459712679575264
0.5008619612742036,0.2551530293566521
0.4991942535915053,0.2557089319175515
0.49808244846970645,0.25626483447845094
0.4964147407870081,0.2568207370393504
0.4947470331043098,0.2573766396002498
0.4936352279825109,0.25793254216114925
0.4919675202998126,0.2584884447220487
0.4902998126171143,0.2590443472829482
0.48918800749531544,0.2596002498438476
0.48752029981261713,0.26015615240474704
0.48585259212991877,0.2607120549656465
0.48418488444722046,0.2612679575265459
0.48251717676452216,0.26182386008744535
0.48084946908182385,0.2623797626483448
0.47918176139912555,0.2629356652092442
0.47751405371642724,0.26349156777014365
0.47584634603372894,0.2640474703310431
0.4741786383510306,0.2646033728919425
0.4725109306683323,0.26515927545284196
0.47084322298563397,0.2657151780137414
0.46917551530293566,0.26627108057464083
0.46750780762023736,0.26682698313554026
0.46584009993753905,0.26738288569643975
0.46361648969394126,0.2679387882573392
0.46194878201124295,0.2684946908182386
0.46028107432854465,0.26905059337913806
0.4580574640849469,0.2696064959400375
0.4563897564022486,0.27016239850093693
0.4547220487195503,0.27071830106183636
0.4524984384759525,0.2712742036227358
0.45027482823235476,0.27183010618363523
0.44860712054965646,0.27238600874453467
0.4463835103060587,0.2729419113054341
0.444159900062461,0.27349781386633354
0.4419362898188632,0.274053716427233
0.43971267957526544,0.2746096189881324
0.4374890693316677,0.27516552154903184
0.43526545908806996,0.2757214241099313
0.4330418488444722,0.2762773266708307
0.4308182386008744,0.27683322923173015
0.42803872579637725,0.2773891317926296
0.4258151155527795,0.277945034353529
0.42303560274828234,0.2785009369144285
0.4202560899437851,0.27905683947532794
0.41747657713928793,0.2796127420362274
0.41469706433479075,0.2801686445971268
0.41136164896939414,0.28072454715802625
0.4080262336039975,0.2812804497189257
0.40469081823860087,0.2818363522798251
0.4007995003123048,0.28239225484072455
0.3969081823860087,0.282948157401624
0.39246096189881324,0.2835040599625234
0.38801374141161776,0.28405996252342286
0.3818988132417239,0.2846158650843223
0.3746720799500312,0.28517176764522173
