phi1,phi2
0.2212429731417864,0.11951280449718925
0.21457214241099312,0.12006870705808868
0.21012492192379764,0.12062460961898812
0.20623360399750157,0.12118051217988757
0.20289818863210493,0.121736414740787
0.19956277326670832,0.12229231730168644
0.19678326046221112,0.12284821986258587
0.19455965021861338,0.12340412242348531
0.1923360399750156,0.12396002498438476
0.19011242973141787,0.12451592754528419
0.1878888194878201,0.12507183010618364
0.1862211118051218,0.12562773266708308
0.1845534041224235,0.1261836352279825
0.1828856964397252,0.12673953778888195
0.18121798875702685,0.12729544034978138
0.17955028107432855,0.12785134291068082
0.17788257339163024,0.12840724547158025
0.17677076826983135,0.12896314803247969
0.17510306058713304,0.12951905059337915
0.17399125546533417,0.13007495315427858
0.1728794503435353,0.13063085571517802
0.17176764522173643,0.13118675827607745
0.1700999375390381,0.1317426608369769
0.16898813241723923,0.13229856339787632
0.16787632729544036,0.13285446595877576
0.16732042473454092,0.1334103685196752
0.16620861961274205,0.13396627108057463
0.16509681449094316,0.1345221736414741
0.16398500936914429,0.13507807620237353
0.16287320424734542,0.13563397876327296
0.16231730168644598,0.1361898813241724
0.1612054965646471,0.13674578388507183
0.16064959400374768,0.13730168644597127
0.15953778888194878,0.1378575890068707
0.15898188632104934,0.13841349156777014
0.15787008119925047,0.1389693941286696
0.15731417863835104,0.13952529668956903
0.15620237351655217,0.14008119925046847
0.15564647095565273,0.1406371018113679
0.1550905683947533,0.14119300437226734
0.1539787632729544,0.14174890693316677
0.15342286071205496,0.1423048094940662
0.15286695815115553,0.14286071205496564
0.1523110555902561,0.14341661461586508
0.15175515302935666,0.14397251717676451
0.1506433479075578,0.14452841973766398
0.15008744534665835,0.1450843222985634
0.1495315427857589,0.14564022485946285
0.14897564022485946,0.14619612742036228
0.14841973766396002,0.14675202998126172
0.1478638351030606,0.14730793254216115
0.14730793254216115,0.1478638351030606
0.14675202998126172,0.14841973766396002
0.14619612742036228,0.14897564022485946
0.14564022485946285,0.1495315427857589
0.1450843222985634,0.15008744534665835
0.14452841973766398,0.1506433479075578
0.14397251717676451,0.15119925046845722
0.14397251717676451,0.15175515302935666
0.14341661461586508,0.1523110555902561
0.14286071205496564,0.15286695815115553
0.1423048094940662,0.15342286071205496
0.14174890693316677,0.1539787632729544
0.14119300437226734,0.15453466583385383
0.14119300437226734,0.1550905683947533
0.1406371018113679,0.15564647095565273
0.14008119925046847,0.15620237351655217
0.13952529668956903,0.1567582760774516
0.13952529668956903,0.15731417863835104
0.1389693941286696,0.15787008119925047
0.13841349156777014,0.1584259837601499
0.13841349156777014,0.15898188632104934
0.1378575890068707,0.15953778888194878
0.13730168644597127,0.1600936914428482
0.13730168644597127,0.16064959400374768
0.13674578388507183,0.1612054965646471
0.1361898813241724,0.16176139912554655
0.1361898813241724,0.16231730168644598
0.13563397876327296,0.16287320424734542
0.13507807620237353,0.16342910680824485
0.13507807620237353,0.16398500936914429
0.1345221736414741,0.16454091193004372
0.1345221736414741,0.16509681449094316
0.13396627108057463,0.1656527170518426
0.13396627108057463,0.16620861961274205
0.1334103685196752,0.1667645221736415
0.1334103685196752,0.16732042473454092
0.13285446595877576,0.16787632729544036
0.13229856339787632,0.1684322298563398
0.13229856339787632,0.16898813241723923
0.1317426608369769,0.16954403497813866
0.1317426608369769,0.1700999375390381
0.13118675827607745,0.17065584009993753
0.13118675827607745,0.17121174266083697
0.13118675827607745,0.17176764522173643
0.13063085571517802,0.17232354778263587
0.13063085571517802,0.1728794503435353
0.13007495315427858,0.17343535290443474
0.13007495315427858,0.17399125546533417
0.12951905059337915,0.1745471580262336
0.12951905059337915,0.17510306058713304
0.12896314803247969,0.17565896314803248
0.12896314803247969,0.1762148657089319
0.12896314803247969,0.17677076826983135
0.12840724547158025,0.1773266708307308
0.12840724547158025,0.17788257339163024
0.12785134291068082,0.17843847595252968
0.12785134291068082,0.17899437851342911
0.12785134291068082,0.17955028107432855
0.12729544034978138,0.18010618363522798
0.12729544034978138,0.18066208619612742
0.12729544034978138,0.18121798875702685
0.12673953778888195,0.1817738913179263
0.12673953778888195,0.18232979387882572
0.12673953778888195,0.1828856964397252
0.1261836352279825,0.18344159900062462
0.1261836352279825,0.18399750156152406
0.1261836352279825,0.1845534041224235
0.12562773266708308,0.18510930668332293
0.12562773266708308,0.18566520924422236
0.12562773266708308,0.1862211118051218
0.12507183010618364,0.18677701436602123
0.12507183010618364,0.18733291692692067
0.12507183010618364,0.1878888194878201
0.12451592754528419,0.18844472204871957
0.12451592754528419,0.189000624609619
0.12451592754528419,0.18955652717051844
0.12451592754528419,0.19011242973141787
0.12396002498438476,0.1906683322923173
0.12396002498438476,0.19122423485321674
0.12396002498438476,0.19178013741411618
0.12396002498438476,0.1923360399750156
0.12340412242348531,0.19289194253591505
0.12340412242348531,0.1934478450968145
0.12340412242348531,0.19400374765771394
0.12340412242348531,0.19455965021861338
0.12284821986258587,0.1951155527795128
0.12284821986258587,0.19567145534041225
0.12284821986258587,0.19622735790131168
0.12284821986258587,0.19678326046221112
0.12229231730168644,0.19733916302311055
0.12229231730168644,0.19789506558401
0.12229231730168644,0.19845096814490942
0.12229231730168644,0.19900687070580889
0.12229231730168644,0.19956277326670832
0.121736414740787,0.20011867582760776
0.121736414740787,0.2006745783885072
0.121736414740787,0.20123048094940663
0.121736414740787,0.20178638351030606
0.121736414740787,0.2023422860712055
0.121736414740787,0.20289818863210493
0.12118051217988757,0.20345409119300437
0.12118051217988757,0.2040099937539038
0.12118051217988757,0.20456589631480326
0.12118051217988757,0.2051217988757027
0.12118051217988757,0.20567770143660213
0.12118051217988757,0.20623360399750157
0.12062460961898812,0.206789506558401
0.12062460961898812,0.20734540911930044
0.12062460961898812,0.20790131168019987
0.12062460961898812,0.2084572142410993
0.12062460961898812,0.20901311680199874
0.12062460961898812,0.20956901936289818
0.12062460961898812,0.21012492192379764
0.12006870705808868,0.21068082448469708
0.12006870705808868,0.2112367270455965
0.12006870705808868,0.21179262960649595
0.12006870705808868,0.21234853216739538
0.12006870705808868,0.21290443472829482
0.12006870705808868,0.21346033728919425
0.12006870705808868,0.2140162398500937
0.12006870705808868,0.21457214241099312
0.11951280449718925,0.21512804497189256
0.11951280449718925,0.21568394753279202
0.11951280449718925,0.21623985009369145
0.11951280449718925,0.2167957526545909
0.11951280449718925,0.21735165521549032
0.11951280449718925,0.21790755777638976
0.11951280449718925,0.2184634603372892
0.11951280449718925,0.21901936289818863
0.11951280449718925,0.21957526545908806
0.11951280449718925,0.2201311680199875
0.11951280449718925,0.22068707058088693
0.11951280449718925,0.2212429731417864
0.11895690193628981,0.22179887570268583
0.11895690193628981,0.22235477826358527
0.11895690193628981,0.2229106808244847
0.11895690193628981,0.22346658338538414
0.11895690193628981,0.22402248594628357
0.11895690193628981,0.224578388507183
0.11895690193628981,0.22513429106808244
0.11895690193628981,0.22569019362898188
0.11895690193628981,0.22624609618988134
0.11895690193628981,0.22680199875078078
0.11895690193628981,0.2273579013116802
0.11895690193628981,0.22791380387257965
0.11895690193628981,0.22846970643347908
0.11895690193628981,0.22902560899437852
0.11895690193628981,0.22958151155527795
0.11895690193628981,0.23013741411617739
0.11895690193628981,0.23069331667707682
0.11895690193628981,0.23124921923797626
0.11895690193628981,0.23180512179887572
0.11895690193628981,0.23236102435977515
0.11895690193628981,0.2329169269206746
0.11895690193628981,0.23347282948157402
0.11895690193628981,0.23402873204247346
0.11895690193628981,0.2345846346033729
0.11895690193628981,0.23514053716427233
0.11895690193628981,0.23569643972517176
0.11895690193628981,0.2362523422860712
0.11895690193628981,0.23680824484697063
0.11895690193628981,0.2373641474078701
0.11895690193628981,0.23792004996876953
0.11895690193628981,0.23847595252966897
0.11895690193628981,0.2390318550905684
0.11895690193628981,0.23958775765146784
0.11895690193628981,0.24014366021236727
0.11895690193628981,0.2406995627732667
0.11895690193628981,0.24125546533416614
0.11895690193628981,0.24181136789506558
0.11895690193628981,0.242367270455965
0.11895690193628981,0.24292317301686447
0.11895690193628981,0.2434790755777639
0.11895690193628981,0.24403497813866334
0.11895690193628981,0.24459088069956278
0.11895690193628981,0.24514678326046221
0.11895690193628981,0.24570268582136165
0.11895690193628981,0.24625858838226108
0.11895690193628981,0.24681449094316052
0.11895690193628981,0.24737039350405995
0.11895690193628981,0.2479262960649594
0.11895690193628981,0.24848219862585885
0.11895690193628981,0.2490381011867583
0.11895690193628981,0.24959400374765772
0.11895690193628981,0.25014990630855716
0.11895690193628981,0.2507058088694566
0.11951280449718925,0.251261711430356
0.11951280449718925,0.25181761399125546
0.11951280449718925,0.2523735165521549
0.11951280449718925,0.25292941911305433
0.11951280449718925,0.25348532167395377
0.11951280449718925,0.2540412242348532
0.11951280449718925,0.25459712679575264
0.11951280449718925,0.2551530293566521
0.11951280449718925,0.2557089319175515
0.11951280449718925,0.25626483447845094
0.11951280449718925,0.2568207370393504
0.11951280449718925,0.2573766396002498
0.11951280449718925,0.25793254216114925
0.12006870705808868,0.2584884447220487
0.12006870705808868,0.2590443472829482
0.12006870705808868,0.2596002498438476
0.12006870705808868,0.26015615240474704
0.12006870705808868,0.2607120549656465
0.12006870705808868,0.2612679575265459
0.12006870705808868,0.26182386008744535
0.12006870705808868,0.2623797626483448
0.12006870705808868,0.2629356652092442
0.12006870705808868,0.26349156777014365
0.12062460961898812,0.2640474703310431
0.12062460961898812,0.2646033728919425
0.12062460961898812,0.26515927545284196
0.12062460961898812,0.2657151780137414
0.12062460961898812,0.26627108057464083
0.12062460961898812,0.26682698313554026
0.12062460961898812,0.26738288569643975
0.12062460961898812,0.2679387882573392
0.12118051217988757,0.2684946908182386
0.12118051217988757,0.26905059337913806
0.12118051217988757,0.2696064959400375
0.12118051217988757,0.27016239850093693
0.12118051217988757,0.27071830106183636
0.12118051217988757,0.2712742036227358
0.12118051217988757,0.27183010618363523
0.121736414740787,0.27238600874453467
0.121736414740787,0.2729419113054341
0.121736414740787,0.27349781386633354
0.121736414740787,0.274053716427233
0.121736414740787,0.2746096189881324
0.121736414740787,0.27516552154903184
0.121736414740787,0.2757214241099313
0.12229231730168644,0.2762773266708307
0.12229231730168644,0.27683322923173015
0.12229231730168644,0.2773891317926296
0.12229231730168644,0.277945034353529
0.12229231730168644,0.2785009369144285
0.12229231730168644,0.27905683947532794
0.12284821986258587,0.2796127420362274
0.12284821986258587,0.2801686445971268
0.12284821986258587,0.28072454715802625
0.12284821986258587,0.2812804497189257
0.12284821986258587,0.2818363522798251
0.12284821986258587,0.28239225484072455
0.12340412242348531,0.282948157401624
0.12340412242348531,0.2835040599625234
0.12340412242348531,0.28405996252342286
0.12340412242348531,0.2846158650843223
0.12340412242348531,0.28517176764522173
0.12396002498438476,0.28572767020612116
0.12396002498438476,0.2862835727670206
0.12396002498438476,0.28683947532792003
0.12396002498438476,0.28739537788881947
0.12396002498438476,0.2879512804497189
0.12451592754528419,0.28850718301061834
0.12451592754528419,0.2890630855715178
0.12451592754528419,0.28961898813241727
0.12451592754528419,0.2901748906933167
0.12451592754528419,0.29073079325421614
0.12507183010618364,0.29128669581511557
0.12507183010618364,0.291842598376015
0.12507183010618364,0.29239850093691444
0.12507183010618364,0.2929544034978139
0.12507183010618364,0.2935103060587133
0.12562773266708308,0.29406620861961275
0.12562773266708308,0.2946221111805122
0.12562773266708308,0.2951780137414116
0.12562773266708308,0.29573391630231105
0.1261836352279825,0.2962898188632105
0.1261836352279825,0.2968457214241099
0.1261836352279825,0.29740162398500936
0.1261836352279825,0.2979575265459088
0.12673953778888195,0.2985134291068082
0.12673953778888195,0.29906933166770766
0.12673953778888195,0.2996252342286071
0.12673953778888195,0.3001811367895066
0.12729544034978138,0.300737039350406
0.12729544034978138,0.30129294191130546
0.12729544034978138,0.3018488444722049
0.12729544034978138,0.3024047470331043
0.12785134291068082,0.30296064959400376
0.12785134291068082,0.3035165521549032
0.12785134291068082,0.30407245471580263
0.12785134291068082,0.30462835727670207
0.12840724547158025,0.3051842598376015
0.12840724547158025,0.30574016239850094
0.12840724547158025,0.30629606495940037
0.12896314803247969,0.3068519675202998
0.12896314803247969,0.30740787008119924
0.12896314803247969,0.3079637726420987
0.12896314803247969,0.3085196752029981
0.12951905059337915,0.30907557776389755
0.12951905059337915,0.309631480324797
0.12951905059337915,0.3101873828856964
0.13007495315427858,0.31074328544659585
0.13007495315427858,0.31129918800749534
0.13007495315427858,0.3118550905683948
0.13007495315427858,0.3124109931292942
0.13063085571517802,0.31296689569019365
0.13063085571517802,0.3135227982510931
0.13063085571517802,0.3140787008119925
0.13118675827607745,0.31463460337289195
0.13118675827607745,0.3151905059337914
0.13118675827607745,0.3157464084946908
0.1317426608369769,0.31630231105559026
0.1317426608369769,0.3168582136164897
0.1317426608369769,0.3174141161773891
0.13229856339787632,0.31797001873828856
0.13229856339787632,0.318525921299188
0.13229856339787632,0.31908182386008743
0.13285446595877576,0.31963772642098687
0.13285446595877576,0.3201936289818863
0.13285446595877576,0.32074953154278574
0.1334103685196752,0.3213054341036852
0.1334103685196752,0.3218613366645846
0.1334103685196752,0.3224172392254841
0.13396627108057463,0.32297314178638353
0.13396627108057463,0.32352904434728297
0.13396627108057463,0.3240849469081824
0.1345221736414741,0.32464084946908184
0.1345221736414741,0.3251967520299813
0.13507807620237353,0.3257526545908807
0.13507807620237353,0.32630855715178014
0.13507807620237353,0.3268644597126796
0.13563397876327296,0.327420362273579
0.13563397876327296,0.32797626483447845
0.13563397876327296,0.3285321673953779
0.1361898813241724,0.3290880699562773
0.1361898813241724,0.32964397251717675
0.13674578388507183,0.3301998750780762
0.13674578388507183,0.3307557776389756
0.13674578388507183,0.33131168019987506
0.13730168644597127,0.3318675827607745
0.13730168644597127,0.33242348532167393
0.1378575890068707,0.3329793878825734
0.1378575890068707,0.33353529044347285
0.1378575890068707,0.3340911930043723
0.13841349156777014,0.3346470955652717
0.13841349156777014,0.33520299812617116
0.1389693941286696,0.3357589006870706
0.1389693941286696,0.33631480324797003
0.13952529668956903,0.33687070580886946
0.13952529668956903,0.3374266083697689
0.13952529668956903,0.33798251093066833
0.14008119925046847,0.33853841349156777
0.14008119925046847,0.3390943160524672
0.1406371018113679,0.33965021861336664
0.1406371018113679,0.3402061211742661
0.14119300437226734,0.3407620237351655
0.14119300437226734,0.34131792629606494
0.14174890693316677,0.3418738288569644
0.14174890693316677,0.3424297314178638
0.1423048094940662,0.34298563397876325
0.1423048094940662,0.3435415365396627
0.1423048094940662,0.3440974391005622
0.14286071205496564,0.3446533416614616
0.14286071205496564,0.34520924422236104
0.14341661461586508,0.3457651467832605
0.14341661461586508,0.3463210493441599
0.14397251717676451,0.34687695190505935
0.14397251717676451,0.3474328544659588
0.14452841973766398,0.3479887570268582
0.14452841973766398,0.34854465958775765
0.1450843222985634,0.3491005621486571
0.1450843222985634,0.3496564647095565
0.14564022485946285,0.35021236727045596
0.14564022485946285,0.3507682698313554
0.14619612742036228,0.35132417239225483
0.14675202998126172,0.35188007495315426
0.14675202998126172,0.3524359775140537
0.14730793254216115,0.35299188007495313
0.14730793254216115,0.35354778263585257
0.1478638351030606,0.354103685196752
0.1478638351030606,0.35465958775765144
0.14841973766396002,0.35521549031855093
0.14841973766396002,0.35577139287945037
0.14897564022485946,0.3563272954403498
0.1495315427857589,0.35688319800124924
0.1495315427857589,0.35743910056214867
0.15008744534665835,0.3579950031230481
0.15008744534665835,0.35855090568394754
0.1506433479075578,0.359106808244847
0.15119925046845722,0.3596627108057464
0.15119925046845722,0.36021861336664585
0.15175515302935666,0.3607745159275453
0.15175515302935666,0.3613304184884447
0.1523110555902561,0.36188632104934415
0.15286695815115553,0.3624422236102436
0.15286695815115553,0.362998126171143
0.15342286071205496,0.36355402873204246
0.1539787632729544,0.3641099312929419
0.1539787632729544,0.3646658338538413
0.15453466583385383,0.36522173641474076
0.1550905683947533,0.3657776389756402
0.1550905683947533,0.3663335415365397
0.15564647095565273,0.3668894440974391
0.15620237351655217,0.36744534665833856
0.15620237351655217,0.368001249219238
0.1567582760774516,0.3685571517801374
0.15731417863835104,0.36911305434103686
0.15787008119925047,0.3696689569019363
0.15787008119925047,0.37022485946283573
0.1584259837601499,0.37078076202373517
0.15898188632104934,0.3713366645846346
0.15953778888194878,0.37189256714553404
0.15953778888194878,0.37244846970643347
0.1600936914428482,0.3730043722673329
0.16064959400374768,0.37356027482823234
0.1612054965646471,0.3741161773891318
0.16176139912554655,0.3746720799500312
0.16231730168644598,0.37522798251093065
0.16231730168644598,0.3757838850718301
0.16287320424734542,0.3763397876327295
0.16342910680824485,0.376895690193629
0.16398500936914429,0.37745159275452844
0.16454091193004372,0.3780074953154279
0.16509681449094316,0.3785633978763273
0.1656527170518426,0.37911930043722675
0.16620861961274205,0.3796752029981262
0.1667645221736415,0.3802311055590256
0.16732042473454092,0.38078700811992505
0.16787632729544036,0.3813429106808245
0.1684322298563398,0.3818988132417239
0.1684322298563398,0.38245471580262336
0.16954403497813866,0.3830106183635228
0.1700999375390381,0.3835665209244222
0.17065584009993753,0.38412242348532166
0.17121174266083697,0.3846783260462211
0.17176764522173643,0.38523422860712053
0.17232354778263587,0.38579013116801997
0.1728794503435353,0.3863460337289194
0.17343535290443474,0.38690193628981884
0.17399125546533417,0.3874578388507183
0.1745471580262336,0.38801374141161776
0.17510306058713304,0.3885696439725172
0.1762148657089319,0.38912554653341663
0.17677076826983135,0.38968144909431607
0.1773266708307308,0.3902373516552155
0.17788257339163024,0.39079325421611494
0.17899437851342911,0.3913491567770144
0.17955028107432855,0.3919050593379138
0.18010618363522798,0.39246096189881324
0.18121798875702685,0.3930168644597127
0.1817738913179263,0.3935727670206121
0.1828856964397252,0.39412866958151155
0.18344159900062462,0.394684572142411
0.18399750156152406,0.3952404747033104
0.18510930668332293,0.39579637726420985
0.1862211118051218,0.3963522798251093
0.18677701436602123,0.3969081823860087
0.1878888194878201,0.39746408494690816
0.189000624609619,0.3980199875078076
0.18955652717051844,0.39857589006870703
0.1906683322923173,0.3991317926296065
0.19178013741411618,0.39968769519050595
0.19289194253591505,0.4002435977514054
0.19400374765771394,0.4007995003123048
0.1951155527795128,0.40135540287320426
0.19622735790131168,0.4019113054341037
0.19733916302311055,0.40246720799500313
0.19845096814490942,0.40302311055590256
0.20011867582760776,0.403579013116802
0.20123048094940663,0.40413491567770143
0.20289818863210493,0.40469081823860087
0.2040099937539038,0.4052467207995003
0.20567770143660213,0.40580262336039974
0.20734540911930044,0.4063585259212992
0.20956901936289818,0.4069144284821986
0.2112367270455965,0.40747033104309804
0.2140162398500937,0.4080262336039975
0.21623985009369145,0.4085821361648969
0.21957526545908806,0.40913803872579635
0.22346658338538414,0.40969394128669584
3.0725573652674454e-08,1.0174193661806055e-08
0.9979999902,1.0174193661806055e-08
9.772372209558111e-08,1.035142166679343e-08
1.61250102733774e-07,1.035142166679343e-08
6.7220230911156625e-06,1.035142166679343e-08
0.1584259837601499,1.035142166679343e-08
0.46861961274203623,1.035142166679343e-08
0.9958749904124999,1.035142166679343e-08
7.943282347242822e-08,1.0531736871297159e-08
2.053525026457146e-07,1.0531736871297159e-08
5.04080619102669e-07,1.0531736871297159e-08
3.651741272548377e-05,1.0531736871297159e-08
0.009495109992021983,1.0531736871297159e-08
0.056139912554653344,1.0531736871297159e-08
0.09116177389131792,1.0531736871297159e-08
0.10617114303560274,1.0531736871297159e-08
0.17843847595252968,1.0531736871297159e-08
0.20790131168019987,1.0531736871297159e-08
0.224578388507183,1.0531736871297159e-08
0.29573391630231105,1.0531736871297159e-08
0.4964147407870081,1.0531736871297159e-08
0.644840724547158,1.0531736871297159e-08
0.7187757651467832,1.0531736871297159e-08
0.7499063085571518,1.0531736871297159e-08
0.7710306058713304,1.0531736871297159e-08
0.7921549031855091,1.0531736871297159e-08
0.81105559025609,1.0531736871297159e-08
0.9156249984375,1.0531736871297159e-08
0.925749997425,1.0531736871297159e-08
0.951749994825,1.0531736871297159e-08
1.2516992730317255e-08,1.0715193052376071e-08
1.1816803125447831e-07,1.0715193052376071e-08
5.688529308438413e-07,1.0715193052376071e-08
9.386420366721356e-07,1.0715193052376071e-08
6.130557921498202e-05,1.0715193052376071e-08
0.00022777182418573218,1.0715193052376071e-08
0.0003758374042884443,1.0715193052376071e-08
0.0006531305526474715,1.0715193052376071e-08
0.0034276778654645044,1.0715193052376071e-08
0.005559042572704037,1.0715193052376071e-08
0.05669581511555278,1.0715193052376071e-08
0.0850468457214241,1.0715193052376071e-08
0.13952529668956903,1.0715193052376071e-08
0.16620861961274205,1.0715193052376071e-08
0.21290443472829482,1.0715193052376071e-08
0.2623797626483448,1.0715193052376071e-08
0.29406620861961275,1.0715193052376071e-08
0.31074328544659585,1.0715193052376071e-08
0.4208119925046846,1.0715193052376071e-08
0.44860712054965646,1.0715193052376071e-08
0.49975015615240476,1.0715193052376071e-08
0.550893191755153,1.0715193052376071e-08
0.5981449094316053,1.0715193052376071e-08
0.703210493441599,1.0715193052376071e-08
0.7482386008744535,1.0715193052376071e-08
0.7654715802623361,1.0715193052376071e-08
0.7943785134291068,1.0715193052376071e-08
0.8188382261086821,1.0715193052376071e-08
0.8727607745159275,1.0715193052376071e-08
0.9011249998875001,1.0715193052376071e-08
0.911249998875,1.0715193052376071e-08
0.9193749980625,1.0715193052376071e-08
0.9351249964875,1.0715193052376071e-08
0.9606249939375,1.0715193052376071e-08
0.96849999315,1.0715193052376071e-08
0.974249992575,1.0715193052376071e-08
0.9814999918499999,1.0715193052376071e-08
0.9863749913625,1.0715193052376071e-08
0.996749990325,1.0715193052376071e-08
4.120975190973304e-08,1.0901844923851267e-08
1.9164610627353853e-07,1.0901844923851267e-08
4.9831045597052926e-05,1.0901844923851267e-08
0.004677351412871981,1.0901844923851267e-08
0.024453466583385382,1.0901844923851267e-08
0.05725171767645222,1.0901844923851267e-08
0.0805996252342286,1.0901844923851267e-08
0.16732042473454092,1.0901844923851267e-08
0.22179887570268583,1.0901844923851267e-08
0.2523735165521549,1.0901844923851267e-08
0.2679387882573392,1.0901844923851267e-08
0.30462835727670207,1.0901844923851267e-08
0.3496564647095565,1.0901844923851267e-08
0.4491630231105559,1.0901844923851267e-08
0.4914116177389132,1.0901844923851267e-08
0.5308806995627733,1.0901844923851267e-08
0.5670143660212367,1.0901844923851267e-08
0.5981449094316053,1.0901844923851267e-08
0.7087695190505934,1.0901844923851267e-08
0.8155028107432855,1.0901844923851267e-08
0.8922173641474078,1.0901844923851267e-08
0.9091249990875,1.0901844923851267e-08
0.915749998425,1.0901844923851267e-08
0.9258749974125,1.0901844923851267e-08
0.949999995,1.0901844923851267e-08
0.95749999425,1.0901844923851267e-08
0.9656249934375,1.0901844923851267e-08
0.9747499925249999,1.0901844923851267e-08
0.9783749921625,1.0901844923851267e-08
0.9968749903124999,1.0901844923851267e-08
5.3394927357417665e-08,1.109174815262401e-08
5.991009386113537e-07,1.109174815262401e-08
1.9724227361148533e-06,1.109174815262401e-08
6.273356959840373e-06,1.109174815262401e-08
1.2516992730317254e-05,1.109174815262401e-08
3.715352290971728e-05,1.109174815262401e-08
0.0009225714271547628,1.109174815262401e-08
0.0015488166189124796,1.109174815262401e-08
0.0038018939632056127,1.109174815262401e-08
0.0070794578438413735,1.109174815262401e-08
0.06670206121174266,1.109174815262401e-08
0.11784509681449093,1.109174815262401e-08
0.15008744534665835,1.109174815262401e-08
0.19400374765771394,1.109174815262401e-08
0.2084572142410993,1.109174815262401e-08
0.2345846346033729,1.109174815262401e-08
0.2962898188632105,1.109174815262401e-08
0.3307557776389756,1.109174815262401e-08
0.3641099312929419,1.109174815262401e-08
0.39412866958151155,1.109174815262401e-08
0.4285946283572767,1.109174815262401e-08
0.44527170518425985,1.109174815262401e-08
0.5041973766396002,1.109174815262401e-08
0.5898063710181136,1.109174815262401e-08
0.6153778888194879,1.109174815262401e-08
0.6576264834478451,1.109174815262401e-08
0.7115490318550906,1.109174815262401e-08
0.7432354778263585,1.109174815262401e-08
0.8816552154903186,1.109174815262401e-08
0.900749999925,1.109174815262401e-08
0.9116249988375,1.109174815262401e-08
0.9181249981875,1.109174815262401e-08
0.9243749975625,1.109174815262401e-08
0.933249996675,1.109174815262401e-08
0.940749995925,1.109174815262401e-08
0.9468749953125,1.109174815262401e-08
0.9533749946625,1.109174815262401e-08
0.9719999927999999,1.109174815262401e-08
0.9826249917375,1.109174815262401e-08
0.995749990425,1.109174815262401e-08
6.456542290346549e-08,1.1284959375277621e-08
1.2445146117713842e-07,1.1284959375277621e-08
1.983809656836503e-07,1.1284959375277621e-08
5.591135275705596e-07,1.1284959375277621e-08
9.885530946569391e-07,1.1284959375277621e-08
2.5852348395621884e-05,1.1284959375277621e-08
7.542233958475699e-05,1.1284959375277621e-08
0.000906775964583904,1.1284959375277621e-08
0.0016311729092278362,1.1284959375277621e-08
0.008269895085679308,1.1284959375277621e-08
0.12062460961898812,1.1284959375277621e-08
0.13563397876327296,1.1284959375277621e-08
0.15286695815115553,1.1284959375277621e-08
0.22791380387257965,1.1284959375277621e-08
0.40135540287320426,1.1284959375277621e-08
0.4374890693316677,1.1284959375277621e-08
0.4680637101811368,1.1284959375277621e-08
0.5425546533416614,1.1284959375277621e-08
0.5675702685821361,1.1284959375277621e-08
0.5920299812617115,1.1284959375277621e-08
0.6659650218613367,1.1284959375277621e-08
0.6870893191755153,1.1284959375277621e-08
0.7282261086820737,1.1284959375277621e-08
0.7688069956277327,1.1284959375277621e-08
0.7915990006246096,1.1284959375277621e-08
0.8066083697688944,1.1284959375277621e-08
0.8744284821986258,1.1284959375277621e-08
0.9189999981,1.1284959375277621e-08
0.9226249977375001,1.1284959375277621e-08
0.9329999967,1.1284959375277621e-08
0.9654999934499999,1.1284959375277621e-08
0.9779999922,1.1284959375277621e-08
0.9907499909249999,1.1284959375277621e-08
0.9966249903375,1.1284959375277621e-08
4.340102636447441e-08,1.1481536214968817e-08
1.2882495516931322e-07,1.1481536214968817e-08
1.1748975549395302e-06,1.1481536214968817e-08
0.0003958220648357226,1.1481536214968817e-08
0.4152529668956902,1.1481536214968817e-08
0.430262336039975,1.1481536214968817e-08
0.5959212991880075,1.1481536214968817e-08
0.7226670830730794,1.1481536214968817e-08
0.7571330418488444,1.1481536214968817e-08
0.7877076826983136,1.1481536214968817e-08
0.9086249991375001,1.1481536214968817e-08
0.915249998475,1.1481536214968817e-08
0.9431249956875,1.1481536214968817e-08
0.965249993475,1.1481536214968817e-08
9.440608762859226e-08,1.1681537298613243e-08
4.097321098135413e-07,1.1681537298613243e-08
2.2646443075930618e-06,1.1681537298613243e-08
8.861352236594993e-06,1.1681537298613243e-08
7.673614893618185e-05,1.1681537298613243e-08
0.0003694026443582834,1.1681537298613243e-08
0.005188000389289609,1.1681537298613243e-08
0.19122423485321674,1.1681537298613243e-08
0.2773891317926296,1.1681537298613243e-08
0.35855090568394754,1.1681537298613243e-08
0.4547220487195503,1.1681537298613243e-08
0.5253216739537789,1.1681537298613243e-08
0.6859775140537164,1.1681537298613243e-08
0.7059900062460962,1.1681537298613243e-08
0.7843722673329169,1.1681537298613243e-08
0.8282885696439725,1.1681537298613243e-08
0.9083749991625,1.1681537298613243e-08
0.927749997225,1.1681537298613243e-08
0.933749996625,1.1681537298613243e-08
0.9811249918875,1.1681537298613243e-08
0.9937499906249999,1.1681537298613243e-08
4.650503761666067e-08,1.1885022274370188e-08
1.1220184543019629e-07,1.1885022274370188e-08
2.4406190680419813e-07,1.1885022274370188e-08
2.3442288153199226e-06,1.1885022274370188e-08
3.801893963205613e-06,1.1885022274370188e-08
8.560517117200949e-06,1.1885022274370188e-08
3.780071373018108e-05,1.1885022274370188e-08
0.00015048735188025143,1.1885022274370188e-08
0.000504080619102669,1.1885022274370188e-08
0.0016032453906900416,1.1885022274370188e-08
0.08671455340412242,1.1885022274370188e-08
0.12951905059337915,1.1885022274370188e-08
0.17343535290443474,1.1885022274370188e-08
0.22958151155527795,1.1885022274370188e-08
0.3157464084946908,1.1885022274370188e-08
0.33798251093066833,1.1885022274370188e-08
0.3657776389756402,1.1885022274370188e-08
0.38690193628981884,1.1885022274370188e-08
0.5158713304184884,1.1885022274370188e-08
0.5742410993129294,1.1885022274370188e-08
0.6720799500312304,1.1885022274370188e-08
0.7932667083073079,1.1885022274370188e-08
0.8210618363522798,1.1885022274370188e-08
0.9174999982500001,1.1885022274370188e-08
0.9241249975875,1.1885022274370188e-08
0.952749994725,1.1885022274370188e-08
0.9616249938375,1.1885022274370188e-08
0.97549999245,1.1885022274370188e-08
0.993249990675,1.1885022274370188e-08
2.7701290391637327e-08,1.2092051829432072e-08
1.7885455291077693e-07,1.2092051829432072e-08
3.108135902739473e-07,1.2092051829432072e-08
5.401321147646348e-07,1.2092051829432072e-08
1.4621771744567184e-05,1.2092051829432072e-08
0.000350751873952568,1.2092051829432072e-08
0.0006645076729077791,1.2092051829432072e-08
0.05280449718925671,1.2092051829432072e-08
0.0733728919425359,1.2092051829432072e-08
0.13229856339787632,1.2092051829432072e-08
0.22235477826358527,1.2092051829432072e-08
0.2890630855715178,1.2092051829432072e-08
0.5008619612742036,1.2092051829432072e-08
0.5620112429731418,1.2092051829432072e-08
0.5870268582136164,1.2092051829432072e-08
0.694316052467208,1.2092051829432072e-08
0.8849906308557152,1.2092051829432072e-08
0.919749998025,1.2092051829432072e-08
0.94949999505,1.2092051829432072e-08
0.9681249931875,1.2092051829432072e-08
0.9796249920375,1.2092051829432072e-08
0.99049999095,1.2092051829432072e-08
1.3412199354053722e-08,1.2302687708123811e-08
6.918309709189362e-08,1.2302687708123811e-08
1.2022644346174132e-07,1.2302687708123811e-08
4.6238102139926035e-07,1.2302687708123811e-08
1.0777052536943213e-06,1.2302687708123811e-08
3.868120546330525e-06,1.2302687708123811e-08
8.709635899560795e-06,1.2302687708123811e-08
2.968246743463243e-05,1.2302687708123811e-08
0.00046238102139926034,1.2302687708123811e-08
0.003368992157414906,1.2302687708123811e-08
0.10505933791380387,1.2302687708123811e-08
0.17899437851342911,1.2302687708123811e-08
0.1951155527795128,1.2302687708123811e-08
0.23847595252966897,1.2302687708123811e-08
0.26905059337913806,1.2302687708123811e-08
0.2862835727670206,1.2302687708123811e-08
0.34854465958775765,1.2302687708123811e-08
0.4158088694565896,1.2302687708123811e-08
0.511424109931293,1.2302687708123811e-08
0.5714615865084323,1.2302687708123811e-08
0.5931417863835103,1.2302687708123811e-08
0.6509556527170518,1.2302687708123811e-08
0.8054965646470955,1.2302687708123811e-08
0.8833229231730169,1.2302687708123811e-08
0.9018749998125,1.2302687708123811e-08
0.954749994525,1.2302687708123811e-08
1.6788040181225588e-08,1.2516992730317255e-08
8.511380382023759e-08,1.2516992730317255e-08
2.0892961308540409e-07,1.2516992730317255e-08
0.0001883649089489798,1.2516992730317255e-08
0.0015488166189124796,1.2516992730317255e-08
0.0032546178349804602,1.2516992730317255e-08
0.027788881948782013,1.2516992730317255e-08
0.04613366645846346,1.2516992730317255e-08
0.13563397876327296,1.2516992730317255e-08
0.1878888194878201,1.2516992730317255e-08
0.2362523422860712,1.2516992730317255e-08
0.2935103060587133,1.2516992730317255e-08
0.43137414116177386,1.2516992730317255e-08
0.6014803247970019,1.2516992730317255e-08
0.6620737039350406,1.2516992730317255e-08
0.6776389756402248,1.2516992730317255e-08
0.7532417239225484,1.2516992730317255e-08
0.8010493441599,1.2516992730317255e-08
0.8877701436602123,1.2516992730317255e-08
0.9173749982625,1.2516992730317255e-08
0.957749994225,1.2516992730317255e-08
6.345999009812872e-08,1.2735030810166628e-08
2.16271852372702e-07,1.2735030810166628e-08
1.5488166189124796e-06,1.2735030810166628e-08
2.5852348395621884e-05,1.2735030810166628e-08
8.659643233600654e-05,1.2735030810166628e-08
0.00016691678072110582,1.2735030810166628e-08
0.00034474660657314907,1.2735030810166628e-08
0.000988553094656939,1.2735030810166628e-08
0.002600159563165272,1.2735030810166628e-08
0.004677351412871981,1.2735030810166628e-08
0.008413951416451947,1.2735030810166628e-08
0.056139912554653344,1.2735030810166628e-08
0.07504059962523423,1.2735030810166628e-08
0.12062460961898812,1.2735030810166628e-08
0.1584259837601499,1.2735030810166628e-08
0.18066208619612742,1.2735030810166628e-08
0.22179887570268583,1.2735030810166628e-08
0.2373641474078701,1.2735030810166628e-08
0.3051842598376015,1.2735030810166628e-08
0.3641099312929419,1.2735030810166628e-08
0.4085821361648969,1.2735030810166628e-08
0.45138663335415363,1.2735030810166628e-08
0.48418488444722046,1.2735030810166628e-08
0.5236539662710805,1.2735030810166628e-08
0.6320549656464709,1.2735030810166628e-08
0.658738288569644,1.2735030810166628e-08
0.6898688319800125,1.2735030810166628e-08
0.7087695190505934,1.2735030810166628e-08
0.7904871955028108,1.2735030810166628e-08
0.8560836976889444,1.2735030810166628e-08
0.878319800124922,1.2735030810166628e-08
0.9009999999,1.2735030810166628e-08
0.90549999945,1.2735030810166628e-08
0.9119999988,1.2735030810166628e-08
0.918249998175,1.2735030810166628e-08
0.9268749973125,1.2735030810166628e-08
0.932249996775,1.2735030810166628e-08
0.9378749962125,1.2735030810166628e-08
0.9443749955625,1.2735030810166628e-08
0.948249995175,1.2735030810166628e-08
0.951749994825,1.2735030810166628e-08
0.965749993425,1.2735030810166628e-08
0.9781249921874999,1.2735030810166628e-08
0.98649999135,1.2735030810166628e-08
2.330773115282636e-08,1.2956866975170189e-08
4.265795188015926e-08,1.2956866975170189e-08
1.2661932675109442e-07,1.2956866975170189e-08
3.4873858413521875e-06,1.2956866975170189e-08
0.00011028082338495507,1.2956866975170189e-08
0.0003054921113215509,1.2956866975170189e-08
0.0005888436553555884,1.2956866975170189e-08
0.016114928169893815,1.2956866975170189e-08
0.05669581511555278,1.2956866975170189e-08
0.11117426608369768,1.2956866975170189e-08
0.1550905683947533,1.2956866975170189e-08
0.17788257339163024,1.2956866975170189e-08
0.2629356652092442,1.2956866975170189e-08
0.3607745159275453,1.2956866975170189e-08
0.4202560899437851,1.2956866975170189e-08
0.4347095565271705,1.2956866975170189e-08
0.5953653966271081,1.2956866975170189e-08
0.7082136164896939,1.2956866975170189e-08
0.7715865084322299,1.2956866975170189e-08
0.7877076826983136,1.2956866975170189e-08
0.8171705184259838,1.2956866975170189e-08
0.8332916926920675,1.2956866975170189e-08
0.8638663335415365,1.2956866975170189e-08
0.9068749993125,1.2956866975170189e-08
0.9163749983625,1.2956866975170189e-08
0.93949999605,1.2956866975170189e-08
0.9461249953875,1.2956866975170189e-08
0.965249993475,1.2956866975170189e-08
0.9789999921,1.2956866975170189e-08
1.8620871366628656e-08,1.3182567385564074e-08
1.3803842646028836e-07,1.3182567385564074e-08
3.758374042884443e-07,1.3182567385564074e-08
1.6311729092278396e-06,1.3182567385564074e-08
3.235936569296281e-05,1.3182567385564074e-08
5.623413251903491e-05,1.3182567385564074e-08
0.00047863009232263805,1.3182567385564074e-08
0.032236102435977514,1.3182567385564074e-08
0.060587133041848845,1.3182567385564074e-08
0.12729544034978138,1.3182567385564074e-08
0.3507682698313554,1.3182567385564074e-08
0.38412242348532166,1.3182567385564074e-08
0.430262336039975,1.3182567385564074e-08
0.4953029356652092,1.3182567385564074e-08
0.5481136789506559,1.3182567385564074e-08
0.644840724547158,1.3182567385564074e-08
0.7020986883198002,1.3182567385564074e-08
0.7193316677076826,1.3182567385564074e-08
0.7432354778263585,1.3182567385564074e-08
0.8933291692692067,1.3182567385564074e-08
0.9023749997625,1.3182567385564074e-08
0.911249998875,1.3182567385564074e-08
0.9156249984375,1.3182567385564074e-08
0.929249997075,1.3182567385564074e-08
0.9431249956875,1.3182567385564074e-08
0.959999994,1.3182567385564074e-08
0.9653749934625,1.3182567385564074e-08
0.9968749903124999,1.3182567385564074e-08
2.5409727055493062e-08,1.3412199354053722e-08
2.2777182418573218e-07,1.3412199354053722e-08
7.498942093324557e-07,1.3412199354053722e-08
1.2735030810166629e-05,1.3412199354053722e-08
2.1752040340195246e-05,1.3412199354053722e-08
9.772372209558111e-05,1.3412199354053722e-08
0.0003694026443582834,1.3412199354053722e-08
0.007328245331389044,1.3412199354053722e-08
0.1878888194878201,1.3412199354053722e-08
0.2557089319175515,1.3412199354053722e-08
0.2773891317926296,1.3412199354053722e-08
0.31963772642098687,1.3412199354053722e-08
0.3763397876327295,1.3412199354053722e-08
0.41136164896939414,1.3412199354053722e-08
0.44360399750156154,1.3412199354053722e-08
0.550893191755153,1.3412199354053722e-08
0.6298313554028732,1.3412199354053722e-08
0.6859775140537164,1.3412199354053722e-08
0.7076577139287945,1.3412199354053722e-08
0.9226249977375001,1.3412199354053722e-08
0.927749997225,1.3412199354053722e-08
0.933749996625,1.3412199354053722e-08
0.9678749932124999,1.3412199354053722e-08
0.9777499922249999,1.3412199354053722e-08
0.9814999918499999,1.3412199354053722e-08
0.9954999904499999,1.3412199354053722e-08
2.7701290391637327e-08,1.3645831365889238e-08
5.432503314924336e-08,1.3645831365889238e-08
2.802205621666745e-07,1.3645831365889238e-08
2.1013577690467467e-05,1.3645831365889238e-08
3.780071373018108e-05,1.3645831365889238e-08
8.511380382023758e-05,1.3645831365889238e-08
0.0002951209226666384,1.3645831365889238e-08
0.001470618415404559,1.3645831365889238e-08
0.0027861211686297667,1.3645831365889238e-08
0.006382634861905483,1.3645831365889238e-08
0.03835103060587133,1.3645831365889238e-08
0.08337913803872579,1.3645831365889238e-08
0.09894440974391004,1.3645831365889238e-08
0.14341661461586508,1.3645831365889238e-08
0.18955652717051844,1.3645831365889238e-08
0.2590443472829482,1.3645831365889238e-08
0.27905683947532794,1.3645831365889238e-08
0.36355402873204246,1.3645831365889238e-08
0.444159900062461,1.3645831365889238e-08
0.47195502810743284,1.3645831365889238e-08
0.5019737663960024,1.3645831365889238e-08
0.5303247970018738,1.3645831365889238e-08
0.5542286071205497,1.3645831365889238e-08
0.6226046221111805,1.3645831365889238e-08
0.6465084322298563,1.3645831365889238e-08
0.6681886321049344,1.3645831365889238e-08
0.6909806371018113,1.3645831365889238e-08
0.7182198625858838,1.3645831365889238e-08
0.738788257339163,1.3645831365889238e-08
0.8888819487820112,1.3645831365889238e-08
0.91049999895,1.3645831365889238e-08
0.923749997625,1.3645831365889238e-08
0.933249996675,1.3645831365889238e-08
0.94049999595,1.3645831365889238e-08
0.9794999920499999,1.3645831365889238e-08
0.9851249914875,1.3645831365889238e-08
0.9988749901124999,1.3645831365889238e-08
3.715352290971728e-08,1.3883533099290457e-08
7.673614893618186e-08,1.3883533099290457e-08
1.5310874616820317e-07,1.3883533099290457e-08
3.002617420861267e-07,1.3883533099290457e-08
4.441196613655888e-06,1.3883533099290457e-08
8.709635899560795e-06,1.3883533099290457e-08
5.0699070827470445e-05,1.3883533099290457e-08
0.00015048735188025143,1.3883533099290457e-08
0.01,1.3883533099290457e-08
0.07281698938163647,1.3883533099290457e-08
0.1317426608369769,1.3883533099290457e-08
0.33798251093066833,1.3883533099290457e-08
0.4019113054341037,1.3883533099290457e-08
0.505309181761399,1.3883533099290457e-08
0.5219862585883822,1.3883533099290457e-08
0.5742410993129294,1.3883533099290457e-08
0.7404559650218613,1.3883533099290457e-08
0.7615802623360399,1.3883533099290457e-08
0.9058749994125,1.3883533099290457e-08
0.916749998325,1.3883533099290457e-08
0.9241249975875,1.3883533099290457e-08
0.9533749946625,1.3883533099290457e-08
0.97249999275,1.3883533099290457e-08
0.98549999145,1.3883533099290457e-08
0.993249990675,1.3883533099290457e-08
6.130557921498202e-08,1.4125375446227554e-08
1.479108388168207e-07,1.4125375446227554e-08
4.869675251658631e-07,1.4125375446227554e-08
9.386420366721356e-07,1.4125375446227554e-08
1.6884958594867533e-06,1.4125375446227554e-08
1.230268770812381e-05,1.4125375446227554e-08
2.5852348395621884e-05,1.4125375446227554e-08
0.0003958220648357226,1.4125375446227554e-08
0.0008912509381337458,1.4125375446227554e-08
0.004841723675840989,1.4125375446227554e-08
0.008128305161640995,1.4125375446227554e-08
0.050024984384759524,1.4125375446227554e-08
0.0733728919425359,1.4125375446227554e-08
0.14619612742036228,1.4125375446227554e-08
0.28683947532792003,1.4125375446227554e-08
0.5886945658963147,1.4125375446227554e-08
0.6670768269831355,1.4125375446227554e-08
0.7287820112429731,1.4125375446227554e-08
0.8054965646470955,1.4125375446227554e-08
0.8827670206121174,1.4125375446227554e-08
0.9419999958,1.4125375446227554e-08
0.9513749948625,1.4125375446227554e-08
0.96249999375,1.4125375446227554e-08
0.9801249919874999,1.4125375446227554e-08
0.9843749915625,1.4125375446227554e-08
0.99049999095,1.4125375446227554e-08
1.7080477200597077e-08,1.4371430533563899e-08
3.4080032480036476e-08,1.4371430533563899e-08
5.82103217770871e-08,1.4371430533563899e-08
9.772372209558111e-08,1.4371430533563899e-08
3.2173625326956006e-07,1.4371430533563899e-08
9.172759353897803e-06,1.4371430533563899e-08
0.00033884415613920273,1.4371430533563899e-08
0.0005888436553555884,1.4371430533563899e-08
0.0010232929922807535,1.4371430533563899e-08
0.006839116472814292,1.4371430533563899e-08
0.015559025608994378,1.4371430533563899e-08
0.05725171767645222,1.4371430533563899e-08
0.22902560899437852,1.4371430533563899e-08
0.2712742036227358,1.4371430533563899e-08
0.300737039350406,1.4371430533563899e-08
0.5064209868831979,1.4371430533563899e-08
0.5720174890693317,1.4371430533563899e-08
0.5920299812617115,1.4371430533563899e-08
0.6198251093066833,1.4371430533563899e-08
0.6348344784509682,1.4371430533563899e-08
0.7026545908806996,1.4371430533563899e-08
0.7649156777014365,1.4371430533563899e-08
0.7810368519675203,1.4371430533563899e-08
0.8371830106183635,1.4371430533563899e-08
0.8566396002498439,1.4371430533563899e-08
0.8983322923173017,1.4371430533563899e-08
0.9127499987250001,1.4371430533563899e-08
0.9211249978875,1.4371430533563899e-08
0.9389999961,1.4371430533563899e-08
0.9532499946749999,1.4371430533563899e-08
0.9681249931875,1.4371430533563899e-08
0.980249991975,1.4371430533563899e-08
0.9889999910999999,1.4371430533563899e-08
0.9937499906249999,1.4371430533563899e-08
2.2516454167446182e-08,1.4621771744567185e-08
4.570881896148752e-08,1.4621771744567185e-08
1.3963683610559363e-06,1.4621771744567185e-08
0.00046238102139926034,1.4621771744567185e-08
0.0016595869074375596,1.4621771744567185e-08
0.011667707682698314,1.4621771744567185e-08
0.07782011242973141,1.4621771744567185e-08
0.10172392254840724,1.4621771744567185e-08
0.15731417863835104,1.4621771744567185e-08
0.22179887570268583,1.4621771744567185e-08
0.23847595252966897,1.4621771744567185e-08
0.2623797626483448,1.4621771744567185e-08
0.3346470955652717,1.4621771744567185e-08
0.42192379762648347,1.4621771744567185e-08
0.4524984384759525,1.4621771744567185e-08
0.5681261711430355,1.4621771744567185e-08
0.6276077451592754,1.4621771744567185e-08
0.6453966271080575,1.4621771744567185e-08
0.6765271705184259,1.4621771744567185e-08
0.7360087445346658,1.4621771744567185e-08
0.8560836976889444,1.4621771744567185e-08
0.9009999999,1.4621771744567185e-08
0.9049999995,1.4621771744567185e-08
0.91049999895,1.4621771744567185e-08
0.9341249965875,1.4621771744567185e-08
0.9383749961625,1.4621771744567185e-08
0.94449999555,1.4621771744567185e-08
0.95549999445,1.4621771744567185e-08
0.9601249939875,1.4621771744567185e-08
0.9729999926999999,1.4621771744567185e-08
0.988749991125,1.4621771744567185e-08
1.9611011754760496e-08,1.4876473740795032e-08
1.2882495516931322e-07,1.4876473740795032e-08
1.6311729092278396e-06,1.4876473740795032e-08
0.00047863009232263805,1.4876473740795032e-08
0.002884031503126606,1.4876473740795032e-08
0.16898813241723923,1.4876473740795032e-08
0.2006745783885072,1.4876473740795032e-08
0.4591692692067458,1.4876473740795032e-08
0.4953029356652092,1.4876473740795032e-08
0.5164272329793879,1.4876473740795032e-08
0.5959212991880075,1.4876473740795032e-08
0.7938226108682074,1.4876473740795032e-08
0.8104996876951905,1.4876473740795032e-08
0.8766520924422236,1.4876473740795032e-08
0.8933291692692067,1.4876473740795032e-08
0.907749999225,1.4876473740795032e-08
0.929249997075,1.4876473740795032e-08
1.539926526059492e-08,1.5135612484362072e-08
3.180533688329517e-08,1.5135612484362072e-08
2.754228703338163e-07,1.5135612484362072e-08
0.0001727825980507863,1.5135612484362072e-08
0.00032173625326955944,1.5135612484362072e-08
0.0013489628825916532,1.5135612484362072e-08
0.0070794578438413735,1.5135612484362072e-08
0.04613366645846346,1.5135612484362072e-08
0.1934478450968145,1.5135612484362072e-08
0.20901311680199874,1.5135612484362072e-08
0.29128669581511557,1.5135612484362072e-08
0.31908182386008743,1.5135612484362072e-08
0.35855090568394754,1.5135612484362072e-08
0.5953653966271081,1.5135612484362072e-08
0.6420612117426608,1.5135612484362072e-08
0.6776389756402248,1.5135612484362072e-08
0.7738101186758276,1.5135612484362072e-08
0.8121673953778888,1.5135612484362072e-08
0.8810993129294191,1.5135612484362072e-08
0.9109999989,1.5135612484362072e-08
0.918749998125,1.5135612484362072e-08
0.9433749956624999,1.5135612484362072e-08
0.952749994725,1.5135612484362072e-08
0.9954999904499999,1.5135612484362072e-08
5.2480746024977225e-08,1.539926526059492e-08
9.120108393559096e-08,1.539926526059492e-08
3.630780547701018e-07,1.539926526059492e-08
7.03882227936457e-05,1.539926526059492e-08
0.0019054607179632445,1.539926526059492e-08
0.2523735165521549,1.539926526059492e-08
0.33853841349156777,1.539926526059492e-08
0.3835665209244222,1.539926526059492e-08
0.41136164896939414,1.539926526059492e-08
0.5803560274828232,1.539926526059492e-08
0.6053716427232979,1.539926526059492e-08
0.6520674578388507,1.539926526059492e-08
0.6787507807620238,1.539926526059492e-08
0.7804809494066208,1.539926526059492e-08
0.8043847595252966,1.539926526059492e-08
0.8216177389131792,1.539926526059492e-08
0.902749999725,1.539926526059492e-08
0.9189999981,1.539926526059492e-08
0.925749997425,1.539926526059492e-08
0.9581249941875,1.539926526059492e-08
2.4974683891541433e-08,1.56675107010815e-08
4.265795188015926e-08,1.56675107010815e-08
7.943282347242822e-08,1.56675107010815e-08
1.333521432163324e-07,1.56675107010815e-08
4.7043540572597556e-07,1.56675107010815e-08
2.1503046793402545e-06,1.56675107010815e-08
0.0001479108388168207,1.56675107010815e-08
0.000988553094656939,1.56675107010815e-08
0.002600159563165272,1.56675107010815e-08
0.008413951416451947,1.56675107010815e-08
0.0511367895065584,1.56675107010815e-08
0.07059337913803872,1.56675107010815e-08
0.12062460961898812,1.56675107010815e-08
0.1406371018113679,1.56675107010815e-08
0.17565896314803248,1.56675107010815e-08
0.3124109931292942,1.56675107010815e-08
0.36355402873204246,1.56675107010815e-08
0.44527170518425985,1.56675107010815e-08
0.46861961274203623,1.56675107010815e-08
0.488632104934416,1.56675107010815e-08
0.630943160524672,1.56675107010815e-08
0.6870893191755153,1.56675107010815e-08
0.7204434728294815,1.56675107010815e-08
0.7760337289194253,1.56675107010815e-08
0.8143910056214866,1.56675107010815e-08
0.9346249965375,1.56675107010815e-08
0.9378749962125,1.56675107010815e-08
0.958749994125,1.56675107010815e-08
0.96649999335,1.56675107010815e-08
0.97149999285,1.56675107010815e-08
5.922430868761306e-08,1.594042880712216e-08
1.7885455291077693e-07,1.594042880712216e-08
9.172759353897803e-06,1.594042880712216e-08
0.015003123048094941,1.594042880712216e-08
0.0805996252342286,1.594042880712216e-08
0.1550905683947533,1.594042880712216e-08
0.17343535290443474,1.594042880712216e-08
0.22958151155527795,1.594042880712216e-08
0.36188632104934415,1.594042880712216e-08
0.48585259212991877,1.594042880712216e-08
0.7877076826983136,1.594042880712216e-08
0.9178749982125,1.594042880712216e-08
0.9219999978,1.594042880712216e-08
0.9501249949875,1.594042880712216e-08
1.6788040181225588e-08,1.6218100973589297e-08
2.7227013080779097e-08,1.6218100973589297e-08
4.650503761666067e-08,1.6218100973589297e-08
8.511380382023759e-08,1.6218100973589297e-08
1.983809656836503e-07,1.6218100973589297e-08
3.162277660168379e-07,1.6218100973589297e-08
7.762471166286911e-07,1.6218100973589297e-08
2.6915348039269138e-06,1.6218100973589297e-08
7.3282453313890446e-06,1.6218100973589297e-08
1.7080477200597077e-05,1.6218100973589297e-08
0.0006095368972401694,1.6218100973589297e-08
0.017226733291692692,1.6218100973589297e-08
0.07782011242973141,1.6218100973589297e-08
0.14619612742036228,1.6218100973589297e-08
0.2490381011867583,1.6218100973589297e-08
0.27683322923173015,1.6218100973589297e-08
0.3340911930043723,1.6218100973589297e-08
0.46028107432854465,1.6218100973589297e-08
0.4847407870081199,1.6218100973589297e-08
0.5281011867582761,1.6218100973589297e-08
0.6276077451592754,1.6218100973589297e-08
0.644840724547158,1.6218100973589297e-08
0.797158026233604,1.6218100973589297e-08
0.90849999915,1.6218100973589297e-08
0.9196249980375,1.6218100973589297e-08
0.9488749951125,1.6218100973589297e-08
0.957249994275,1.6218100973589297e-08
0.9668749933124999,1.6218100973589297e-08
0.9919999908,1.6218100973589297e-08
1.8620871366628656e-08,1.6500610013202287e-08
3.3496543915782795e-08,1.6500610013202287e-08
1.2661932675109442e-07,1.6500610013202287e-08
1.809255910253822e-06,1.6500610013202287e-08
2.7227013080779155e-05,1.6500610013202287e-08
0.002691534803926914,1.6500610013202287e-08
0.032236102435977514,1.6500610013202287e-08
0.12951905059337915,1.6500610013202287e-08
0.2006745783885072,1.6500610013202287e-08
0.4869643972517177,1.6500610013202287e-08
0.6009244222361024,1.6500610013202287e-08
0.7093254216114928,1.6500610013202287e-08
0.7443472829481574,1.6500610013202287e-08
0.7999375390381012,1.6500610013202287e-08
0.8221736414740787,1.6500610013202287e-08
0.8766520924422236,1.6500610013202287e-08
0.910249998975,1.6500610013202287e-08
0.9146249985375,1.6500610013202287e-08
0.9283749971625,1.6500610013202287e-08
0.9457499954249999,1.6500610013202287e-08
0.959999994,1.6500610013202287e-08
1.2735030810166628e-08,1.6788040181225588e-08
4.983104559705293e-08,1.6788040181225588e-08
2.0892961308540409e-07,1.6788040181225588e-08
1.3963683610559363e-06,1.6788040181225588e-08
5.278372067815769e-06,1.6788040181225588e-08
1.8945235143565913e-05,1.6788040181225588e-08
0.0006878599123088067,1.6788040181225588e-08
0.004677351412871981,1.6788040181225588e-08
0.03334790755777639,1.6788040181225588e-08
0.04891317926296065,1.6788040181225588e-08
0.13063085571517802,1.6788040181225588e-08
0.20901311680199874,1.6788040181225588e-08
0.28961898813241727,1.6788040181225588e-08
0.3496564647095565,1.6788040181225588e-08
0.38412242348532166,1.6788040181225588e-08
0.4080262336039975,1.6788040181225588e-08
0.5759088069956277,1.6788040181225588e-08
0.5959212991880075,1.6788040181225588e-08
0.6959837601499063,1.6788040181225588e-08
0.9379999962,1.6788040181225588e-08
0.9539999946,1.6788040181225588e-08
0.9703749929625,1.6788040181225588e-08
0.9824999917499999,1.6788040181225588e-08
0.9961249903875,1.6788040181225588e-08
3.5892193464500494e-08,1.7080477200597077e-08
6.918309709189362e-08,1.7080477200597077e-08
1.851398894205272e-07,1.7080477200597077e-08
3.054921113215509e-07,1.7080477200597077e-08
2.7384196342643613e-06,1.7080477200597077e-08
2.371373705661655e-05,1.7080477200597077e-08
0.00019164610627353851,1.7080477200597077e-08
0.05224859462835728,1.7080477200597077e-08
0.11173016864459712,1.7080477200597077e-08
0.25459712679575264,1.7080477200597077e-08
0.2890630855715178,1.7080477200597077e-08
0.6420612117426608,1.7080477200597077e-08
0.6837539038101187,1.7080477200597077e-08
0.8810993129294191,1.7080477200597077e-08
0.9049999995,1.7080477200597077e-08
0.9101249989875,1.7080477200597077e-08
0.92449999755,1.7080477200597077e-08
0.9597499940249999,1.7080477200597077e-08
0.9816249918375,1.7080477200597077e-08
2.371373705661655e-08,1.7378008287493763e-08
1.3567505302998625e-07,1.7378008287493763e-08
2.2387211385683377e-07,1.7378008287493763e-08
0.00040973210981354134,1.7378008287493763e-08
0.0019054607179632445,1.7378008287493763e-08
0.27183010618363523,1.7378008287493763e-08
0.28683947532792003,1.7378008287493763e-08
0.3757838850718301,1.7378008287493763e-08
0.5392192379762648,1.7378008287493763e-08
0.5803560274828232,1.7378008287493763e-08
0.6226046221111805,1.7378008287493763e-08
0.6693004372267333,1.7378008287493763e-08
0.6870893191755153,1.7378008287493763e-08
0.7621361648969394,1.7378008287493763e-08
0.8049406620861961,1.7378008287493763e-08
0.8205059337913804,1.7378008287493763e-08
0.8866583385384135,1.7378008287493763e-08
0.907749999225,1.7378008287493763e-08
0.9276249972375,1.7378008287493763e-08
0.9581249941875,1.7378008287493763e-08
0.9623749937625,1.7378008287493763e-08
0.9777499922249999,1.7378008287493763e-08
1.9952623149688786e-08,1.7680722177343178e-08
4.340102636447441e-08,1.7680722177343178e-08
7.807284401379069e-08,1.7680722177343178e-08
1.5310874616820317e-07,1.7680722177343178e-08
3.958220648357226e-07,1.7680722177343178e-08
0.00034474660657314907,1.7680722177343178e-08
0.008269895085679308,1.7680722177343178e-08
0.0805996252342286,1.7680722177343178e-08
0.10227982510930668,1.7680722177343178e-08
0.13563397876327296,1.7680722177343178e-08
0.1762148657089319,1.7680722177343178e-08
0.29406620861961275,1.7680722177343178e-08
0.36188632104934415,1.7680722177343178e-08
0.43526545908806996,1.7680722177343178e-08
0.5358838226108682,1.7680722177343178e-08
0.6214928169893816,1.7680722177343178e-08
0.7804809494066208,1.7680722177343178e-08
0.8355153029356652,1.7680722177343178e-08
0.8577514053716427,1.7680722177343178e-08
0.8788757026858214,1.7680722177343178e-08
0.9118749988125,1.7680722177343178e-08
0.922749997725,1.7680722177343178e-08
0.9323749967625,1.7680722177343178e-08
0.9559999943999999,1.7680722177343178e-08
0.9753749924624999,1.7680722177343178e-08
0.99049999095,1.7680722177343178e-08
1.7988709151287873e-08,1.7988709151287873e-08
7.286181745132274e-08,1.7988709151287873e-08
1.61250102733774e-07,1.7988709151287873e-08
6.760829753919819e-07,1.7988709151287873e-08
3.4873858413521875e-06,1.7988709151287873e-08
0.15453466583385383,1.7988709151287873e-08
0.2801686445971268,1.7988709151287873e-08
0.3346470955652717,1.7988709151287873e-08
0.5297688944409744,1.7988709151287873e-08
0.9059999994,1.7988709151287873e-08
0.9189999981,1.7988709151287873e-08
0.940749995925,1.7988709151287873e-08
0.993249990675,1.7988709151287873e-08
1.594042880712216e-08,1.8302061063110566e-08
4.650503761666067e-08,1.8302061063110566e-08
9.942600739529558e-08,1.8302061063110566e-08
1.1547819846894582e-06,1.8302061063110566e-08
2.3307731152826362e-05,1.8302061063110566e-08
7.286181745132274e-05,1.8302061063110566e-08
0.000285101826750391,1.8302061063110566e-08
0.002884031503126606,1.8302061063110566e-08
0.12951905059337915,1.8302061063110566e-08
0.3613304184884447,1.8302061063110566e-08
0.44360399750156154,1.8302061063110566e-08
0.4847407870081199,1.8302061063110566e-08
0.6365021861336665,1.8302061063110566e-08
0.8677576514678326,1.8302061063110566e-08
0.92049999795,1.8302061063110566e-08
0.932749996725,1.8302061063110566e-08
0.94349999565,1.8302061063110566e-08
0.9468749953125,1.8302061063110566e-08
0.950749994925,1.8302061063110566e-08
0.959249994075,1.8302061063110566e-08
0.9747499925249999,1.8302061063110566e-08
1.3645831365889238e-08,1.8620871366628656e-08
2.1752040340195247e-08,1.8620871366628656e-08
3.4673685045253164e-08,1.8620871366628656e-08
5.6234132519034905e-08,1.8620871366628656e-08
1.479108388168207e-07,1.8620871366628656e-08
5.495408738576248e-07,1.8620871366628656e-08
1.8728370830175484e-06,1.8620871366628656e-08
3.6099401358641667e-06,1.8620871366628656e-08
1.830206106311053e-05,1.8620871366628656e-08
0.022229856339787635,1.8620871366628656e-08
0.04780137414116178,1.8620871366628656e-08
0.09449718925671455,1.8620871366628656e-08
0.13063085571517802,1.8620871366628656e-08
0.20901311680199874,1.8620871366628656e-08
0.5464459712679576,1.8620871366628656e-08
0.7815927545284197,1.8620871366628656e-08
0.8849906308557152,1.8620871366628656e-08
0.9039999996,1.8620871366628656e-08
0.937249996275,1.8620871366628656e-08
4.897788193684456e-08,1.8945235143565914e-08
2.615170448138e-07,1.8945235143565914e-08
1.3412199354053696e-05,1.8945235143565914e-08
7.542233958475699e-05,1.8945235143565914e-08
0.002426610095082414,1.8945235143565914e-08
0.0511367895065584,1.8945235143565914e-08
0.07114928169893817,1.8945235143565914e-08
0.14730793254216115,1.8945235143565914e-08
0.4007995003123048,1.8945235143565914e-08
0.685421611492817,1.8945235143565914e-08
0.7076577139287945,1.8945235143565914e-08
0.7343410368519675,1.8945235143565914e-08
0.9119999988,1.8945235143565914e-08
0.925749997425,1.8945235143565914e-08
0.931249996875,1.8945235143565914e-08
0.9916249908375,1.8945235143565914e-08
3.235936569296281e-08,1.9275249131909366e-08
5.2480746024977225e-08,1.9275249131909366e-08
1.102808233849553e-07,1.9275249131909366e-08
2.053525026457146e-07,1.9275249131909366e-08
0.0006760829753919819,1.9275249131909366e-08
0.07059337913803872,1.9275249131909366e-08
0.5319925046845722,1.9275249131909366e-08
0.7643597751405371,1.9275249131909366e-08
0.8338475952529669,1.9275249131909366e-08
0.9501249949875,1.9275249131909366e-08
0.9746249925375,1.9275249131909366e-08
0.98449999155,1.9275249131909366e-08
2.818382931264455e-08,1.9611011754760496e-08
7.03882227936457e-08,1.9611011754760496e-08
1.1816803125447831e-07,1.9611011754760496e-08
0.0009225714271547628,1.9611011754760496e-08
0.0350156152404747,1.9611011754760496e-08
0.07726420986883198,1.9611011754760496e-08
0.09950031230480949,1.9611011754760496e-08
0.15898188632104934,1.9611011754760496e-08
0.18010618363522798,1.9611011754760496e-08
0.2557089319175515,1.9611011754760496e-08
0.5742410993129294,1.9611011754760496e-08
0.6231605246720799,1.9611011754760496e-08
0.8788757026858214,1.9611011754760496e-08
0.900249999975,1.9611011754760496e-08
0.9208749979125,1.9611011754760496e-08
0.9341249965875,1.9611011754760496e-08
0.9406249959375,1.9611011754760496e-08
0.9447499955249999,1.9611011754760496e-08
0.9933749906625,1.9611011754760496e-08
2.371373705661655e-08,1.9952623149688786e-08
1.0471285480508985e-07,1.9952623149688786e-08
3.162277660168379e-07,1.9952623149688786e-08
1.053173687129716e-05,1.9952623149688786e-08
3.651741272548377e-05,1.9952623149688786e-08
0.000285101826750391,1.9952623149688786e-08
0.16398500936914429,1.9952623149688786e-08
0.4358213616489694,1.9952623149688786e-08
0.4802935665209244,1.9952623149688786e-08
0.6125983760149907,1.9952623149688786e-08
0.6559587757651468,1.9952623149688786e-08
0.6859775140537164,1.9952623149688786e-08
0.8455215490318551,1.9952623149688786e-08
0.8766520924422236,1.9952623149688786e-08
0.904749999525,1.9952623149688786e-08
0.9103749989625001,1.9952623149688786e-08
0.9358749964125,1.9952623149688786e-08
0.949749995025,1.9952623149688786e-08
0.9814999918499999,1.9952623149688786e-08
1.594042880712216e-08,2.0300185198596843e-08
3.5892193464500494e-08,2.0300185198596843e-08
1.9275249131909365e-05,2.0300185198596843e-08
7.03882227936457e-05,2.0300185198596843e-08
0.0002951209226666384,2.0300185198596843e-08
0.0014206922128601818,2.0300185198596843e-08
0.0034276778654645044,2.0300185198596843e-08
0.16732042473454092,2.0300185198596843e-08
0.27016239850093693,2.0300185198596843e-08
0.5781324172392255,2.0300185198596843e-08
0.6920924422236102,2.0300185198596843e-08
0.7487945034353529,2.0300185198596843e-08
0.7932667083073079,2.0300185198596843e-08
0.9158749984125,2.0300185198596843e-08
2.0300185198596843e-08,2.065380155810531e-08
6.025595860743581e-08,2.065380155810531e-08
2.802205621666745e-07,2.065380155810531e-08
5.128613839913648e-07,2.065380155810531e-08
2.1877616239495517e-06,2.065380155810531e-08
5.623413251903491e-05,2.065380155810531e-08
0.002834653633489665,2.065380155810531e-08
0.2762773266708307,2.065380155810531e-08
0.3440974391005622,2.065380155810531e-08
0.37022485946283573,2.065380155810531e-08
0.40135540287320426,2.065380155810531e-08
0.4986383510306059,2.065380155810531e-08
0.8877701436602123,2.065380155810531e-08
0.9533749946625,2.065380155810531e-08
0.9628749937125,2.065380155810531e-08
0.9958749904124999,2.065380155810531e-08
0.9996249900374999,2.065380155810531e-08
3.0199517204020194e-08,2.1013577690467466e-08
5.432503314924336e-08,2.1013577690467466e-08
1.3567505302998625e-07,2.1013577690467466e-08
3.037386091946104e-06,2.1013577690467466e-08
7.85235634610071e-06,2.1013577690467466e-08
1.4125375446227555e-05,2.1013577690467466e-08
0.00031622776601683794,2.1013577690467466e-08
0.007455898720277808,2.1013577690467466e-08
0.20623360399750157,2.1013577690467466e-08
0.3596627108057464,2.1013577690467466e-08
0.5275452841973767,2.1013577690467466e-08
0.6598500936914429,2.1013577690467466e-08
0.7738101186758276,2.1013577690467466e-08
0.943249995675,2.1013577690467466e-08
0.99049999095,2.1013577690467466e-08
2.5852348395621886e-08,2.1379620895022325e-08
1.2022644346174132e-07,2.1379620895022325e-08
1.9164610627353853e-07,2.1379620895022325e-08
3.054921113215509e-07,2.1379620895022325e-08
0.14008119925046847,2.1379620895022325e-08
0.4902998126171143,2.1379620895022325e-08
0.7337851342910681,2.1379620895022325e-08
0.8143910056214866,2.1379620895022325e-08
0.8310680824484697,2.1379620895022325e-08
0.8544159900062461,2.1379620895022325e-08
0.8988881948782012,2.1379620895022325e-08
0.9218749978125,2.1379620895022325e-08
0.931749996825,2.1379620895022325e-08
0.9363749963625,2.1379620895022325e-08
0.96249999375,2.1379620895022325e-08
0.9666249933375,2.1379620895022325e-08
0.9747499925249999,2.1379620895022325e-08
0.9818749918124999,2.1379620895022325e-08
1.6500610013202287e-08,2.1752040340195247e-08
3.912911271268532e-08,2.1752040340195247e-08
1.0115794542598982e-07,2.1752040340195247e-08
2.053525026457146e-07,2.1752040340195247e-08
0.014447220487195503,2.1752040340195247e-08
0.032236102435977514,2.1752040340195247e-08
0.21901936289818863,2.1752040340195247e-08
4.570881896148752e-08,2.2130947096056366e-08
7.413102413009177e-08,2.2130947096056366e-08
1.1614486138403415e-07,2.2130947096056366e-08
1.809255910253822e-06,2.2130947096056366e-08
3.6099401358641667e-06,2.2130947096056366e-08
1.3412199354053696e-05,2.2130947096056366e-08
0.050580886945658966,2.2130947096056366e-08
0.2568207370393504,2.2130947096056366e-08
0.41803247970018736,2.2130947096056366e-08
0.5381074328544659,2.2130947096056366e-08
0.6248282323547782,2.2130947096056366e-08
0.6426171143035603,2.2130947096056366e-08
0.6648532167395378,2.2130947096056366e-08
0.814946908182386,2.2130947096056366e-08
0.855527795128045,2.2130947096056366e-08
0.8983322923173017,2.2130947096056366e-08
0.9186249981375,2.2130947096056366e-08
0.9843749915625,2.2130947096056366e-08
3.3496543915782795e-08,2.2516454167446182e-08
6.130557921498202e-08,2.2516454167446182e-08
1.5310874616820317e-07,2.2516454167446182e-08
2.754228703338163e-07,2.2516454167446182e-08
4.31519076827765e-07,2.2516454167446182e-08
0.001470618415404559,2.2516454167446182e-08
0.002645452694724046,2.2516454167446182e-08
0.019450343535290446,2.2516454167446182e-08
0.15175515302935666,2.2516454167446182e-08
0.19900687070580889,2.2516454167446182e-08
0.38412242348532166,2.2516454167446182e-08
0.4080262336039975,2.2516454167446182e-08
0.7682510930668333,2.2516454167446182e-08
0.7927108057464085,2.2516454167446182e-08
0.9318749968125,2.2516454167446182e-08
0.9449999955,2.2516454167446182e-08
1.8945235143565914e-08,2.290867652767775e-08
5.432503314924336e-08,2.290867652767775e-08
1.333521432163324e-07,2.290867652767775e-08
4.144765840379388e-06,2.290867652767775e-08
0.005754399373371567,2.290867652767775e-08
0.12062460961898812,2.290867652767775e-08
0.17176764522173643,2.290867652767775e-08
0.31630231105559026,2.290867652767775e-08
0.43526545908806996,2.290867652767775e-08
0.5064209868831979,2.290867652767775e-08
0.6370580886945659,2.290867652767775e-08
0.689312929419113,2.290867652767775e-08
0.7365646470955652,2.290867652767775e-08
0.7854840724547157,2.290867652767775e-08
2.4547089156850285e-08,2.330773115282636e-08
1.584893192461114e-07,2.330773115282636e-08
3.037386091946104e-06,2.330773115282636e-08
3.0199517204020192e-05,2.330773115282636e-08
0.00010471285480508984,2.330773115282636e-08
0.19400374765771394,2.330773115282636e-08
0.27238600874453467,2.330773115282636e-08
0.37356027482823234,2.330773115282636e-08
0.6681886321049344,2.330773115282636e-08
0.797158026233604,2.330773115282636e-08
0.954749994525,2.330773115282636e-08
0.9863749913625,2.330773115282636e-08
3.0725573652674454e-08,2.371373705661655e-08
9.772372209558111e-08,2.371373705661655e-08
1.883649089489802e-07,2.371373705661655e-08
0.13118675827607745,2.371373705661655e-08
0.31797001873828856,2.371373705661655e-08
0.36522173641474076,2.371373705661655e-08
0.5831355402873204,2.371373705661655e-08
0.7443472829481574,2.371373705661655e-08
0.9518749948125,2.371373705661655e-08
0.9776249922375,2.371373705661655e-08
2.1013577690467466e-08,2.412681532591635e-08
3.6517412725483767e-08,2.412681532591635e-08
1.102808233849553e-07,2.412681532591635e-08
1.3883533099290456e-05,2.412681532591635e-08
0.00966050878989812,2.412681532591635e-08
0.09727670206121174,2.412681532591635e-08
0.1862211118051218,2.412681532591635e-08
0.32797626483447845,2.412681532591635e-08
0.44360399750156154,2.412681532591635e-08
0.8027170518425983,2.412681532591635e-08
0.8866583385384135,2.412681532591635e-08
0.915749998425,2.412681532591635e-08
0.9406249959375,2.412681532591635e-08
0.9458749954125,2.412681532591635e-08
0.95749999425,2.412681532591635e-08
0.9936249906375,2.412681532591635e-08
7.161434102129027e-08,2.4547089156850285e-08
1.310690042366076e-07,2.4547089156850285e-08
5.591135275705596e-07,2.4547089156850285e-08
0.008560517117200949,2.4547089156850285e-08
0.33853841349156777,2.4547089156850285e-08
0.39579637726420985,2.4547089156850285e-08
0.7265584009993754,2.4547089156850285e-08
0.7804809494066208,2.4547089156850285e-08
0.8827670206121174,2.4547089156850285e-08
1.4621771744567185e-08,2.4974683891541433e-08
2.290867652767775e-08,2.4974683891541433e-08
9.120108393559096e-08,2.4974683891541433e-08
1.5310874616820317e-07,2.4974683891541433e-08
3.868120546330525e-06,2.4974683891541433e-08
1.9611011754760494e-05,2.4974683891541433e-08
0.25348532167395377,2.4974683891541433e-08
0.38412242348532166,2.4974683891541433e-08
0.5064209868831979,2.4974683891541433e-08
0.7654715802623361,2.4974683891541433e-08
0.7838163647720174,2.4974683891541433e-08
0.902249999775,2.4974683891541433e-08
0.954249994575,2.4974683891541433e-08
5.82103217770871e-08,2.5409727055493062e-08
1.3803842646028836e-07,2.5409727055493062e-08
3.330427623087463e-07,2.5409727055493062e-08
0.000122320711904993,2.5409727055493062e-08
0.11339787632729544,2.5409727055493062e-08
0.23124921923797626,2.5409727055493062e-08
0.5269893816364772,2.5409727055493062e-08
0.9018749998125,2.5409727055493062e-08
8.222426499470712e-08,2.5852348395621886e-08
1.8945235143565913e-05,2.5852348395621886e-08
0.17843847595252968,2.5852348395621886e-08
0.6053716427232979,2.5852348395621886e-08
0.6876452217364147,2.5852348395621886e-08
0.7893753903810119,2.5852348395621886e-08
0.93649999635,2.5852348395621886e-08
0.9496249950375,2.5852348395621886e-08
1.6500610013202287e-08,2.6302679918953814e-08
3.0725573652674454e-08,2.6302679918953814e-08
1.1220184543019629e-07,2.6302679918953814e-08
1.983809656836503e-07,2.6302679918953814e-08
0.009495109992021983,2.6302679918953814e-08
0.0761524047470331,2.6302679918953814e-08
0.37022485946283573,2.6302679918953814e-08
0.6476202373516552,2.6302679918953814e-08
0.7549094316052467,2.6302679918953814e-08
0.8243972517176764,2.6302679918953814e-08
0.91549999845,2.6302679918953814e-08
0.9558749944125,2.6302679918953814e-08
0.9739999926,2.6302679918953814e-08
2.0300185198596843e-08,2.676085593199333e-08
3.4673685045253164e-08,2.676085593199333e-08
2.7861211686297724e-06,2.676085593199333e-08
3.651741272548377e-05,2.676085593199333e-08
0.008413951416451947,2.676085593199333e-08
0.6748594628357276,2.676085593199333e-08
0.8927732667083073,2.676085593199333e-08
0.9321249967875,2.676085593199333e-08
2.2516454167446182e-08,2.7227013080779097e-08
3.845917820453535e-08,2.7227013080779097e-08
9.772372209558111e-08,2.7227013080779097e-08
3.958220648357226e-07,2.7227013080779097e-08
0.008709635899560796,2.7227013080779097e-08
0.047245471580262335,2.7227013080779097e-08
0.13563397876327296,2.7227013080779097e-08
0.3240849469081824,2.7227013080779097e-08
0.4613928794503435,2.7227013080779097e-08
0.6620737039350406,2.7227013080779097e-08
0.909749999025,2.7227013080779097e-08
0.9201249979875,2.7227013080779097e-08
0.9318749968125,2.7227013080779097e-08
0.9701249929875,2.7227013080779097e-08
6.345999009812872e-08,2.7701290391637327e-08
1.557758034831602e-07,2.7701290391637327e-08
9.716279515771058e-07,2.7701290391637327e-08
7.3282453313890446e-06,2.7701290391637327e-08
2.968246743463243e-05,2.7701290391637327e-08
0.3496564647095565,2.7701290391637327e-08
0.9431249956875,2.7701290391637327e-08
0.9954999904499999,2.7701290391637327e-08
1.8302061063110566e-08,2.818382931264455e-08
4.4926232467029326e-08,2.818382931264455e-08
0.06836976889444098,2.818382931264455e-08
0.21512804497189256,2.818382931264455e-08
0.3563272954403498,2.818382931264455e-08
0.5731292941911306,2.818382931264455e-08
0.9193749980625,2.818382931264455e-08
0.9238749976125,2.818382931264455e-08
0.93449999655,2.818382931264455e-08
4.19275996684605e-08,2.8674773755813134e-08
1.9498445997580455e-07,2.8674773755813134e-08
0.0010592537251772874,2.8674773755813134e-08
0.004926063433495771,2.8674773755813134e-08
0.9581249941875,2.8674773755813134e-08
7.673614893618186e-08,2.917427014001166e-08
2.2777182418573218e-07,2.917427014001166e-08
0.008709635899560796,2.917427014001166e-08
0.1828856964397252,2.917427014001166e-08
0.40580262336039974,2.917427014001166e-08
0.694316052467208,2.917427014001166e-08
0.7632479700187382,2.917427014001166e-08
0.9116249988375,2.917427014001166e-08
0.9943749905625,2.917427014001166e-08
9.772372209558111e-08,2.9682467434632432e-08
0.00038238425365811225,2.9682467434632432e-08
0.002468880104906209,2.9682467434632432e-08
0.448051217988757,2.9682467434632432e-08
0.6837539038101187,2.9682467434632432e-08
0.7827045596502186,2.9682467434632432e-08
0.9048749995125001,2.9682467434632432e-08
0.919249998075,2.9682467434632432e-08
0.94749999525,2.9682467434632432e-08
0.9841249915875,2.9682467434632432e-08
0.995749990425,2.9682467434632432e-08
2.1752040340195247e-08,3.0199517204020194e-08
2.8510182675039097e-07,3.0199517204020194e-08
4.813932540001438e-05,3.0199517204020194e-08
0.0001333521432163324,3.0199517204020194e-08
0.06559025608994379,3.0199517204020194e-08
0.35188007495315426,3.0199517204020194e-08
0.39412866958151155,3.0199517204020194e-08
0.8866583385384135,3.0199517204020194e-08
0.940749995925,3.0199517204020194e-08
3.981071705534969e-08,3.0725573652674454e-08
2.3173946499684798e-07,3.0725573652674454e-08
4.597269885308718e-06,3.0725573652674454e-08
0.5731292941911306,3.0725573652674454e-08
0.9141249985875,3.0725573652674454e-08
0.920249997975,3.0725573652674454e-08
0.9796249920375,3.0725573652674454e-08
0.9937499906249999,3.0725573652674454e-08
2.4974683891541433e-08,3.126079367123955e-08
6.569011164762661e-08,3.126079367123955e-08
1.983809656836503e-07,3.126079367123955e-08
0.3340911930043723,3.126079367123955e-08
0.6604059962523423,3.126079367123955e-08
0.991249990875,3.126079367123955e-08
7.03882227936457e-08,3.180533688329517e-08
1.557758034831602e-07,3.180533688329517e-08
6.0603820052706595e-06,3.180533688329517e-08
0.002645452694724046,3.180533688329517e-08
0.671524047470331,3.180533688329517e-08
2.1013577690467466e-08,3.235936569296281e-08
3.780071373018108e-08,3.235936569296281e-08
8.810488730080147e-08,3.235936569296281e-08
3.273406948788379e-07,3.235936569296281e-08
1.3258671177605608e-06,3.235936569296281e-08
0.057807620237351656,3.235936569296281e-08
0.08004372267332917,3.235936569296281e-08
0.11117426608369768,3.235936569296281e-08
0.47473454091193,3.235936569296281e-08
0.9113749988625001,3.235936569296281e-08
2.7701290391637327e-08,3.292304533334066e-08
4.731512589614803e-08,3.292304533334066e-08
1.310690042366076e-07,3.292304533334066e-08
0.0013963683610559363,3.292304533334066e-08
0.45583385384134917,3.292304533334066e-08
0.7215552779512804,3.292304533334066e-08
0.7821486570893191,3.292304533334066e-08
0.9349999965,3.292304533334066e-08
0.957749994225,3.292304533334066e-08
2.5409727055493062e-08,3.3496543915782795e-08
5.82103217770871e-08,3.3496543915782795e-08
1.141563304618846e-07,3.3496543915782795e-08
3.162277660168379e-07,3.3496543915782795e-08
6.569011164762661e-05,3.3496543915782795e-08
0.002385063795465103,3.3496543915782795e-08
0.008709635899560796,3.3496543915782795e-08
0.5492254840724548,3.3496543915782795e-08
0.6843098063710181,3.3496543915782795e-08
0.7854840724547157,3.3496543915782795e-08
0.9111249988875,3.3496543915782795e-08
0.9188749981125001,3.3496543915782795e-08
0.9628749937125,3.3496543915782795e-08
2.330773115282636e-08,3.4080032480036476e-08
7.943282347242822e-08,3.4080032480036476e-08
1.7579236139586932e-07,3.4080032480036476e-08
0.8699812617114303,3.4080032480036476e-08
0.954249994575,3.4080032480036476e-08
0.9913749908624999,3.4080032480036476e-08
3.780071373018108e-08,3.4673685045253164e-08
0.5353279200499688,3.4673685045253164e-08
0.5742410993129294,3.4673685045253164e-08
2.1379620895022325e-08,3.527767866188742e-08
7.542233958475699e-08,3.527767866188742e-08
1.2882495516931322e-07,3.527767866188742e-08
2.0892961308540409e-07,3.527767866188742e-08
0.001325867117760558,3.527767866188742e-08
0.6681886321049344,3.527767866188742e-08
0.9516249948375,3.527767866188742e-08
1.8945235143565914e-08,3.5892193464500494e-08
6.569011164762661e-08,3.5892193464500494e-08
1.4044296835779474e-07,3.5892193464500494e-08
2.707073203921358e-07,3.5892193464500494e-08
1.445439770745928e-06,3.5892193464500494e-08
0.20123048094940663,3.5892193464500494e-08
0.3051842598376015,3.5892193464500494e-08
0.4274828232354778,3.5892193464500494e-08
0.47084322298563397,3.5892193464500494e-08
0.5831355402873204,3.5892193464500494e-08
0.7810368519675203,3.5892193464500494e-08
0.7954903185509057,3.5892193464500494e-08
0.9581249941875,3.5892193464500494e-08
2.917427014001166e-08,3.6517412725483767e-08
5.3394927357417665e-08,3.6517412725483767e-08
1.1220184543019629e-07,3.6517412725483767e-08
0.021673953778888193,3.6517412725483767e-08
0.24403497813866334,3.6517412725483767e-08
0.48807620237351657,3.6517412725483767e-08
0.729893816364772,3.6517412725483767e-08
0.9131249986875,3.6517412725483767e-08
2.330773115282636e-08,3.715352290971728e-08
3.6517412725483767e-08,3.715352290971728e-08
0.1906683322923173,3.715352290971728e-08
0.8766520924422236,3.715352290971728e-08
0.9938749906125,3.715352290971728e-08
2.1379620895022325e-08,3.780071373018108e-08
3.912911271268532e-08,3.780071373018108e-08
0.38690193628981884,3.780071373018108e-08
0.4052467207995003,3.780071373018108e-08
0.7093254216114928,3.780071373018108e-08
0.9069999993,3.780071373018108e-08
0.9889999910999999,3.780071373018108e-08
1.6788040181225588e-08,3.845917820453535e-08
2.6302679918953814e-08,3.845917820453535e-08
6.569011164762661e-08,3.845917820453535e-08
1.310690042366076e-07,3.845917820453535e-08
1.9386526359522056e-06,3.845917820453535e-08
0.053360399750156155,3.845917820453535e-08
0.30740787008119924,3.845917820453535e-08
0.3607745159275453,3.845917820453535e-08
3.3496543915782795e-08,3.912911271268532e-08
3.780071373018108e-08,3.981071705534969e-08
9.772372209558111e-08,3.981071705534969e-08
0.7760337289194253,3.981071705534969e-08
0.8460774515927545,3.981071705534969e-08
0.047245471580262335,4.050419451364931e-08
0.7827045596502186,4.050419451364931e-08
0.9193749980625,4.050419451364931e-08
0.9508749949124999,4.050419451364931e-08
0.9891249910875,4.050419451364931e-08
1.0839269140212038e-07,4.120975190973304e-08
0.0013963683610559363,4.120975190973304e-08
0.3024047470331043,4.120975190973304e-08
0.7482386008744535,4.120975190973304e-08
0.7715865084322299,4.120975190973304e-08
0.9651249934875,4.120975190973304e-08
1.6218100973589297e-08,4.19275996684605e-08
3.527767866188742e-08,4.19275996684605e-08
3.651741272548377e-05,4.19275996684605e-08
0.009172759353897783,4.19275996684605e-08
2.1379620895022325e-08,4.265795188015926e-08
5.721369546523268e-08,4.265795188015926e-08
0.9101249989875,4.265795188015926e-08
0.9153749984625,4.265795188015926e-08
2.6302679918953814e-08,4.340102636447441e-08
5.3394927357417665e-08,4.340102636447441e-08
8.810488730080147e-08,4.340102636447441e-08
8.511380382023758e-05,4.340102636447441e-08
0.0006998419960022732,4.340102636447441e-08
0.6426171143035603,4.340102636447441e-08
0.7821486570893191,4.340102636447441e-08
0.941749995825,4.340102636447441e-08
1.4876473740795032e-08,4.415704473533121e-08
2.371373705661655e-08,4.415704473533121e-08
3.780071373018108e-08,4.415704473533121e-08
1.0471285480508985e-07,4.415704473533121e-08
0.08838226108682073,4.415704473533121e-08
0.7749219237976265,4.415704473533121e-08
0.939749996025,4.415704473533121e-08
1.8945235143565914e-08,4.4926232467029326e-08
3.4080032480036476e-08,4.4926232467029326e-08
8.081649291125367e-08,4.4926232467029326e-08
1.557758034831602e-07,4.4926232467029326e-08
0.0761524047470331,4.4926232467029326e-08
3.0725573652674454e-08,4.570881896148752e-08
5.82103217770871e-08,4.570881896148752e-08
0.6876452217364147,4.570881896148752e-08
0.909249999075,4.570881896148752e-08
0.9876249912374999,4.570881896148752e-08
8.511380382023759e-08,4.650503761666067e-08
1.7278259805078629e-07,4.650503761666067e-08
0.002645452694724046,4.650503761666067e-08
0.45305434103685194,4.650503761666067e-08
2.7701290391637327e-08,4.731512589614803e-08
0.004004054683305463,4.731512589614803e-08
1.3883533099290457e-08,4.8139325400014485e-08
3.981071705534969e-08,4.8139325400014485e-08
1.479108388168207e-07,4.8139325400014485e-08
0.23069331667707682,4.8139325400014485e-08
0.57368519675203,4.8139325400014485e-08
0.9348749965125001,4.8139325400014485e-08
1.56675107010815e-08,4.897788193684456e-08
6.683439175686149e-08,4.897788193684456e-08
0.9076249992375001,4.897788193684456e-08
2.2130947096056366e-08,4.983104559705293e-08
4.897788193684456e-08,4.983104559705293e-08
0.3913491567770144,4.983104559705293e-08
0.6598500936914429,4.983104559705293e-08
0.7487945034353529,4.983104559705293e-08
2.676085593199333e-08,5.069907082747044e-08
4.570881896148752e-08,5.069907082747044e-08
1.8197008586099827e-07,5.069907082747044e-08
1.7680722177343178e-08,5.158221650723061e-08
0.43860087445346657,5.158221650723061e-08
3.292304533334066e-08,5.2480746024977225e-08
2.371373705661655e-08,5.3394927357417665e-08
5.721369546523268e-08,5.3394927357417665e-08
2.1752040340195247e-08,5.432503314924336e-08
5.069907082747044e-08,5.432503314924336e-08
1.851398894205272e-07,5.432503314924336e-08
3.3884415613920274e-07,5.432503314924336e-08
0.91149999885,5.432503314924336e-08
1e-08,5.527134079444345e-08
3.6517412725483767e-08,5.527134079444345e-08
0.45138663335415363,5.527134079444345e-08
0.9163749983625,5.527134079444345e-08
5.6234132519034905e-08,5.6234132519034905e-08
1.2232071190499325e-07,5.6234132519034905e-08
0.00016982436524617424,5.6234132519034905e-08
0.7382323547782635,5.6234132519034905e-08
0.9146249985375,5.6234132519034905e-08
2.7227013080779097e-08,5.721369546523268e-08
7.807284401379069e-08,5.721369546523268e-08
1.8197008586099827e-07,5.721369546523268e-08
2.1752040340195247e-08,5.82103217770871e-08
4.265795188015926e-08,5.82103217770871e-08
3.890451449942805e-07,5.82103217770871e-08
0.8927732667083073,5.82103217770871e-08
1.6218100973589297e-08,5.922430868761306e-08
0.7154403497813866,5.922430868761306e-08
2.7701290391637327e-08,6.025595860743581e-08
0.770474703310431,6.025595860743581e-08
0.7877076826983136,6.025595860743581e-08
0.93249999675,6.025595860743581e-08
2.1752040340195247e-08,6.130557921498202e-08
6.345999009812872e-08,6.130557921498202e-08
1.7080477200597077e-08,6.237348354824191e-08
0.2490381011867583,6.237348354824191e-08
0.9148749985125,6.237348354824191e-08
1.539926526059492e-08,6.345999009812872e-08
2.917427014001166e-08,6.345999009812872e-08
0.004365158322401657,6.345999009812872e-08
0.009332543007969905,6.345999009812872e-08
2.1752040340195247e-08,6.456542290346549e-08
3.981071705534969e-08,6.456542290346549e-08
1.56675107010815e-08,6.683439175686149e-08
2.917427014001166e-08,6.683439175686149e-08
0.002468880104906209,6.683439175686149e-08
0.9099999990000001,6.683439175686149e-08
1.9275249131909366e-08,6.799860450033216e-08
4.415704473533121e-08,6.799860450033216e-08
1.3567505302998625e-07,6.799860450033216e-08
2.39883291901949e-07,6.799860450033216e-08
4.050419451364931e-08,6.918309709189362e-08
0.00034474660657314907,6.918309709189362e-08
2.1013577690467466e-08,7.03882227936457e-08
8.963961859499494e-08,7.03882227936457e-08
0.4608369768894441,7.03882227936457e-08
2.8674773755813134e-08,7.161434102129027e-08
4.265795188015926e-08,7.286181745132274e-08
9.772372209558111e-08,7.286181745132274e-08
1.7080477200597077e-08,7.413102413009177e-08
3.235936569296281e-08,7.413102413009177e-08
2.1013577690467466e-08,7.542233958475699e-08
0.894996876951905,7.542233958475699e-08
1.8945235143565914e-08,7.673614893618186e-08
4.4926232467029326e-08,7.673614893618186e-08
2.1013577690467466e-08,7.943282347242822e-08
6.645076729077791e-07,7.943282347242822e-08
1.8302061063110566e-08,8.081649291125367e-08
5.6234132519034905e-08,8.081649291125367e-08
1.4288939585111036e-07,8.081649291125367e-08
0.22402248594628357,8.081649291125367e-08
0.9389999961,8.081649291125367e-08
1.0471285480508985e-07,8.222426499470712e-08
0.004216965034285822,8.222426499470712e-08
2.4974683891541433e-08,8.365655957558106e-08
7.413102413009177e-08,8.365655957558106e-08
1.4876473740795032e-08,8.511380382023759e-08
3.180533688329517e-08,8.511380382023759e-08
1.6500610013202287e-08,8.659643233600654e-08
4.4926232467029326e-08,8.659643233600654e-08
2.2130947096056366e-08,8.810488730080147e-08
6.683439175686149e-08,8.810488730080147e-08
2.4547089156850285e-08,8.963961859499494e-08
1.8302061063110566e-08,9.120108393559096e-08
3.5892193464500494e-08,9.120108393559096e-08
4.120975190973304e-08,9.278974901273317e-08
2.8674773755813134e-08,9.440608762859226e-08
5.069907082747044e-08,9.440608762859226e-08
8.365655957558106e-08,9.440608762859226e-08
1.9952623149688786e-08,9.605058183867304e-08
3.780071373018108e-08,9.605058183867304e-08
1.7988709151287873e-08,9.772372209558111e-08
8.365655957558106e-08,9.942600739529558e-08
2.330773115282636e-08,1.0115794542598982e-07
3.780071373018108e-08,1.0115794542598982e-07
0.9868749913125,1.0115794542598982e-07
2.1379620895022325e-08,1.0471285480508985e-07
4.897788193684456e-08,1.0471285480508985e-07
2.8674773755813134e-08,1.0653688636675629e-07
1.594042880712216e-08,1.0839269140212038e-07
2.2516454167446182e-08,1.102808233849553e-07
7.673614893618186e-08,1.102808233849553e-07
3.126079367123955e-08,1.1220184543019629e-07
5.069907082747044e-08,1.1220184543019629e-07
2.39883291901949e-07,1.1220184543019629e-07
1.9952623149688786e-08,1.141563304618846e-07
3.3496543915782795e-08,1.141563304618846e-07
1.584893192461114e-07,1.141563304618846e-07
2.330773115282636e-08,1.1614486138403415e-07
1.594042880712216e-08,1.1816803125447831e-07
2.330773115282636e-08,1.2022644346174132e-07
6.345999009812872e-08,1.2022644346174132e-07
1.539926526059492e-08,1.2661932675109442e-07
6.918309709189362e-08,1.2661932675109442e-07
3.780071373018108e-08,1.333521432163324e-07
2.7227013080779097e-08,1.3567505302998625e-07
3.981071705534969e-08,1.3803842646028836e-07
4.340102636447441e-08,1.5048735188025143e-07
2.676085593199333e-08,1.557758034831602e-07
1.8945235143565914e-08,1.584893192461114e-07
2.5852348395621886e-08,1.61250102733774e-07
5.922430868761306e-08,1.61250102733774e-07
2.0300185198596843e-08,1.6405897731995385e-07
2.0300185198596843e-08,1.6982436524617461e-07
1.7080477200597077e-08,1.983809656836503e-07
1.6500610013202287e-08,2.053525026457146e-07
3.3496543915782795e-08,2.053525026457146e-07
1.56675107010815e-08,2.1256903452171053e-07
3.4080032480036476e-08,2.1256903452171053e-07
8.365655957558106e-08,2.2777182418573218e-07
1.5135612484362072e-08,2.357762195961257e-07
1.56675107010815e-08,2.615170448138e-07
1.9611011754760496e-08,2.754228703338163e-07
2.7701290391637327e-08,2.951209226666384e-07
2.330773115282636e-08,3.108135902739473e-07
2.5409727055493062e-08,3.5075187395256796e-07
1.7680722177343178e-08,3.6940264435828336e-07
0.251261711430356,0.11951280449718925
0.2584884447220487,0.12006870705808868
0.2640474703310431,0.12062460961898812
0.2684946908182386,0.12118051217988757
0.27238600874453467,0.121736414740787
0.2762773266708307,0.12229231730168644
0.2796127420362274,0.12284821986258587
0.282948157401624,0.12340412242348531
0.28572767020612116,0.12396002498438476
0.28850718301061834,0.12451592754528419
0.29128669581511557,0.12507183010618364
0.29406620861961275,0.12562773266708308
0.2962898188632105,0.1261836352279825
0.2985134291068082,0.12673953778888195
0.300737039350406,0.12729544034978138
0.30296064959400376,0.12785134291068082
0.3051842598376015,0.12840724547158025
0.3068519675202998,0.12896314803247969
0.30907557776389755,0.12951905059337915
0.31074328544659585,0.13007495315427858
0.31296689569019365,0.13063085571517802
0.31463460337289195,0.13118675827607745
0.31630231105559026,0.1317426608369769
0.31797001873828856,0.13229856339787632
0.31963772642098687,0.13285446595877576
0.3213054341036852,0.1334103685196752
0.32297314178638353,0.13396627108057463
0.32464084946908184,0.1345221736414741
0.3257526545908807,0.13507807620237353
0.327420362273579,0.13563397876327296
0.3290880699562773,0.1361898813241724
0.3301998750780762,0.13674578388507183
0.3318675827607745,0.13730168644597127
0.3329793878825734,0.1378575890068707
0.3346470955652717,0.13841349156777014
0.3357589006870706,0.1389693941286696
0.33687070580886946,0.13952529668956903
0.33853841349156777,0.14008119925046847
0.33965021861336664,0.1406371018113679
0.3407620237351655,0.14119300437226734
0.3418738288569644,0.14174890693316677
0.34298563397876325,0.1423048094940662
0.3446533416614616,0.14286071205496564
0.3457651467832605,0.14341661461586508
0.34687695190505935,0.14397251717676451
0.3479887570268582,0.14452841973766398
0.3491005621486571,0.1450843222985634
0.35021236727045596,0.14564022485946285
0.35132417239225483,0.14619612742036228
0.35188007495315426,0.14675202998126172
0.35299188007495313,0.14730793254216115
0.354103685196752,0.1478638351030606
0.35521549031855093,0.14841973766396002
0.3563272954403498,0.14897564022485946
0.35688319800124924,0.1495315427857589
0.3579950031230481,0.15008744534665835
0.359106808244847,0.1506433479075578
0.3596627108057464,0.15119925046845722
0.3607745159275453,0.15175515302935666
0.36188632104934415,0.1523110555902561
0.3624422236102436,0.15286695815115553
0.36355402873204246,0.15342286071205496
0.3641099312929419,0.1539787632729544
0.36522173641474076,0.15453466583385383
0.3657776389756402,0.1550905683947533
0.3668894440974391,0.15564647095565273
0.36744534665833856,0.15620237351655217
0.3685571517801374,0.1567582760774516
0.36911305434103686,0.15731417863835104
0.3696689569019363,0.15787008119925047
0.37078076202373517,0.1584259837601499
0.3713366645846346,0.15898188632104934
0.37189256714553404,0.15953778888194878
0.3730043722673329,0.1600936914428482
0.37356027482823234,0.16064959400374768
0.3741161773891318,0.1612054965646471
0.3746720799500312,0.16176139912554655
0.37522798251093065,0.16231730168644598
0.3763397876327295,0.16287320424734542
0.376895690193629,0.16342910680824485
0.37745159275452844,0.16398500936914429
0.3780074953154279,0.16454091193004372
0.3785633978763273,0.16509681449094316
0.37911930043722675,0.1656527170518426
0.3796752029981262,0.16620861961274205
0.3802311055590256,0.1667645221736415
0.38078700811992505,0.16732042473454092
0.3813429106808245,0.16787632729544036
0.3818988132417239,0.1684322298563398
0.3830106183635228,0.16898813241723923
0.3830106183635228,0.16954403497813866
0.3835665209244222,0.1700999375390381
0.38412242348532166,0.17065584009993753
0.3846783260462211,0.17121174266083697
0.38523422860712053,0.17176764522173643
0.38579013116801997,0.17232354778263587
0.3863460337289194,0.1728794503435353
0.38690193628981884,0.17343535290443474
0.3874578388507183,0.17399125546533417
0.38801374141161776,0.1745471580262336
0.3885696439725172,0.17510306058713304
0.38912554653341663,0.17565896314803248
0.38912554653341663,0.1762148657089319
0.38968144909431607,0.17677076826983135
0.3902373516552155,0.1773266708307308
0.39079325421611494,0.17788257339163024
0.3913491567770144,0.17843847595252968
0.3913491567770144,0.17899437851342911
0.3919050593379138,0.17955028107432855
0.39246096189881324,0.18010618363522798
0.3930168644597127,0.18066208619612742
0.3930168644597127,0.18121798875702685
0.3935727670206121,0.1817738913179263
0.39412866958151155,0.18232979387882572
0.39412866958151155,0.1828856964397252
0.394684572142411,0.18344159900062462
0.3952404747033104,0.18399750156152406
0.39579637726420985,0.1845534041224235
0.39579637726420985,0.18510930668332293
0.3963522798251093,0.18566520924422236
0.3963522798251093,0.1862211118051218
0.3969081823860087,0.18677701436602123
0.39746408494690816,0.18733291692692067
0.39746408494690816,0.1878888194878201
0.3980199875078076,0.18844472204871957
0.3980199875078076,0.189000624609619
0.39857589006870703,0.18955652717051844
0.3991317926296065,0.19011242973141787
0.3991317926296065,0.1906683322923173
0.39968769519050595,0.19122423485321674
0.39968769519050595,0.19178013741411618
0.4002435977514054,0.1923360399750156
0.4002435977514054,0.19289194253591505
0.4007995003123048,0.1934478450968145
0.4007995003123048,0.19400374765771394
0.40135540287320426,0.19455965021861338
0.40135540287320426,0.1951155527795128
0.4019113054341037,0.19567145534041225
0.4019113054341037,0.19622735790131168
0.40246720799500313,0.19678326046221112
0.40246720799500313,0.19733916302311055
0.40302311055590256,0.19789506558401
0.40302311055590256,0.19845096814490942
0.403579013116802,0.19900687070580889
0.403579013116802,0.19956277326670832
0.403579013116802,0.20011867582760776
0.40413491567770143,0.2006745783885072
0.40413491567770143,0.20123048094940663
0.40469081823860087,0.20178638351030606
0.40469081823860087,0.2023422860712055
0.40469081823860087,0.20289818863210493
0.4052467207995003,0.20345409119300437
0.4052467207995003,0.2040099937539038
0.40580262336039974,0.20456589631480326
0.40580262336039974,0.2051217988757027
0.40580262336039974,0.20567770143660213
0.4063585259212992,0.20623360399750157
0.4063585259212992,0.206789506558401
0.4063585259212992,0.20734540911930044
0.4069144284821986,0.20790131168019987
0.4069144284821986,0.2084572142410993
0.4069144284821986,0.20901311680199874
0.4069144284821986,0.20956901936289818
0.40747033104309804,0.21012492192379764
0.40747033104309804,0.21068082448469708
0.40747033104309804,0.2112367270455965
0.4080262336039975,0.21179262960649595
0.4080262336039975,0.21234853216739538
0.4080262336039975,0.21290443472829482
0.4080262336039975,0.21346033728919425
0.4080262336039975,0.2140162398500937
0.4085821361648969,0.21457214241099312
0.4085821361648969,0.21512804497189256
0.4085821361648969,0.21568394753279202
0.4085821361648969,0.21623985009369145
0.40913803872579635,0.2167957526545909
0.40913803872579635,0.21735165521549032
0.40913803872579635,0.21790755777638976
0.40913803872579635,0.2184634603372892
0.40913803872579635,0.21901936289818863
0.40913803872579635,0.21957526545908806
0.40969394128669584,0.2201311680199875
0.40969394128669584,0.22068707058088693
0.40969394128669584,0.2212429731417864
0.40969394128669584,0.22179887570268583
0.40969394128669584,0.22235477826358527
0.40969394128669584,0.2229106808244847
0.40969394128669584,0.22346658338538414
0.4102498438475953,0.22402248594628357
0.4102498438475953,0.224578388507183
0.4102498438475953,0.22513429106808244
0.4102498438475953,0.22569019362898188
0.4102498438475953,0.22624609618988134
0.4102498438475953,0.22680199875078078
0.4102498438475953,0.2273579013116802
0.4102498438475953,0.22791380387257965
0.4102498438475953,0.22846970643347908
0.4102498438475953,0.22902560899437852
0.4102498438475953,0.22958151155527795
0.4108057464084947,0.23013741411617739
0.4108057464084947,0.23069331667707682
0.4108057464084947,0.23124921923797626
0.4108057464084947,0.23180512179887572
0.4108057464084947,0.23236102435977515
0.4108057464084947,0.2329169269206746
0.4108057464084947,0.23347282948157402
0.4108057464084947,0.23402873204247346
0.4108057464084947,0.2345846346033729
0.4108057464084947,0.23514053716427233
0.4108057464084947,0.23569643972517176
0.4108057464084947,0.2362523422860712
0.4108057464084947,0.23680824484697063
0.4108057464084947,0.2373641474078701
0.4108057464084947,0.23792004996876953
0.4108057464084947,0.23847595252966897
0.4108057464084947,0.2390318550905684
0.4108057464084947,0.23958775765146784
0.4102498438475953,0.24014366021236727
0.4102498438475953,0.2406995627732667
0.4102498438475953,0.24125546533416614
0.4102498438475953,0.24181136789506558
0.4102498438475953,0.242367270455965
0.4102498438475953,0.24292317301686447
0.4102498438475953,0.2434790755777639
0.4102498438475953,0.24403497813866334
0.4102498438475953,0.24459088069956278
0.4102498438475953,0.24514678326046221
0.4102498438475953,0.24570268582136165
0.4102498438475953,0.24625858838226108
0.40969394128669584,0.24681449094316052
0.40969394128669584,0.24737039350405995
0.40969394128669584,0.2479262960649594
0.40969394128669584,0.24848219862585885
0.40969394128669584,0.2490381011867583
0.40969394128669584,0.24959400374765772
0.40969394128669584,0.25014990630855716
0.40969394128669584,0.2507058088694566
0.40913803872579635,0.251261711430356
0.40913803872579635,0.25181761399125546
0.40913803872579635,0.2523735165521549
0.40913803872579635,0.25292941911305433
0.40913803872579635,0.25348532167395377
0.40913803872579635,0.2540412242348532
0.4085821361648969,0.25459712679575264
0.4085821361648969,0.2551530293566521
0.4085821361648969,0.2557089319175515
0.4085821361648969,0.25626483447845094
0.4085821361648969,0.2568207370393504
0.4080262336039975,0.2573766396002498
0.4080262336039975,0.25793254216114925
0.4080262336039975,0.2584884447220487
0.4080262336039975,0.2590443472829482
0.4080262336039975,0.2596002498438476
0.40747033104309804,0.26015615240474704
0.40747033104309804,0.2607120549656465
0.40747033104309804,0.2612679575265459
0.40747033104309804,0.26182386008744535
0.4069144284821986,0.2623797626483448
0.4069144284821986,0.2629356652092442
0.4069144284821986,0.26349156777014365
0.4069144284821986,0.2640474703310431
0.4063585259212992,0.2646033728919425
0.4063585259212992,0.26515927545284196
0.4063585259212992,0.2657151780137414
0.40580262336039974,0.26627108057464083
0.40580262336039974,0.26682698313554026
0.40580262336039974,0.26738288569643975
0.40580262336039974,0.2679387882573392
0.4052467207995003,0.2684946908182386
0.4052467207995003,0.26905059337913806
0.4052467207995003,0.2696064959400375
0.40469081823860087,0.27016239850093693
0.40469081823860087,0.27071830106183636
0.40469081823860087,0.2712742036227358
0.40413491567770143,0.27183010618363523
0.40413491567770143,0.27238600874453467
0.40413491567770143,0.2729419113054341
0.403579013116802,0.27349781386633354
0.403579013116802,0.274053716427233
0.403579013116802,0.2746096189881324
0.40302311055590256,0.27516552154903184
0.40302311055590256,0.2757214241099313
0.40302311055590256,0.2762773266708307
0.40246720799500313,0.27683322923173015
0.40246720799500313,0.2773891317926296
0.40246720799500313,0.277945034353529
0.4019113054341037,0.2785009369144285
0.4019113054341037,0.27905683947532794
0.40135540287320426,0.2796127420362274
0.40135540287320426,0.2801686445971268
0.40135540287320426,0.28072454715802625
0.4007995003123048,0.2812804497189257
0.4007995003123048,0.2818363522798251
0.4002435977514054,0.28239225484072455
0.4002435977514054,0.282948157401624
0.4002435977514054,0.2835040599625234
0.39968769519050595,0.28405996252342286
0.39968769519050595,0.2846158650843223
0.3991317926296065,0.28517176764522173
0.3991317926296065,0.28572767020612116
0.39857589006870703,0.2862835727670206
0.39857589006870703,0.28683947532792003
0.39857589006870703,0.28739537788881947
0.3980199875078076,0.2879512804497189
0.3980199875078076,0.28850718301061834
0.39746408494690816,0.2890630855715178
0.39746408494690816,0.28961898813241727
0.3969081823860087,0.2901748906933167
0.3969081823860087,0.29073079325421614
0.3963522798251093,0.29128669581511557
0.3963522798251093,0.291842598376015
0.39579637726420985,0.29239850093691444
0.39579637726420985,0.2929544034978139
0.3952404747033104,0.2935103060587133
0.3952404747033104,0.29406620861961275
0.394684572142411,0.2946221111805122
0.394684572142411,0.2951780137414116
0.39412866958151155,0.29573391630231105
0.39412866958151155,0.2962898188632105
0.3935727670206121,0.2968457214241099
0.3935727670206121,0.29740162398500936
0.3930168644597127,0.2979575265459088
0.3930168644597127,0.2985134291068082
0.39246096189881324,0.29906933166770766
0.39246096189881324,0.2996252342286071
0.3919050593379138,0.3001811367895066
0.3919050593379138,0.300737039350406
0.3913491567770144,0.30129294191130546
0.39079325421611494,0.3018488444722049
0.39079325421611494,0.3024047470331043
0.3902373516552155,0.30296064959400376
0.3902373516552155,0.3035165521549032
0.38968144909431607,0.30407245471580263
0.38968144909431607,0.30462835727670207
0.38912554653341663,0.3051842598376015
0.3885696439725172,0.30574016239850094
0.3885696439725172,0.30629606495940037
0.38801374141161776,0.3068519675202998
0.38801374141161776,0.30740787008119924
0.3874578388507183,0.3079637726420987
0.38690193628981884,0.3085196752029981
0.38690193628981884,0.30907557776389755
0.3863460337289194,0.309631480324797
0.3863460337289194,0.3101873828856964
0.38579013116801997,0.31074328544659585
0.38523422860712053,0.31129918800749534
0.38523422860712053,0.3118550905683948
0.3846783260462211,0.3124109931292942
0.38412242348532166,0.31296689569019365
0.38412242348532166,0.3135227982510931
0.3835665209244222,0.3140787008119925
0.3830106183635228,0.31463460337289195
0.3830106183635228,0.3151905059337914
0.38245471580262336,0.3157464084946908
0.3818988132417239,0.31630231105559026
0.3818988132417239,0.3168582136164897
0.3813429106808245,0.3174141161773891
0.38078700811992505,0.31797001873828856
0.38078700811992505,0.318525921299188
0.3802311055590256,0.31908182386008743
0.3796752029981262,0.31963772642098687
0.3796752029981262,0.3201936289818863
0.37911930043722675,0.32074953154278574
0.3785633978763273,0.3213054341036852
0.3785633978763273,0.3218613366645846
0.3780074953154279,0.3224172392254841
0.37745159275452844,0.32297314178638353
0.376895690193629,0.32352904434728297
0.376895690193629,0.3240849469081824
0.3763397876327295,0.32464084946908184
0.3757838850718301,0.3251967520299813
0.37522798251093065,0.3257526545908807
0.37522798251093065,0.32630855715178014
0.3746720799500312,0.3268644597126796
0.3741161773891318,0.327420362273579
0.37356027482823234,0.32797626483447845
0.37356027482823234,0.3285321673953779
0.3730043722673329,0.3290880699562773
0.37244846970643347,0.32964397251717675
0.37189256714553404,0.3301998750780762
0.37189256714553404,0.3307557776389756
0.3713366645846346,0.33131168019987506
0.37078076202373517,0.3318675827607745
0.37022485946283573,0.33242348532167393
0.3696689569019363,0.3329793878825734
0.3696689569019363,0.33353529044347285
0.36911305434103686,0.3340911930043723
0.3685571517801374,0.3346470955652717
0.368001249219238,0.33520299812617116
0.36744534665833856,0.3357589006870706
0.3668894440974391,0.33631480324797003
0.3668894440974391,0.33687070580886946
0.3663335415365397,0.3374266083697689
0.3657776389756402,0.33798251093066833
0.36522173641474076,0.33853841349156777
0.3646658338538413,0.3390943160524672
0.3641099312929419,0.33965021861336664
0.36355402873204246,0.3402061211742661
0.36355402873204246,0.3407620237351655
0.362998126171143,0.34131792629606494
0.3624422236102436,0.3418738288569644
0.36188632104934415,0.3424297314178638
0.3613304184884447,0.34298563397876325
0.3607745159275453,0.3435415365396627
0.36021861336664585,0.3440974391005622
0.3596627108057464,0.3446533416614616
0.359106808244847,0.34520924422236104
0.35855090568394754,0.3457651467832605
0.3579950031230481,0.3463210493441599
0.3579950031230481,0.34687695190505935
0.35743910056214867,0.3474328544659588
0.35688319800124924,0.3479887570268582
0.3563272954403498,0.34854465958775765
0.35577139287945037,0.3491005621486571
0.35521549031855093,0.3496564647095565
0.35465958775765144,0.35021236727045596
0.354103685196752,0.3507682698313554
0.35354778263585257,0.35132417239225483
0.35299188007495313,0.35188007495315426
0.3524359775140537,0.3524359775140537
0.35188007495315426,0.35299188007495313
0.35132417239225483,0.35354778263585257
0.3507682698313554,0.354103685196752
0.35021236727045596,0.35465958775765144
0.3496564647095565,0.35521549031855093
0.3491005621486571,0.35577139287945037
0.34854465958775765,0.3563272954403498
0.3479887570268582,0.35688319800124924
0.3474328544659588,0.35743910056214867
0.3463210493441599,0.3579950031230481
0.3457651467832605,0.35855090568394754
0.34520924422236104,0.359106808244847
0.3446533416614616,0.3596627108057464
0.3440974391005622,0.36021861336664585
0.3435415365396627,0.3607745159275453
0.34298563397876325,0.3613304184884447
0.3424297314178638,0.36188632104934415
0.3418738288569644,0.3624422236102436
0.34131792629606494,0.362998126171143
0.3402061211742661,0.36355402873204246
0.33965021861336664,0.3641099312929419
0.3390943160524672,0.3646658338538413
0.33853841349156777,0.36522173641474076
0.33798251093066833,0.3657776389756402
0.3374266083697689,0.3663335415365397
0.33631480324797003,0.3668894440974391
0.3357589006870706,0.36744534665833856
0.33520299812617116,0.368001249219238
0.3346470955652717,0.3685571517801374
0.3340911930043723,0.36911305434103686
0.3329793878825734,0.3696689569019363
0.33242348532167393,0.37022485946283573
0.3318675827607745,0.37078076202373517
0.33131168019987506,0.3713366645846346
0.3301998750780762,0.37189256714553404
0.32964397251717675,0.37244846970643347
0.3290880699562773,0.3730043722673329
0.32797626483447845,0.37356027482823234
0.327420362273579,0.3741161773891318
0.3268644597126796,0.3746720799500312
0.3257526545908807,0.37522798251093065
0.3251967520299813,0.3757838850718301
0.32464084946908184,0.3763397876327295
0.32352904434728297,0.376895690193629
0.32297314178638353,0.37745159275452844
0.3224172392254841,0.3780074953154279
0.3213054341036852,0.3785633978763273
0.32074953154278574,0.37911930043722675
0.31963772642098687,0.3796752029981262
0.31908182386008743,0.3802311055590256
0.31797001873828856,0.38078700811992505
0.3174141161773891,0.3813429106808245
0.31630231105559026,0.3818988132417239
0.3157464084946908,0.38245471580262336
0.31463460337289195,0.3830106183635228
0.3140787008119925,0.3835665209244222
0.31296689569019365,0.38412242348532166
0.3124109931292942,0.3846783260462211
0.31129918800749534,0.38523422860712053
0.31074328544659585,0.38579013116801997
0.309631480324797,0.3863460337289194
0.3085196752029981,0.38690193628981884
0.3079637726420987,0.3874578388507183
0.3068519675202998,0.38801374141161776
0.30574016239850094,0.3885696439725172
0.3051842598376015,0.38912554653341663
0.30407245471580263,0.38968144909431607
0.30296064959400376,0.3902373516552155
0.3018488444722049,0.39079325421611494
0.30129294191130546,0.3913491567770144
0.3001811367895066,0.3919050593379138
0.29906933166770766,0.39246096189881324
0.2979575265459088,0.3930168644597127
0.2968457214241099,0.3935727670206121
0.29573391630231105,0.39412866958151155
0.2946221111805122,0.394684572142411
0.2935103060587133,0.3952404747033104
0.29239850093691444,0.39579637726420985
0.29128669581511557,0.3963522798251093
0.2901748906933167,0.3969081823860087
0.2890630855715178,0.39746408494690816
0.2879512804497189,0.3980199875078076
0.2862835727670206,0.39857589006870703
0.28517176764522173,0.3991317926296065
0.28405996252342286,0.39968769519050595
0.28239225484072455,0.4002435977514054
0.2812804497189257,0.4007995003123048
0.2796127420362274,0.40135540287320426
0.2785009369144285,0.4019113054341037
0.27683322923173015,0.40246720799500313
0.27516552154903184,0.40302311055590256
0.27349781386633354,0.403579013116802
0.27183010618363523,0.40413491567770143
0.27016239850093693,0.40469081823860087
0.2684946908182386,0.4052467207995003
0.26627108057464083,0.40580262336039974
0.2646033728919425,0.4063585259212992
0.2623797626483448,0.4069144284821986
0.26015615240474704,0.40747033104309804
0.2573766396002498,0.4080262336039975
0.25459712679575264,0.4085821361648969
0.251261711430356,0.40913803872579635
0.24681449094316052,0.40969394128669584
